ID1	ID2	kinship
1	1001	0.5
2	1001	0.5
1	1002	0.5
2	1002	0.5
1001	1002	0.5
1	1003	0.5
2	1003	0.5
1001	1003	0.5
1002	1003	0.5
6	1004	0.5
7	1004	0.5
6	1005	0.5
7	1005	0.5
1004	1005	0.5
6	1006	0.5
7	1006	0.5
1004	1006	0.5
1005	1006	0.5
11	1007	0.5
12	1007	0.5
11	1008	0.5
12	1008	0.5
1007	1008	0.5
11	1009	0.5
12	1009	0.5
1007	1009	0.5
1008	1009	0.5
16	1010	0.5
17	1010	0.5
16	1011	0.5
17	1011	0.5
1010	1011	0.5
16	1012	0.5
17	1012	0.5
1010	1012	0.5
1011	1012	0.5
21	1013	0.5
22	1013	0.5
21	1014	0.5
22	1014	0.5
1013	1014	0.5
21	1015	0.5
22	1015	0.5
1013	1015	0.5
1014	1015	0.5
26	1016	0.5
27	1016	0.5
26	1017	0.5
27	1017	0.5
1016	1017	0.5
26	1018	0.5
27	1018	0.5
1016	1018	0.5
1017	1018	0.5
31	1019	0.5
32	1019	0.5
31	1020	0.5
32	1020	0.5
1019	1020	0.5
31	1021	0.5
32	1021	0.5
1019	1021	0.5
1020	1021	0.5
36	1022	0.5
37	1022	0.5
36	1023	0.5
37	1023	0.5
1022	1023	0.5
36	1024	0.5
37	1024	0.5
1022	1024	0.5
1023	1024	0.5
41	1025	0.5
42	1025	0.5
41	1026	0.5
42	1026	0.5
1025	1026	0.5
41	1027	0.5
42	1027	0.5
1025	1027	0.5
1026	1027	0.5
46	1028	0.5
47	1028	0.5
46	1029	0.5
47	1029	0.5
1028	1029	0.5
46	1030	0.5
47	1030	0.5
1028	1030	0.5
1029	1030	0.5
51	1031	0.5
52	1031	0.5
51	1032	0.5
52	1032	0.5
1031	1032	0.5
51	1033	0.5
52	1033	0.5
1031	1033	0.5
1032	1033	0.5
56	1034	0.5
57	1034	0.5
56	1035	0.5
57	1035	0.5
1034	1035	0.5
56	1036	0.5
57	1036	0.5
1034	1036	0.5
1035	1036	0.5
61	1037	0.5
62	1037	0.5
61	1038	0.5
62	1038	0.5
1037	1038	0.5
61	1039	0.5
62	1039	0.5
1037	1039	0.5
1038	1039	0.5
66	1040	0.5
67	1040	0.5
66	1041	0.5
67	1041	0.5
1040	1041	0.5
66	1042	0.5
67	1042	0.5
1040	1042	0.5
1041	1042	0.5
71	1043	0.5
72	1043	0.5
71	1044	0.5
72	1044	0.5
1043	1044	0.5
71	1045	0.5
72	1045	0.5
1043	1045	0.5
1044	1045	0.5
76	1046	0.5
77	1046	0.5
76	1047	0.5
77	1047	0.5
1046	1047	0.5
76	1048	0.5
77	1048	0.5
1046	1048	0.5
1047	1048	0.5
81	1049	0.5
82	1049	0.5
81	1050	0.5
82	1050	0.5
1049	1050	0.5
81	1051	0.5
82	1051	0.5
1049	1051	0.5
1050	1051	0.5
86	1052	0.5
87	1052	0.5
86	1053	0.5
87	1053	0.5
1052	1053	0.5
86	1054	0.5
87	1054	0.5
1052	1054	0.5
1053	1054	0.5
91	1055	0.5
92	1055	0.5
91	1056	0.5
92	1056	0.5
1055	1056	0.5
91	1057	0.5
92	1057	0.5
1055	1057	0.5
1056	1057	0.5
96	1058	0.5
97	1058	0.5
96	1059	0.5
97	1059	0.5
1058	1059	0.5
96	1060	0.5
97	1060	0.5
1058	1060	0.5
1059	1060	0.5
101	1061	0.5
102	1061	0.5
101	1062	0.5
102	1062	0.5
1061	1062	0.5
101	1063	0.5
102	1063	0.5
1061	1063	0.5
1062	1063	0.5
106	1064	0.5
107	1064	0.5
106	1065	0.5
107	1065	0.5
1064	1065	0.5
106	1066	0.5
107	1066	0.5
1064	1066	0.5
1065	1066	0.5
111	1067	0.5
112	1067	0.5
111	1068	0.5
112	1068	0.5
1067	1068	0.5
111	1069	0.5
112	1069	0.5
1067	1069	0.5
1068	1069	0.5
116	1070	0.5
117	1070	0.5
116	1071	0.5
117	1071	0.5
1070	1071	0.5
116	1072	0.5
117	1072	0.5
1070	1072	0.5
1071	1072	0.5
121	1073	0.5
122	1073	0.5
121	1074	0.5
122	1074	0.5
1073	1074	0.5
121	1075	0.5
122	1075	0.5
1073	1075	0.5
1074	1075	0.5
126	1076	0.5
127	1076	0.5
126	1077	0.5
127	1077	0.5
1076	1077	0.5
126	1078	0.5
127	1078	0.5
1076	1078	0.5
1077	1078	0.5
131	1079	0.5
132	1079	0.5
131	1080	0.5
132	1080	0.5
1079	1080	0.5
131	1081	0.5
132	1081	0.5
1079	1081	0.5
1080	1081	0.5
136	1082	0.5
137	1082	0.5
136	1083	0.5
137	1083	0.5
1082	1083	0.5
136	1084	0.5
137	1084	0.5
1082	1084	0.5
1083	1084	0.5
141	1085	0.5
142	1085	0.5
141	1086	0.5
142	1086	0.5
1085	1086	0.5
141	1087	0.5
142	1087	0.5
1085	1087	0.5
1086	1087	0.5
146	1088	0.5
147	1088	0.5
146	1089	0.5
147	1089	0.5
1088	1089	0.5
146	1090	0.5
147	1090	0.5
1088	1090	0.5
1089	1090	0.5
151	1091	0.5
152	1091	0.5
151	1092	0.5
152	1092	0.5
1091	1092	0.5
151	1093	0.5
152	1093	0.5
1091	1093	0.5
1092	1093	0.5
156	1094	0.5
157	1094	0.5
156	1095	0.5
157	1095	0.5
1094	1095	0.5
156	1096	0.5
157	1096	0.5
1094	1096	0.5
1095	1096	0.5
161	1097	0.5
162	1097	0.5
161	1098	0.5
162	1098	0.5
1097	1098	0.5
161	1099	0.5
162	1099	0.5
1097	1099	0.5
1098	1099	0.5
166	1100	0.5
167	1100	0.5
166	1101	0.5
167	1101	0.5
1100	1101	0.5
166	1102	0.5
167	1102	0.5
1100	1102	0.5
1101	1102	0.5
171	1103	0.5
172	1103	0.5
171	1104	0.5
172	1104	0.5
1103	1104	0.5
171	1105	0.5
172	1105	0.5
1103	1105	0.5
1104	1105	0.5
176	1106	0.5
177	1106	0.5
176	1107	0.5
177	1107	0.5
1106	1107	0.5
176	1108	0.5
177	1108	0.5
1106	1108	0.5
1107	1108	0.5
181	1109	0.5
182	1109	0.5
181	1110	0.5
182	1110	0.5
1109	1110	0.5
181	1111	0.5
182	1111	0.5
1109	1111	0.5
1110	1111	0.5
186	1112	0.5
187	1112	0.5
186	1113	0.5
187	1113	0.5
1112	1113	0.5
186	1114	0.5
187	1114	0.5
1112	1114	0.5
1113	1114	0.5
191	1115	0.5
192	1115	0.5
191	1116	0.5
192	1116	0.5
1115	1116	0.5
191	1117	0.5
192	1117	0.5
1115	1117	0.5
1116	1117	0.5
196	1118	0.5
197	1118	0.5
196	1119	0.5
197	1119	0.5
1118	1119	0.5
196	1120	0.5
197	1120	0.5
1118	1120	0.5
1119	1120	0.5
201	1121	0.5
202	1121	0.5
201	1122	0.5
202	1122	0.5
1121	1122	0.5
201	1123	0.5
202	1123	0.5
1121	1123	0.5
1122	1123	0.5
206	1124	0.5
207	1124	0.5
206	1125	0.5
207	1125	0.5
1124	1125	0.5
206	1126	0.5
207	1126	0.5
1124	1126	0.5
1125	1126	0.5
211	1127	0.5
212	1127	0.5
211	1128	0.5
212	1128	0.5
1127	1128	0.5
211	1129	0.5
212	1129	0.5
1127	1129	0.5
1128	1129	0.5
216	1130	0.5
217	1130	0.5
216	1131	0.5
217	1131	0.5
1130	1131	0.5
216	1132	0.5
217	1132	0.5
1130	1132	0.5
1131	1132	0.5
221	1133	0.5
222	1133	0.5
221	1134	0.5
222	1134	0.5
1133	1134	0.5
221	1135	0.5
222	1135	0.5
1133	1135	0.5
1134	1135	0.5
226	1136	0.5
227	1136	0.5
226	1137	0.5
227	1137	0.5
1136	1137	0.5
226	1138	0.5
227	1138	0.5
1136	1138	0.5
1137	1138	0.5
231	1139	0.5
232	1139	0.5
231	1140	0.5
232	1140	0.5
1139	1140	0.5
231	1141	0.5
232	1141	0.5
1139	1141	0.5
1140	1141	0.5
236	1142	0.5
237	1142	0.5
236	1143	0.5
237	1143	0.5
1142	1143	0.5
236	1144	0.5
237	1144	0.5
1142	1144	0.5
1143	1144	0.5
241	1145	0.5
242	1145	0.5
241	1146	0.5
242	1146	0.5
1145	1146	0.5
241	1147	0.5
242	1147	0.5
1145	1147	0.5
1146	1147	0.5
246	1148	0.5
247	1148	0.5
246	1149	0.5
247	1149	0.5
1148	1149	0.5
246	1150	0.5
247	1150	0.5
1148	1150	0.5
1149	1150	0.5
251	1151	0.5
252	1151	0.5
251	1152	0.5
252	1152	0.5
1151	1152	0.5
251	1153	0.5
252	1153	0.5
1151	1153	0.5
1152	1153	0.5
256	1154	0.5
257	1154	0.5
256	1155	0.5
257	1155	0.5
1154	1155	0.5
256	1156	0.5
257	1156	0.5
1154	1156	0.5
1155	1156	0.5
261	1157	0.5
262	1157	0.5
261	1158	0.5
262	1158	0.5
1157	1158	0.5
261	1159	0.5
262	1159	0.5
1157	1159	0.5
1158	1159	0.5
266	1160	0.5
267	1160	0.5
266	1161	0.5
267	1161	0.5
1160	1161	0.5
266	1162	0.5
267	1162	0.5
1160	1162	0.5
1161	1162	0.5
271	1163	0.5
272	1163	0.5
271	1164	0.5
272	1164	0.5
1163	1164	0.5
271	1165	0.5
272	1165	0.5
1163	1165	0.5
1164	1165	0.5
276	1166	0.5
277	1166	0.5
276	1167	0.5
277	1167	0.5
1166	1167	0.5
276	1168	0.5
277	1168	0.5
1166	1168	0.5
1167	1168	0.5
281	1169	0.5
282	1169	0.5
281	1170	0.5
282	1170	0.5
1169	1170	0.5
281	1171	0.5
282	1171	0.5
1169	1171	0.5
1170	1171	0.5
286	1172	0.5
287	1172	0.5
286	1173	0.5
287	1173	0.5
1172	1173	0.5
286	1174	0.5
287	1174	0.5
1172	1174	0.5
1173	1174	0.5
291	1175	0.5
292	1175	0.5
291	1176	0.5
292	1176	0.5
1175	1176	0.5
291	1177	0.5
292	1177	0.5
1175	1177	0.5
1176	1177	0.5
296	1178	0.5
297	1178	0.5
296	1179	0.5
297	1179	0.5
1178	1179	0.5
296	1180	0.5
297	1180	0.5
1178	1180	0.5
1179	1180	0.5
301	1181	0.5
302	1181	0.5
301	1182	0.5
302	1182	0.5
1181	1182	0.5
301	1183	0.5
302	1183	0.5
1181	1183	0.5
1182	1183	0.5
306	1184	0.5
307	1184	0.5
306	1185	0.5
307	1185	0.5
1184	1185	0.5
306	1186	0.5
307	1186	0.5
1184	1186	0.5
1185	1186	0.5
311	1187	0.5
312	1187	0.5
311	1188	0.5
312	1188	0.5
1187	1188	0.5
311	1189	0.5
312	1189	0.5
1187	1189	0.5
1188	1189	0.5
316	1190	0.5
317	1190	0.5
316	1191	0.5
317	1191	0.5
1190	1191	0.5
316	1192	0.5
317	1192	0.5
1190	1192	0.5
1191	1192	0.5
321	1193	0.5
322	1193	0.5
321	1194	0.5
322	1194	0.5
1193	1194	0.5
321	1195	0.5
322	1195	0.5
1193	1195	0.5
1194	1195	0.5
326	1196	0.5
327	1196	0.5
326	1197	0.5
327	1197	0.5
1196	1197	0.5
326	1198	0.5
327	1198	0.5
1196	1198	0.5
1197	1198	0.5
331	1199	0.5
332	1199	0.5
331	1200	0.5
332	1200	0.5
1199	1200	0.5
331	1201	0.5
332	1201	0.5
1199	1201	0.5
1200	1201	0.5
336	1202	0.5
337	1202	0.5
336	1203	0.5
337	1203	0.5
1202	1203	0.5
336	1204	0.5
337	1204	0.5
1202	1204	0.5
1203	1204	0.5
341	1205	0.5
342	1205	0.5
341	1206	0.5
342	1206	0.5
1205	1206	0.5
341	1207	0.5
342	1207	0.5
1205	1207	0.5
1206	1207	0.5
346	1208	0.5
347	1208	0.5
346	1209	0.5
347	1209	0.5
1208	1209	0.5
346	1210	0.5
347	1210	0.5
1208	1210	0.5
1209	1210	0.5
351	1211	0.5
352	1211	0.5
351	1212	0.5
352	1212	0.5
1211	1212	0.5
351	1213	0.5
352	1213	0.5
1211	1213	0.5
1212	1213	0.5
356	1214	0.5
357	1214	0.5
356	1215	0.5
357	1215	0.5
1214	1215	0.5
356	1216	0.5
357	1216	0.5
1214	1216	0.5
1215	1216	0.5
361	1217	0.5
362	1217	0.5
361	1218	0.5
362	1218	0.5
1217	1218	0.5
361	1219	0.5
362	1219	0.5
1217	1219	0.5
1218	1219	0.5
366	1220	0.5
367	1220	0.5
366	1221	0.5
367	1221	0.5
1220	1221	0.5
366	1222	0.5
367	1222	0.5
1220	1222	0.5
1221	1222	0.5
371	1223	0.5
372	1223	0.5
371	1224	0.5
372	1224	0.5
1223	1224	0.5
371	1225	0.5
372	1225	0.5
1223	1225	0.5
1224	1225	0.5
376	1226	0.5
377	1226	0.5
376	1227	0.5
377	1227	0.5
1226	1227	0.5
376	1228	0.5
377	1228	0.5
1226	1228	0.5
1227	1228	0.5
381	1229	0.5
382	1229	0.5
381	1230	0.5
382	1230	0.5
1229	1230	0.5
381	1231	0.5
382	1231	0.5
1229	1231	0.5
1230	1231	0.5
386	1232	0.5
387	1232	0.5
386	1233	0.5
387	1233	0.5
1232	1233	0.5
386	1234	0.5
387	1234	0.5
1232	1234	0.5
1233	1234	0.5
391	1235	0.5
392	1235	0.5
391	1236	0.5
392	1236	0.5
1235	1236	0.5
391	1237	0.5
392	1237	0.5
1235	1237	0.5
1236	1237	0.5
396	1238	0.5
397	1238	0.5
396	1239	0.5
397	1239	0.5
1238	1239	0.5
396	1240	0.5
397	1240	0.5
1238	1240	0.5
1239	1240	0.5
401	1241	0.5
402	1241	0.5
401	1242	0.5
402	1242	0.5
1241	1242	0.5
401	1243	0.5
402	1243	0.5
1241	1243	0.5
1242	1243	0.5
406	1244	0.5
407	1244	0.5
406	1245	0.5
407	1245	0.5
1244	1245	0.5
406	1246	0.5
407	1246	0.5
1244	1246	0.5
1245	1246	0.5
411	1247	0.5
412	1247	0.5
411	1248	0.5
412	1248	0.5
1247	1248	0.5
411	1249	0.5
412	1249	0.5
1247	1249	0.5
1248	1249	0.5
416	1250	0.5
417	1250	0.5
416	1251	0.5
417	1251	0.5
1250	1251	0.5
416	1252	0.5
417	1252	0.5
1250	1252	0.5
1251	1252	0.5
421	1253	0.5
422	1253	0.5
421	1254	0.5
422	1254	0.5
1253	1254	0.5
421	1255	0.5
422	1255	0.5
1253	1255	0.5
1254	1255	0.5
426	1256	0.5
427	1256	0.5
426	1257	0.5
427	1257	0.5
1256	1257	0.5
426	1258	0.5
427	1258	0.5
1256	1258	0.5
1257	1258	0.5
431	1259	0.5
432	1259	0.5
431	1260	0.5
432	1260	0.5
1259	1260	0.5
431	1261	0.5
432	1261	0.5
1259	1261	0.5
1260	1261	0.5
436	1262	0.5
437	1262	0.5
436	1263	0.5
437	1263	0.5
1262	1263	0.5
436	1264	0.5
437	1264	0.5
1262	1264	0.5
1263	1264	0.5
441	1265	0.5
442	1265	0.5
441	1266	0.5
442	1266	0.5
1265	1266	0.5
441	1267	0.5
442	1267	0.5
1265	1267	0.5
1266	1267	0.5
446	1268	0.5
447	1268	0.5
446	1269	0.5
447	1269	0.5
1268	1269	0.5
446	1270	0.5
447	1270	0.5
1268	1270	0.5
1269	1270	0.5
451	1271	0.5
452	1271	0.5
451	1272	0.5
452	1272	0.5
1271	1272	0.5
451	1273	0.5
452	1273	0.5
1271	1273	0.5
1272	1273	0.5
456	1274	0.5
457	1274	0.5
456	1275	0.5
457	1275	0.5
1274	1275	0.5
456	1276	0.5
457	1276	0.5
1274	1276	0.5
1275	1276	0.5
461	1277	0.5
462	1277	0.5
461	1278	0.5
462	1278	0.5
1277	1278	0.5
461	1279	0.5
462	1279	0.5
1277	1279	0.5
1278	1279	0.5
466	1280	0.5
467	1280	0.5
466	1281	0.5
467	1281	0.5
1280	1281	0.5
466	1282	0.5
467	1282	0.5
1280	1282	0.5
1281	1282	0.5
471	1283	0.5
472	1283	0.5
471	1284	0.5
472	1284	0.5
1283	1284	0.5
471	1285	0.5
472	1285	0.5
1283	1285	0.5
1284	1285	0.5
476	1286	0.5
477	1286	0.5
476	1287	0.5
477	1287	0.5
1286	1287	0.5
476	1288	0.5
477	1288	0.5
1286	1288	0.5
1287	1288	0.5
481	1289	0.5
482	1289	0.5
481	1290	0.5
482	1290	0.5
1289	1290	0.5
481	1291	0.5
482	1291	0.5
1289	1291	0.5
1290	1291	0.5
486	1292	0.5
487	1292	0.5
486	1293	0.5
487	1293	0.5
1292	1293	0.5
486	1294	0.5
487	1294	0.5
1292	1294	0.5
1293	1294	0.5
491	1295	0.5
492	1295	0.5
491	1296	0.5
492	1296	0.5
1295	1296	0.5
491	1297	0.5
492	1297	0.5
1295	1297	0.5
1296	1297	0.5
496	1298	0.5
497	1298	0.5
496	1299	0.5
497	1299	0.5
1298	1299	0.5
496	1300	0.5
497	1300	0.5
1298	1300	0.5
1299	1300	0.5
501	1301	0.5
502	1301	0.5
501	1302	0.5
502	1302	0.5
1301	1302	0.5
501	1303	0.5
502	1303	0.5
1301	1303	0.5
1302	1303	0.5
506	1304	0.5
507	1304	0.5
506	1305	0.5
507	1305	0.5
1304	1305	0.5
506	1306	0.5
507	1306	0.5
1304	1306	0.5
1305	1306	0.5
511	1307	0.5
512	1307	0.5
511	1308	0.5
512	1308	0.5
1307	1308	0.5
511	1309	0.5
512	1309	0.5
1307	1309	0.5
1308	1309	0.5
516	1310	0.5
517	1310	0.5
516	1311	0.5
517	1311	0.5
1310	1311	0.5
516	1312	0.5
517	1312	0.5
1310	1312	0.5
1311	1312	0.5
521	1313	0.5
522	1313	0.5
521	1314	0.5
522	1314	0.5
1313	1314	0.5
521	1315	0.5
522	1315	0.5
1313	1315	0.5
1314	1315	0.5
526	1316	0.5
527	1316	0.5
526	1317	0.5
527	1317	0.5
1316	1317	0.5
526	1318	0.5
527	1318	0.5
1316	1318	0.5
1317	1318	0.5
531	1319	0.5
532	1319	0.5
531	1320	0.5
532	1320	0.5
1319	1320	0.5
531	1321	0.5
532	1321	0.5
1319	1321	0.5
1320	1321	0.5
536	1322	0.5
537	1322	0.5
536	1323	0.5
537	1323	0.5
1322	1323	0.5
536	1324	0.5
537	1324	0.5
1322	1324	0.5
1323	1324	0.5
541	1325	0.5
542	1325	0.5
541	1326	0.5
542	1326	0.5
1325	1326	0.5
541	1327	0.5
542	1327	0.5
1325	1327	0.5
1326	1327	0.5
546	1328	0.5
547	1328	0.5
546	1329	0.5
547	1329	0.5
1328	1329	0.5
546	1330	0.5
547	1330	0.5
1328	1330	0.5
1329	1330	0.5
551	1331	0.5
552	1331	0.5
551	1332	0.5
552	1332	0.5
1331	1332	0.5
551	1333	0.5
552	1333	0.5
1331	1333	0.5
1332	1333	0.5
556	1334	0.5
557	1334	0.5
556	1335	0.5
557	1335	0.5
1334	1335	0.5
556	1336	0.5
557	1336	0.5
1334	1336	0.5
1335	1336	0.5
561	1337	0.5
562	1337	0.5
561	1338	0.5
562	1338	0.5
1337	1338	0.5
561	1339	0.5
562	1339	0.5
1337	1339	0.5
1338	1339	0.5
566	1340	0.5
567	1340	0.5
566	1341	0.5
567	1341	0.5
1340	1341	0.5
566	1342	0.5
567	1342	0.5
1340	1342	0.5
1341	1342	0.5
571	1343	0.5
572	1343	0.5
571	1344	0.5
572	1344	0.5
1343	1344	0.5
571	1345	0.5
572	1345	0.5
1343	1345	0.5
1344	1345	0.5
576	1346	0.5
577	1346	0.5
576	1347	0.5
577	1347	0.5
1346	1347	0.5
576	1348	0.5
577	1348	0.5
1346	1348	0.5
1347	1348	0.5
581	1349	0.5
582	1349	0.5
581	1350	0.5
582	1350	0.5
1349	1350	0.5
581	1351	0.5
582	1351	0.5
1349	1351	0.5
1350	1351	0.5
586	1352	0.5
587	1352	0.5
586	1353	0.5
587	1353	0.5
1352	1353	0.5
586	1354	0.5
587	1354	0.5
1352	1354	0.5
1353	1354	0.5
591	1355	0.5
592	1355	0.5
591	1356	0.5
592	1356	0.5
1355	1356	0.5
591	1357	0.5
592	1357	0.5
1355	1357	0.5
1356	1357	0.5
596	1358	0.5
597	1358	0.5
596	1359	0.5
597	1359	0.5
1358	1359	0.5
596	1360	0.5
597	1360	0.5
1358	1360	0.5
1359	1360	0.5
601	1361	0.5
602	1361	0.5
601	1362	0.5
602	1362	0.5
1361	1362	0.5
601	1363	0.5
602	1363	0.5
1361	1363	0.5
1362	1363	0.5
606	1364	0.5
607	1364	0.5
606	1365	0.5
607	1365	0.5
1364	1365	0.5
606	1366	0.5
607	1366	0.5
1364	1366	0.5
1365	1366	0.5
611	1367	0.5
612	1367	0.5
611	1368	0.5
612	1368	0.5
1367	1368	0.5
611	1369	0.5
612	1369	0.5
1367	1369	0.5
1368	1369	0.5
616	1370	0.5
617	1370	0.5
616	1371	0.5
617	1371	0.5
1370	1371	0.5
616	1372	0.5
617	1372	0.5
1370	1372	0.5
1371	1372	0.5
621	1373	0.5
622	1373	0.5
621	1374	0.5
622	1374	0.5
1373	1374	0.5
621	1375	0.5
622	1375	0.5
1373	1375	0.5
1374	1375	0.5
626	1376	0.5
627	1376	0.5
626	1377	0.5
627	1377	0.5
1376	1377	0.5
626	1378	0.5
627	1378	0.5
1376	1378	0.5
1377	1378	0.5
631	1379	0.5
632	1379	0.5
631	1380	0.5
632	1380	0.5
1379	1380	0.5
631	1381	0.5
632	1381	0.5
1379	1381	0.5
1380	1381	0.5
636	1382	0.5
637	1382	0.5
636	1383	0.5
637	1383	0.5
1382	1383	0.5
636	1384	0.5
637	1384	0.5
1382	1384	0.5
1383	1384	0.5
641	1385	0.5
642	1385	0.5
641	1386	0.5
642	1386	0.5
1385	1386	0.5
641	1387	0.5
642	1387	0.5
1385	1387	0.5
1386	1387	0.5
646	1388	0.5
647	1388	0.5
646	1389	0.5
647	1389	0.5
1388	1389	0.5
646	1390	0.5
647	1390	0.5
1388	1390	0.5
1389	1390	0.5
651	1391	0.5
652	1391	0.5
651	1392	0.5
652	1392	0.5
1391	1392	0.5
651	1393	0.5
652	1393	0.5
1391	1393	0.5
1392	1393	0.5
656	1394	0.5
657	1394	0.5
656	1395	0.5
657	1395	0.5
1394	1395	0.5
656	1396	0.5
657	1396	0.5
1394	1396	0.5
1395	1396	0.5
661	1397	0.5
662	1397	0.5
661	1398	0.5
662	1398	0.5
1397	1398	0.5
661	1399	0.5
662	1399	0.5
1397	1399	0.5
1398	1399	0.5
666	1400	0.5
667	1400	0.5
666	1401	0.5
667	1401	0.5
1400	1401	0.5
666	1402	0.5
667	1402	0.5
1400	1402	0.5
1401	1402	0.5
671	1403	0.5
672	1403	0.5
671	1404	0.5
672	1404	0.5
1403	1404	0.5
671	1405	0.5
672	1405	0.5
1403	1405	0.5
1404	1405	0.5
676	1406	0.5
677	1406	0.5
676	1407	0.5
677	1407	0.5
1406	1407	0.5
676	1408	0.5
677	1408	0.5
1406	1408	0.5
1407	1408	0.5
681	1409	0.5
682	1409	0.5
681	1410	0.5
682	1410	0.5
1409	1410	0.5
681	1411	0.5
682	1411	0.5
1409	1411	0.5
1410	1411	0.5
686	1412	0.5
687	1412	0.5
686	1413	0.5
687	1413	0.5
1412	1413	0.5
686	1414	0.5
687	1414	0.5
1412	1414	0.5
1413	1414	0.5
691	1415	0.5
692	1415	0.5
691	1416	0.5
692	1416	0.5
1415	1416	0.5
691	1417	0.5
692	1417	0.5
1415	1417	0.5
1416	1417	0.5
696	1418	0.5
697	1418	0.5
696	1419	0.5
697	1419	0.5
1418	1419	0.5
696	1420	0.5
697	1420	0.5
1418	1420	0.5
1419	1420	0.5
701	1421	0.5
702	1421	0.5
701	1422	0.5
702	1422	0.5
1421	1422	0.5
701	1423	0.5
702	1423	0.5
1421	1423	0.5
1422	1423	0.5
706	1424	0.5
707	1424	0.5
706	1425	0.5
707	1425	0.5
1424	1425	0.5
706	1426	0.5
707	1426	0.5
1424	1426	0.5
1425	1426	0.5
711	1427	0.5
712	1427	0.5
711	1428	0.5
712	1428	0.5
1427	1428	0.5
711	1429	0.5
712	1429	0.5
1427	1429	0.5
1428	1429	0.5
716	1430	0.5
717	1430	0.5
716	1431	0.5
717	1431	0.5
1430	1431	0.5
716	1432	0.5
717	1432	0.5
1430	1432	0.5
1431	1432	0.5
721	1433	0.5
722	1433	0.5
721	1434	0.5
722	1434	0.5
1433	1434	0.5
721	1435	0.5
722	1435	0.5
1433	1435	0.5
1434	1435	0.5
726	1436	0.5
727	1436	0.5
726	1437	0.5
727	1437	0.5
1436	1437	0.5
726	1438	0.5
727	1438	0.5
1436	1438	0.5
1437	1438	0.5
731	1439	0.5
732	1439	0.5
731	1440	0.5
732	1440	0.5
1439	1440	0.5
731	1441	0.5
732	1441	0.5
1439	1441	0.5
1440	1441	0.5
736	1442	0.5
737	1442	0.5
736	1443	0.5
737	1443	0.5
1442	1443	0.5
736	1444	0.5
737	1444	0.5
1442	1444	0.5
1443	1444	0.5
741	1445	0.5
742	1445	0.5
741	1446	0.5
742	1446	0.5
1445	1446	0.5
741	1447	0.5
742	1447	0.5
1445	1447	0.5
1446	1447	0.5
746	1448	0.5
747	1448	0.5
746	1449	0.5
747	1449	0.5
1448	1449	0.5
746	1450	0.5
747	1450	0.5
1448	1450	0.5
1449	1450	0.5
751	1451	0.5
752	1451	0.5
751	1452	0.5
752	1452	0.5
1451	1452	0.5
751	1453	0.5
752	1453	0.5
1451	1453	0.5
1452	1453	0.5
756	1454	0.5
757	1454	0.5
756	1455	0.5
757	1455	0.5
1454	1455	0.5
756	1456	0.5
757	1456	0.5
1454	1456	0.5
1455	1456	0.5
761	1457	0.5
762	1457	0.5
761	1458	0.5
762	1458	0.5
1457	1458	0.5
761	1459	0.5
762	1459	0.5
1457	1459	0.5
1458	1459	0.5
766	1460	0.5
767	1460	0.5
766	1461	0.5
767	1461	0.5
1460	1461	0.5
766	1462	0.5
767	1462	0.5
1460	1462	0.5
1461	1462	0.5
771	1463	0.5
772	1463	0.5
771	1464	0.5
772	1464	0.5
1463	1464	0.5
771	1465	0.5
772	1465	0.5
1463	1465	0.5
1464	1465	0.5
776	1466	0.5
777	1466	0.5
776	1467	0.5
777	1467	0.5
1466	1467	0.5
776	1468	0.5
777	1468	0.5
1466	1468	0.5
1467	1468	0.5
781	1469	0.5
782	1469	0.5
781	1470	0.5
782	1470	0.5
1469	1470	0.5
781	1471	0.5
782	1471	0.5
1469	1471	0.5
1470	1471	0.5
786	1472	0.5
787	1472	0.5
786	1473	0.5
787	1473	0.5
1472	1473	0.5
786	1474	0.5
787	1474	0.5
1472	1474	0.5
1473	1474	0.5
791	1475	0.5
792	1475	0.5
791	1476	0.5
792	1476	0.5
1475	1476	0.5
791	1477	0.5
792	1477	0.5
1475	1477	0.5
1476	1477	0.5
796	1478	0.5
797	1478	0.5
796	1479	0.5
797	1479	0.5
1478	1479	0.5
796	1480	0.5
797	1480	0.5
1478	1480	0.5
1479	1480	0.5
801	1481	0.5
802	1481	0.5
801	1482	0.5
802	1482	0.5
1481	1482	0.5
801	1483	0.5
802	1483	0.5
1481	1483	0.5
1482	1483	0.5
806	1484	0.5
807	1484	0.5
806	1485	0.5
807	1485	0.5
1484	1485	0.5
806	1486	0.5
807	1486	0.5
1484	1486	0.5
1485	1486	0.5
811	1487	0.5
812	1487	0.5
811	1488	0.5
812	1488	0.5
1487	1488	0.5
811	1489	0.5
812	1489	0.5
1487	1489	0.5
1488	1489	0.5
816	1490	0.5
817	1490	0.5
816	1491	0.5
817	1491	0.5
1490	1491	0.5
816	1492	0.5
817	1492	0.5
1490	1492	0.5
1491	1492	0.5
821	1493	0.5
822	1493	0.5
821	1494	0.5
822	1494	0.5
1493	1494	0.5
821	1495	0.5
822	1495	0.5
1493	1495	0.5
1494	1495	0.5
826	1496	0.5
827	1496	0.5
826	1497	0.5
827	1497	0.5
1496	1497	0.5
826	1498	0.5
827	1498	0.5
1496	1498	0.5
1497	1498	0.5
831	1499	0.5
832	1499	0.5
831	1500	0.5
832	1500	0.5
1499	1500	0.5
831	1501	0.5
832	1501	0.5
1499	1501	0.5
1500	1501	0.5
836	1502	0.5
837	1502	0.5
836	1503	0.5
837	1503	0.5
1502	1503	0.5
836	1504	0.5
837	1504	0.5
1502	1504	0.5
1503	1504	0.5
841	1505	0.5
842	1505	0.5
841	1506	0.5
842	1506	0.5
1505	1506	0.5
841	1507	0.5
842	1507	0.5
1505	1507	0.5
1506	1507	0.5
846	1508	0.5
847	1508	0.5
846	1509	0.5
847	1509	0.5
1508	1509	0.5
846	1510	0.5
847	1510	0.5
1508	1510	0.5
1509	1510	0.5
851	1511	0.5
852	1511	0.5
851	1512	0.5
852	1512	0.5
1511	1512	0.5
851	1513	0.5
852	1513	0.5
1511	1513	0.5
1512	1513	0.5
856	1514	0.5
857	1514	0.5
856	1515	0.5
857	1515	0.5
1514	1515	0.5
856	1516	0.5
857	1516	0.5
1514	1516	0.5
1515	1516	0.5
861	1517	0.5
862	1517	0.5
861	1518	0.5
862	1518	0.5
1517	1518	0.5
861	1519	0.5
862	1519	0.5
1517	1519	0.5
1518	1519	0.5
866	1520	0.5
867	1520	0.5
866	1521	0.5
867	1521	0.5
1520	1521	0.5
866	1522	0.5
867	1522	0.5
1520	1522	0.5
1521	1522	0.5
871	1523	0.5
872	1523	0.5
871	1524	0.5
872	1524	0.5
1523	1524	0.5
871	1525	0.5
872	1525	0.5
1523	1525	0.5
1524	1525	0.5
876	1526	0.5
877	1526	0.5
876	1527	0.5
877	1527	0.5
1526	1527	0.5
876	1528	0.5
877	1528	0.5
1526	1528	0.5
1527	1528	0.5
881	1529	0.5
882	1529	0.5
881	1530	0.5
882	1530	0.5
1529	1530	0.5
881	1531	0.5
882	1531	0.5
1529	1531	0.5
1530	1531	0.5
886	1532	0.5
887	1532	0.5
886	1533	0.5
887	1533	0.5
1532	1533	0.5
886	1534	0.5
887	1534	0.5
1532	1534	0.5
1533	1534	0.5
891	1535	0.5
892	1535	0.5
891	1536	0.5
892	1536	0.5
1535	1536	0.5
891	1537	0.5
892	1537	0.5
1535	1537	0.5
1536	1537	0.5
896	1538	0.5
897	1538	0.5
896	1539	0.5
897	1539	0.5
1538	1539	0.5
896	1540	0.5
897	1540	0.5
1538	1540	0.5
1539	1540	0.5
901	1541	0.5
902	1541	0.5
901	1542	0.5
902	1542	0.5
1541	1542	0.5
901	1543	0.5
902	1543	0.5
1541	1543	0.5
1542	1543	0.5
906	1544	0.5
907	1544	0.5
906	1545	0.5
907	1545	0.5
1544	1545	0.5
906	1546	0.5
907	1546	0.5
1544	1546	0.5
1545	1546	0.5
911	1547	0.5
912	1547	0.5
911	1548	0.5
912	1548	0.5
1547	1548	0.5
911	1549	0.5
912	1549	0.5
1547	1549	0.5
1548	1549	0.5
916	1550	0.5
917	1550	0.5
916	1551	0.5
917	1551	0.5
1550	1551	0.5
916	1552	0.5
917	1552	0.5
1550	1552	0.5
1551	1552	0.5
921	1553	0.5
922	1553	0.5
921	1554	0.5
922	1554	0.5
1553	1554	0.5
921	1555	0.5
922	1555	0.5
1553	1555	0.5
1554	1555	0.5
926	1556	0.5
927	1556	0.5
926	1557	0.5
927	1557	0.5
1556	1557	0.5
926	1558	0.5
927	1558	0.5
1556	1558	0.5
1557	1558	0.5
931	1559	0.5
932	1559	0.5
931	1560	0.5
932	1560	0.5
1559	1560	0.5
931	1561	0.5
932	1561	0.5
1559	1561	0.5
1560	1561	0.5
936	1562	0.5
937	1562	0.5
936	1563	0.5
937	1563	0.5
1562	1563	0.5
936	1564	0.5
937	1564	0.5
1562	1564	0.5
1563	1564	0.5
941	1565	0.5
942	1565	0.5
941	1566	0.5
942	1566	0.5
1565	1566	0.5
941	1567	0.5
942	1567	0.5
1565	1567	0.5
1566	1567	0.5
946	1568	0.5
947	1568	0.5
946	1569	0.5
947	1569	0.5
1568	1569	0.5
946	1570	0.5
947	1570	0.5
1568	1570	0.5
1569	1570	0.5
951	1571	0.5
952	1571	0.5
951	1572	0.5
952	1572	0.5
1571	1572	0.5
951	1573	0.5
952	1573	0.5
1571	1573	0.5
1572	1573	0.5
956	1574	0.5
957	1574	0.5
956	1575	0.5
957	1575	0.5
1574	1575	0.5
956	1576	0.5
957	1576	0.5
1574	1576	0.5
1575	1576	0.5
961	1577	0.5
962	1577	0.5
961	1578	0.5
962	1578	0.5
1577	1578	0.5
961	1579	0.5
962	1579	0.5
1577	1579	0.5
1578	1579	0.5
966	1580	0.5
967	1580	0.5
966	1581	0.5
967	1581	0.5
1580	1581	0.5
966	1582	0.5
967	1582	0.5
1580	1582	0.5
1581	1582	0.5
971	1583	0.5
972	1583	0.5
971	1584	0.5
972	1584	0.5
1583	1584	0.5
971	1585	0.5
972	1585	0.5
1583	1585	0.5
1584	1585	0.5
976	1586	0.5
977	1586	0.5
976	1587	0.5
977	1587	0.5
1586	1587	0.5
976	1588	0.5
977	1588	0.5
1586	1588	0.5
1587	1588	0.5
981	1589	0.5
982	1589	0.5
981	1590	0.5
982	1590	0.5
1589	1590	0.5
981	1591	0.5
982	1591	0.5
1589	1591	0.5
1590	1591	0.5
986	1592	0.5
987	1592	0.5
986	1593	0.5
987	1593	0.5
1592	1593	0.5
986	1594	0.5
987	1594	0.5
1592	1594	0.5
1593	1594	0.5
991	1595	0.5
992	1595	0.5
991	1596	0.5
992	1596	0.5
1595	1596	0.5
991	1597	0.5
992	1597	0.5
1595	1597	0.5
1596	1597	0.5
996	1598	0.5
997	1598	0.5
996	1599	0.5
997	1599	0.5
1598	1599	0.5
996	1600	0.5
997	1600	0.5
1598	1600	0.5
1599	1600	0.5
1	1601	0.25
2	1601	0.25
3	1601	0.5
1001	1601	0.5
1002	1601	0.25
1003	1601	0.25
1	1602	0.25
2	1602	0.25
3	1602	0.5
1001	1602	0.5
1002	1602	0.25
1003	1602	0.25
1601	1602	0.5
1	1603	0.25
2	1603	0.25
3	1603	0.5
1001	1603	0.5
1002	1603	0.25
1003	1603	0.25
1601	1603	0.5
1602	1603	0.5
6	1604	0.25
7	1604	0.25
8	1604	0.5
1004	1604	0.5
1005	1604	0.25
1006	1604	0.25
6	1605	0.25
7	1605	0.25
8	1605	0.5
1004	1605	0.5
1005	1605	0.25
1006	1605	0.25
1604	1605	0.5
6	1606	0.25
7	1606	0.25
8	1606	0.5
1004	1606	0.5
1005	1606	0.25
1006	1606	0.25
1604	1606	0.5
1605	1606	0.5
11	1607	0.25
12	1607	0.25
13	1607	0.5
1007	1607	0.5
1008	1607	0.25
1009	1607	0.25
11	1608	0.25
12	1608	0.25
13	1608	0.5
1007	1608	0.5
1008	1608	0.25
1009	1608	0.25
1607	1608	0.5
11	1609	0.25
12	1609	0.25
13	1609	0.5
1007	1609	0.5
1008	1609	0.25
1009	1609	0.25
1607	1609	0.5
1608	1609	0.5
16	1610	0.25
17	1610	0.25
18	1610	0.5
1010	1610	0.5
1011	1610	0.25
1012	1610	0.25
16	1611	0.25
17	1611	0.25
18	1611	0.5
1010	1611	0.5
1011	1611	0.25
1012	1611	0.25
1610	1611	0.5
16	1612	0.25
17	1612	0.25
18	1612	0.5
1010	1612	0.5
1011	1612	0.25
1012	1612	0.25
1610	1612	0.5
1611	1612	0.5
21	1613	0.25
22	1613	0.25
23	1613	0.5
1013	1613	0.5
1014	1613	0.25
1015	1613	0.25
21	1614	0.25
22	1614	0.25
23	1614	0.5
1013	1614	0.5
1014	1614	0.25
1015	1614	0.25
1613	1614	0.5
21	1615	0.25
22	1615	0.25
23	1615	0.5
1013	1615	0.5
1014	1615	0.25
1015	1615	0.25
1613	1615	0.5
1614	1615	0.5
26	1616	0.25
27	1616	0.25
28	1616	0.5
1016	1616	0.5
1017	1616	0.25
1018	1616	0.25
26	1617	0.25
27	1617	0.25
28	1617	0.5
1016	1617	0.5
1017	1617	0.25
1018	1617	0.25
1616	1617	0.5
26	1618	0.25
27	1618	0.25
28	1618	0.5
1016	1618	0.5
1017	1618	0.25
1018	1618	0.25
1616	1618	0.5
1617	1618	0.5
31	1619	0.25
32	1619	0.25
33	1619	0.5
1019	1619	0.5
1020	1619	0.25
1021	1619	0.25
31	1620	0.25
32	1620	0.25
33	1620	0.5
1019	1620	0.5
1020	1620	0.25
1021	1620	0.25
1619	1620	0.5
31	1621	0.25
32	1621	0.25
33	1621	0.5
1019	1621	0.5
1020	1621	0.25
1021	1621	0.25
1619	1621	0.5
1620	1621	0.5
36	1622	0.25
37	1622	0.25
38	1622	0.5
1022	1622	0.5
1023	1622	0.25
1024	1622	0.25
36	1623	0.25
37	1623	0.25
38	1623	0.5
1022	1623	0.5
1023	1623	0.25
1024	1623	0.25
1622	1623	0.5
36	1624	0.25
37	1624	0.25
38	1624	0.5
1022	1624	0.5
1023	1624	0.25
1024	1624	0.25
1622	1624	0.5
1623	1624	0.5
41	1625	0.25
42	1625	0.25
43	1625	0.5
1025	1625	0.5
1026	1625	0.25
1027	1625	0.25
41	1626	0.25
42	1626	0.25
43	1626	0.5
1025	1626	0.5
1026	1626	0.25
1027	1626	0.25
1625	1626	0.5
41	1627	0.25
42	1627	0.25
43	1627	0.5
1025	1627	0.5
1026	1627	0.25
1027	1627	0.25
1625	1627	0.5
1626	1627	0.5
46	1628	0.25
47	1628	0.25
48	1628	0.5
1028	1628	0.5
1029	1628	0.25
1030	1628	0.25
46	1629	0.25
47	1629	0.25
48	1629	0.5
1028	1629	0.5
1029	1629	0.25
1030	1629	0.25
1628	1629	0.5
46	1630	0.25
47	1630	0.25
48	1630	0.5
1028	1630	0.5
1029	1630	0.25
1030	1630	0.25
1628	1630	0.5
1629	1630	0.5
51	1631	0.25
52	1631	0.25
53	1631	0.5
1031	1631	0.5
1032	1631	0.25
1033	1631	0.25
51	1632	0.25
52	1632	0.25
53	1632	0.5
1031	1632	0.5
1032	1632	0.25
1033	1632	0.25
1631	1632	0.5
51	1633	0.25
52	1633	0.25
53	1633	0.5
1031	1633	0.5
1032	1633	0.25
1033	1633	0.25
1631	1633	0.5
1632	1633	0.5
56	1634	0.25
57	1634	0.25
58	1634	0.5
1034	1634	0.5
1035	1634	0.25
1036	1634	0.25
56	1635	0.25
57	1635	0.25
58	1635	0.5
1034	1635	0.5
1035	1635	0.25
1036	1635	0.25
1634	1635	0.5
56	1636	0.25
57	1636	0.25
58	1636	0.5
1034	1636	0.5
1035	1636	0.25
1036	1636	0.25
1634	1636	0.5
1635	1636	0.5
61	1637	0.25
62	1637	0.25
63	1637	0.5
1037	1637	0.5
1038	1637	0.25
1039	1637	0.25
61	1638	0.25
62	1638	0.25
63	1638	0.5
1037	1638	0.5
1038	1638	0.25
1039	1638	0.25
1637	1638	0.5
61	1639	0.25
62	1639	0.25
63	1639	0.5
1037	1639	0.5
1038	1639	0.25
1039	1639	0.25
1637	1639	0.5
1638	1639	0.5
66	1640	0.25
67	1640	0.25
68	1640	0.5
1040	1640	0.5
1041	1640	0.25
1042	1640	0.25
66	1641	0.25
67	1641	0.25
68	1641	0.5
1040	1641	0.5
1041	1641	0.25
1042	1641	0.25
1640	1641	0.5
66	1642	0.25
67	1642	0.25
68	1642	0.5
1040	1642	0.5
1041	1642	0.25
1042	1642	0.25
1640	1642	0.5
1641	1642	0.5
71	1643	0.25
72	1643	0.25
73	1643	0.5
1043	1643	0.5
1044	1643	0.25
1045	1643	0.25
71	1644	0.25
72	1644	0.25
73	1644	0.5
1043	1644	0.5
1044	1644	0.25
1045	1644	0.25
1643	1644	0.5
71	1645	0.25
72	1645	0.25
73	1645	0.5
1043	1645	0.5
1044	1645	0.25
1045	1645	0.25
1643	1645	0.5
1644	1645	0.5
76	1646	0.25
77	1646	0.25
78	1646	0.5
1046	1646	0.5
1047	1646	0.25
1048	1646	0.25
76	1647	0.25
77	1647	0.25
78	1647	0.5
1046	1647	0.5
1047	1647	0.25
1048	1647	0.25
1646	1647	0.5
76	1648	0.25
77	1648	0.25
78	1648	0.5
1046	1648	0.5
1047	1648	0.25
1048	1648	0.25
1646	1648	0.5
1647	1648	0.5
81	1649	0.25
82	1649	0.25
83	1649	0.5
1049	1649	0.5
1050	1649	0.25
1051	1649	0.25
81	1650	0.25
82	1650	0.25
83	1650	0.5
1049	1650	0.5
1050	1650	0.25
1051	1650	0.25
1649	1650	0.5
81	1651	0.25
82	1651	0.25
83	1651	0.5
1049	1651	0.5
1050	1651	0.25
1051	1651	0.25
1649	1651	0.5
1650	1651	0.5
86	1652	0.25
87	1652	0.25
88	1652	0.5
1052	1652	0.5
1053	1652	0.25
1054	1652	0.25
86	1653	0.25
87	1653	0.25
88	1653	0.5
1052	1653	0.5
1053	1653	0.25
1054	1653	0.25
1652	1653	0.5
86	1654	0.25
87	1654	0.25
88	1654	0.5
1052	1654	0.5
1053	1654	0.25
1054	1654	0.25
1652	1654	0.5
1653	1654	0.5
91	1655	0.25
92	1655	0.25
93	1655	0.5
1055	1655	0.5
1056	1655	0.25
1057	1655	0.25
91	1656	0.25
92	1656	0.25
93	1656	0.5
1055	1656	0.5
1056	1656	0.25
1057	1656	0.25
1655	1656	0.5
91	1657	0.25
92	1657	0.25
93	1657	0.5
1055	1657	0.5
1056	1657	0.25
1057	1657	0.25
1655	1657	0.5
1656	1657	0.5
96	1658	0.25
97	1658	0.25
98	1658	0.5
1058	1658	0.5
1059	1658	0.25
1060	1658	0.25
96	1659	0.25
97	1659	0.25
98	1659	0.5
1058	1659	0.5
1059	1659	0.25
1060	1659	0.25
1658	1659	0.5
96	1660	0.25
97	1660	0.25
98	1660	0.5
1058	1660	0.5
1059	1660	0.25
1060	1660	0.25
1658	1660	0.5
1659	1660	0.5
101	1661	0.25
102	1661	0.25
103	1661	0.5
1061	1661	0.5
1062	1661	0.25
1063	1661	0.25
101	1662	0.25
102	1662	0.25
103	1662	0.5
1061	1662	0.5
1062	1662	0.25
1063	1662	0.25
1661	1662	0.5
101	1663	0.25
102	1663	0.25
103	1663	0.5
1061	1663	0.5
1062	1663	0.25
1063	1663	0.25
1661	1663	0.5
1662	1663	0.5
106	1664	0.25
107	1664	0.25
108	1664	0.5
1064	1664	0.5
1065	1664	0.25
1066	1664	0.25
106	1665	0.25
107	1665	0.25
108	1665	0.5
1064	1665	0.5
1065	1665	0.25
1066	1665	0.25
1664	1665	0.5
106	1666	0.25
107	1666	0.25
108	1666	0.5
1064	1666	0.5
1065	1666	0.25
1066	1666	0.25
1664	1666	0.5
1665	1666	0.5
111	1667	0.25
112	1667	0.25
113	1667	0.5
1067	1667	0.5
1068	1667	0.25
1069	1667	0.25
111	1668	0.25
112	1668	0.25
113	1668	0.5
1067	1668	0.5
1068	1668	0.25
1069	1668	0.25
1667	1668	0.5
111	1669	0.25
112	1669	0.25
113	1669	0.5
1067	1669	0.5
1068	1669	0.25
1069	1669	0.25
1667	1669	0.5
1668	1669	0.5
116	1670	0.25
117	1670	0.25
118	1670	0.5
1070	1670	0.5
1071	1670	0.25
1072	1670	0.25
116	1671	0.25
117	1671	0.25
118	1671	0.5
1070	1671	0.5
1071	1671	0.25
1072	1671	0.25
1670	1671	0.5
116	1672	0.25
117	1672	0.25
118	1672	0.5
1070	1672	0.5
1071	1672	0.25
1072	1672	0.25
1670	1672	0.5
1671	1672	0.5
121	1673	0.25
122	1673	0.25
123	1673	0.5
1073	1673	0.5
1074	1673	0.25
1075	1673	0.25
121	1674	0.25
122	1674	0.25
123	1674	0.5
1073	1674	0.5
1074	1674	0.25
1075	1674	0.25
1673	1674	0.5
121	1675	0.25
122	1675	0.25
123	1675	0.5
1073	1675	0.5
1074	1675	0.25
1075	1675	0.25
1673	1675	0.5
1674	1675	0.5
126	1676	0.25
127	1676	0.25
128	1676	0.5
1076	1676	0.5
1077	1676	0.25
1078	1676	0.25
126	1677	0.25
127	1677	0.25
128	1677	0.5
1076	1677	0.5
1077	1677	0.25
1078	1677	0.25
1676	1677	0.5
126	1678	0.25
127	1678	0.25
128	1678	0.5
1076	1678	0.5
1077	1678	0.25
1078	1678	0.25
1676	1678	0.5
1677	1678	0.5
131	1679	0.25
132	1679	0.25
133	1679	0.5
1079	1679	0.5
1080	1679	0.25
1081	1679	0.25
131	1680	0.25
132	1680	0.25
133	1680	0.5
1079	1680	0.5
1080	1680	0.25
1081	1680	0.25
1679	1680	0.5
131	1681	0.25
132	1681	0.25
133	1681	0.5
1079	1681	0.5
1080	1681	0.25
1081	1681	0.25
1679	1681	0.5
1680	1681	0.5
136	1682	0.25
137	1682	0.25
138	1682	0.5
1082	1682	0.5
1083	1682	0.25
1084	1682	0.25
136	1683	0.25
137	1683	0.25
138	1683	0.5
1082	1683	0.5
1083	1683	0.25
1084	1683	0.25
1682	1683	0.5
136	1684	0.25
137	1684	0.25
138	1684	0.5
1082	1684	0.5
1083	1684	0.25
1084	1684	0.25
1682	1684	0.5
1683	1684	0.5
141	1685	0.25
142	1685	0.25
143	1685	0.5
1085	1685	0.5
1086	1685	0.25
1087	1685	0.25
141	1686	0.25
142	1686	0.25
143	1686	0.5
1085	1686	0.5
1086	1686	0.25
1087	1686	0.25
1685	1686	0.5
141	1687	0.25
142	1687	0.25
143	1687	0.5
1085	1687	0.5
1086	1687	0.25
1087	1687	0.25
1685	1687	0.5
1686	1687	0.5
146	1688	0.25
147	1688	0.25
148	1688	0.5
1088	1688	0.5
1089	1688	0.25
1090	1688	0.25
146	1689	0.25
147	1689	0.25
148	1689	0.5
1088	1689	0.5
1089	1689	0.25
1090	1689	0.25
1688	1689	0.5
146	1690	0.25
147	1690	0.25
148	1690	0.5
1088	1690	0.5
1089	1690	0.25
1090	1690	0.25
1688	1690	0.5
1689	1690	0.5
151	1691	0.25
152	1691	0.25
153	1691	0.5
1091	1691	0.5
1092	1691	0.25
1093	1691	0.25
151	1692	0.25
152	1692	0.25
153	1692	0.5
1091	1692	0.5
1092	1692	0.25
1093	1692	0.25
1691	1692	0.5
151	1693	0.25
152	1693	0.25
153	1693	0.5
1091	1693	0.5
1092	1693	0.25
1093	1693	0.25
1691	1693	0.5
1692	1693	0.5
156	1694	0.25
157	1694	0.25
158	1694	0.5
1094	1694	0.5
1095	1694	0.25
1096	1694	0.25
156	1695	0.25
157	1695	0.25
158	1695	0.5
1094	1695	0.5
1095	1695	0.25
1096	1695	0.25
1694	1695	0.5
156	1696	0.25
157	1696	0.25
158	1696	0.5
1094	1696	0.5
1095	1696	0.25
1096	1696	0.25
1694	1696	0.5
1695	1696	0.5
161	1697	0.25
162	1697	0.25
163	1697	0.5
1097	1697	0.5
1098	1697	0.25
1099	1697	0.25
161	1698	0.25
162	1698	0.25
163	1698	0.5
1097	1698	0.5
1098	1698	0.25
1099	1698	0.25
1697	1698	0.5
161	1699	0.25
162	1699	0.25
163	1699	0.5
1097	1699	0.5
1098	1699	0.25
1099	1699	0.25
1697	1699	0.5
1698	1699	0.5
166	1700	0.25
167	1700	0.25
168	1700	0.5
1100	1700	0.5
1101	1700	0.25
1102	1700	0.25
166	1701	0.25
167	1701	0.25
168	1701	0.5
1100	1701	0.5
1101	1701	0.25
1102	1701	0.25
1700	1701	0.5
166	1702	0.25
167	1702	0.25
168	1702	0.5
1100	1702	0.5
1101	1702	0.25
1102	1702	0.25
1700	1702	0.5
1701	1702	0.5
171	1703	0.25
172	1703	0.25
173	1703	0.5
1103	1703	0.5
1104	1703	0.25
1105	1703	0.25
171	1704	0.25
172	1704	0.25
173	1704	0.5
1103	1704	0.5
1104	1704	0.25
1105	1704	0.25
1703	1704	0.5
171	1705	0.25
172	1705	0.25
173	1705	0.5
1103	1705	0.5
1104	1705	0.25
1105	1705	0.25
1703	1705	0.5
1704	1705	0.5
176	1706	0.25
177	1706	0.25
178	1706	0.5
1106	1706	0.5
1107	1706	0.25
1108	1706	0.25
176	1707	0.25
177	1707	0.25
178	1707	0.5
1106	1707	0.5
1107	1707	0.25
1108	1707	0.25
1706	1707	0.5
176	1708	0.25
177	1708	0.25
178	1708	0.5
1106	1708	0.5
1107	1708	0.25
1108	1708	0.25
1706	1708	0.5
1707	1708	0.5
181	1709	0.25
182	1709	0.25
183	1709	0.5
1109	1709	0.5
1110	1709	0.25
1111	1709	0.25
181	1710	0.25
182	1710	0.25
183	1710	0.5
1109	1710	0.5
1110	1710	0.25
1111	1710	0.25
1709	1710	0.5
181	1711	0.25
182	1711	0.25
183	1711	0.5
1109	1711	0.5
1110	1711	0.25
1111	1711	0.25
1709	1711	0.5
1710	1711	0.5
186	1712	0.25
187	1712	0.25
188	1712	0.5
1112	1712	0.5
1113	1712	0.25
1114	1712	0.25
186	1713	0.25
187	1713	0.25
188	1713	0.5
1112	1713	0.5
1113	1713	0.25
1114	1713	0.25
1712	1713	0.5
186	1714	0.25
187	1714	0.25
188	1714	0.5
1112	1714	0.5
1113	1714	0.25
1114	1714	0.25
1712	1714	0.5
1713	1714	0.5
191	1715	0.25
192	1715	0.25
193	1715	0.5
1115	1715	0.5
1116	1715	0.25
1117	1715	0.25
191	1716	0.25
192	1716	0.25
193	1716	0.5
1115	1716	0.5
1116	1716	0.25
1117	1716	0.25
1715	1716	0.5
191	1717	0.25
192	1717	0.25
193	1717	0.5
1115	1717	0.5
1116	1717	0.25
1117	1717	0.25
1715	1717	0.5
1716	1717	0.5
196	1718	0.25
197	1718	0.25
198	1718	0.5
1118	1718	0.5
1119	1718	0.25
1120	1718	0.25
196	1719	0.25
197	1719	0.25
198	1719	0.5
1118	1719	0.5
1119	1719	0.25
1120	1719	0.25
1718	1719	0.5
196	1720	0.25
197	1720	0.25
198	1720	0.5
1118	1720	0.5
1119	1720	0.25
1120	1720	0.25
1718	1720	0.5
1719	1720	0.5
201	1721	0.25
202	1721	0.25
203	1721	0.5
1121	1721	0.5
1122	1721	0.25
1123	1721	0.25
201	1722	0.25
202	1722	0.25
203	1722	0.5
1121	1722	0.5
1122	1722	0.25
1123	1722	0.25
1721	1722	0.5
201	1723	0.25
202	1723	0.25
203	1723	0.5
1121	1723	0.5
1122	1723	0.25
1123	1723	0.25
1721	1723	0.5
1722	1723	0.5
206	1724	0.25
207	1724	0.25
208	1724	0.5
1124	1724	0.5
1125	1724	0.25
1126	1724	0.25
206	1725	0.25
207	1725	0.25
208	1725	0.5
1124	1725	0.5
1125	1725	0.25
1126	1725	0.25
1724	1725	0.5
206	1726	0.25
207	1726	0.25
208	1726	0.5
1124	1726	0.5
1125	1726	0.25
1126	1726	0.25
1724	1726	0.5
1725	1726	0.5
211	1727	0.25
212	1727	0.25
213	1727	0.5
1127	1727	0.5
1128	1727	0.25
1129	1727	0.25
211	1728	0.25
212	1728	0.25
213	1728	0.5
1127	1728	0.5
1128	1728	0.25
1129	1728	0.25
1727	1728	0.5
211	1729	0.25
212	1729	0.25
213	1729	0.5
1127	1729	0.5
1128	1729	0.25
1129	1729	0.25
1727	1729	0.5
1728	1729	0.5
216	1730	0.25
217	1730	0.25
218	1730	0.5
1130	1730	0.5
1131	1730	0.25
1132	1730	0.25
216	1731	0.25
217	1731	0.25
218	1731	0.5
1130	1731	0.5
1131	1731	0.25
1132	1731	0.25
1730	1731	0.5
216	1732	0.25
217	1732	0.25
218	1732	0.5
1130	1732	0.5
1131	1732	0.25
1132	1732	0.25
1730	1732	0.5
1731	1732	0.5
221	1733	0.25
222	1733	0.25
223	1733	0.5
1133	1733	0.5
1134	1733	0.25
1135	1733	0.25
221	1734	0.25
222	1734	0.25
223	1734	0.5
1133	1734	0.5
1134	1734	0.25
1135	1734	0.25
1733	1734	0.5
221	1735	0.25
222	1735	0.25
223	1735	0.5
1133	1735	0.5
1134	1735	0.25
1135	1735	0.25
1733	1735	0.5
1734	1735	0.5
226	1736	0.25
227	1736	0.25
228	1736	0.5
1136	1736	0.5
1137	1736	0.25
1138	1736	0.25
226	1737	0.25
227	1737	0.25
228	1737	0.5
1136	1737	0.5
1137	1737	0.25
1138	1737	0.25
1736	1737	0.5
226	1738	0.25
227	1738	0.25
228	1738	0.5
1136	1738	0.5
1137	1738	0.25
1138	1738	0.25
1736	1738	0.5
1737	1738	0.5
231	1739	0.25
232	1739	0.25
233	1739	0.5
1139	1739	0.5
1140	1739	0.25
1141	1739	0.25
231	1740	0.25
232	1740	0.25
233	1740	0.5
1139	1740	0.5
1140	1740	0.25
1141	1740	0.25
1739	1740	0.5
231	1741	0.25
232	1741	0.25
233	1741	0.5
1139	1741	0.5
1140	1741	0.25
1141	1741	0.25
1739	1741	0.5
1740	1741	0.5
236	1742	0.25
237	1742	0.25
238	1742	0.5
1142	1742	0.5
1143	1742	0.25
1144	1742	0.25
236	1743	0.25
237	1743	0.25
238	1743	0.5
1142	1743	0.5
1143	1743	0.25
1144	1743	0.25
1742	1743	0.5
236	1744	0.25
237	1744	0.25
238	1744	0.5
1142	1744	0.5
1143	1744	0.25
1144	1744	0.25
1742	1744	0.5
1743	1744	0.5
241	1745	0.25
242	1745	0.25
243	1745	0.5
1145	1745	0.5
1146	1745	0.25
1147	1745	0.25
241	1746	0.25
242	1746	0.25
243	1746	0.5
1145	1746	0.5
1146	1746	0.25
1147	1746	0.25
1745	1746	0.5
241	1747	0.25
242	1747	0.25
243	1747	0.5
1145	1747	0.5
1146	1747	0.25
1147	1747	0.25
1745	1747	0.5
1746	1747	0.5
246	1748	0.25
247	1748	0.25
248	1748	0.5
1148	1748	0.5
1149	1748	0.25
1150	1748	0.25
246	1749	0.25
247	1749	0.25
248	1749	0.5
1148	1749	0.5
1149	1749	0.25
1150	1749	0.25
1748	1749	0.5
246	1750	0.25
247	1750	0.25
248	1750	0.5
1148	1750	0.5
1149	1750	0.25
1150	1750	0.25
1748	1750	0.5
1749	1750	0.5
251	1751	0.25
252	1751	0.25
253	1751	0.5
1151	1751	0.5
1152	1751	0.25
1153	1751	0.25
251	1752	0.25
252	1752	0.25
253	1752	0.5
1151	1752	0.5
1152	1752	0.25
1153	1752	0.25
1751	1752	0.5
251	1753	0.25
252	1753	0.25
253	1753	0.5
1151	1753	0.5
1152	1753	0.25
1153	1753	0.25
1751	1753	0.5
1752	1753	0.5
256	1754	0.25
257	1754	0.25
258	1754	0.5
1154	1754	0.5
1155	1754	0.25
1156	1754	0.25
256	1755	0.25
257	1755	0.25
258	1755	0.5
1154	1755	0.5
1155	1755	0.25
1156	1755	0.25
1754	1755	0.5
256	1756	0.25
257	1756	0.25
258	1756	0.5
1154	1756	0.5
1155	1756	0.25
1156	1756	0.25
1754	1756	0.5
1755	1756	0.5
261	1757	0.25
262	1757	0.25
263	1757	0.5
1157	1757	0.5
1158	1757	0.25
1159	1757	0.25
261	1758	0.25
262	1758	0.25
263	1758	0.5
1157	1758	0.5
1158	1758	0.25
1159	1758	0.25
1757	1758	0.5
261	1759	0.25
262	1759	0.25
263	1759	0.5
1157	1759	0.5
1158	1759	0.25
1159	1759	0.25
1757	1759	0.5
1758	1759	0.5
266	1760	0.25
267	1760	0.25
268	1760	0.5
1160	1760	0.5
1161	1760	0.25
1162	1760	0.25
266	1761	0.25
267	1761	0.25
268	1761	0.5
1160	1761	0.5
1161	1761	0.25
1162	1761	0.25
1760	1761	0.5
266	1762	0.25
267	1762	0.25
268	1762	0.5
1160	1762	0.5
1161	1762	0.25
1162	1762	0.25
1760	1762	0.5
1761	1762	0.5
271	1763	0.25
272	1763	0.25
273	1763	0.5
1163	1763	0.5
1164	1763	0.25
1165	1763	0.25
271	1764	0.25
272	1764	0.25
273	1764	0.5
1163	1764	0.5
1164	1764	0.25
1165	1764	0.25
1763	1764	0.5
271	1765	0.25
272	1765	0.25
273	1765	0.5
1163	1765	0.5
1164	1765	0.25
1165	1765	0.25
1763	1765	0.5
1764	1765	0.5
276	1766	0.25
277	1766	0.25
278	1766	0.5
1166	1766	0.5
1167	1766	0.25
1168	1766	0.25
276	1767	0.25
277	1767	0.25
278	1767	0.5
1166	1767	0.5
1167	1767	0.25
1168	1767	0.25
1766	1767	0.5
276	1768	0.25
277	1768	0.25
278	1768	0.5
1166	1768	0.5
1167	1768	0.25
1168	1768	0.25
1766	1768	0.5
1767	1768	0.5
281	1769	0.25
282	1769	0.25
283	1769	0.5
1169	1769	0.5
1170	1769	0.25
1171	1769	0.25
281	1770	0.25
282	1770	0.25
283	1770	0.5
1169	1770	0.5
1170	1770	0.25
1171	1770	0.25
1769	1770	0.5
281	1771	0.25
282	1771	0.25
283	1771	0.5
1169	1771	0.5
1170	1771	0.25
1171	1771	0.25
1769	1771	0.5
1770	1771	0.5
286	1772	0.25
287	1772	0.25
288	1772	0.5
1172	1772	0.5
1173	1772	0.25
1174	1772	0.25
286	1773	0.25
287	1773	0.25
288	1773	0.5
1172	1773	0.5
1173	1773	0.25
1174	1773	0.25
1772	1773	0.5
286	1774	0.25
287	1774	0.25
288	1774	0.5
1172	1774	0.5
1173	1774	0.25
1174	1774	0.25
1772	1774	0.5
1773	1774	0.5
291	1775	0.25
292	1775	0.25
293	1775	0.5
1175	1775	0.5
1176	1775	0.25
1177	1775	0.25
291	1776	0.25
292	1776	0.25
293	1776	0.5
1175	1776	0.5
1176	1776	0.25
1177	1776	0.25
1775	1776	0.5
291	1777	0.25
292	1777	0.25
293	1777	0.5
1175	1777	0.5
1176	1777	0.25
1177	1777	0.25
1775	1777	0.5
1776	1777	0.5
296	1778	0.25
297	1778	0.25
298	1778	0.5
1178	1778	0.5
1179	1778	0.25
1180	1778	0.25
296	1779	0.25
297	1779	0.25
298	1779	0.5
1178	1779	0.5
1179	1779	0.25
1180	1779	0.25
1778	1779	0.5
296	1780	0.25
297	1780	0.25
298	1780	0.5
1178	1780	0.5
1179	1780	0.25
1180	1780	0.25
1778	1780	0.5
1779	1780	0.5
301	1781	0.25
302	1781	0.25
303	1781	0.5
1181	1781	0.5
1182	1781	0.25
1183	1781	0.25
301	1782	0.25
302	1782	0.25
303	1782	0.5
1181	1782	0.5
1182	1782	0.25
1183	1782	0.25
1781	1782	0.5
301	1783	0.25
302	1783	0.25
303	1783	0.5
1181	1783	0.5
1182	1783	0.25
1183	1783	0.25
1781	1783	0.5
1782	1783	0.5
306	1784	0.25
307	1784	0.25
308	1784	0.5
1184	1784	0.5
1185	1784	0.25
1186	1784	0.25
306	1785	0.25
307	1785	0.25
308	1785	0.5
1184	1785	0.5
1185	1785	0.25
1186	1785	0.25
1784	1785	0.5
306	1786	0.25
307	1786	0.25
308	1786	0.5
1184	1786	0.5
1185	1786	0.25
1186	1786	0.25
1784	1786	0.5
1785	1786	0.5
311	1787	0.25
312	1787	0.25
313	1787	0.5
1187	1787	0.5
1188	1787	0.25
1189	1787	0.25
311	1788	0.25
312	1788	0.25
313	1788	0.5
1187	1788	0.5
1188	1788	0.25
1189	1788	0.25
1787	1788	0.5
311	1789	0.25
312	1789	0.25
313	1789	0.5
1187	1789	0.5
1188	1789	0.25
1189	1789	0.25
1787	1789	0.5
1788	1789	0.5
316	1790	0.25
317	1790	0.25
318	1790	0.5
1190	1790	0.5
1191	1790	0.25
1192	1790	0.25
316	1791	0.25
317	1791	0.25
318	1791	0.5
1190	1791	0.5
1191	1791	0.25
1192	1791	0.25
1790	1791	0.5
316	1792	0.25
317	1792	0.25
318	1792	0.5
1190	1792	0.5
1191	1792	0.25
1192	1792	0.25
1790	1792	0.5
1791	1792	0.5
321	1793	0.25
322	1793	0.25
323	1793	0.5
1193	1793	0.5
1194	1793	0.25
1195	1793	0.25
321	1794	0.25
322	1794	0.25
323	1794	0.5
1193	1794	0.5
1194	1794	0.25
1195	1794	0.25
1793	1794	0.5
321	1795	0.25
322	1795	0.25
323	1795	0.5
1193	1795	0.5
1194	1795	0.25
1195	1795	0.25
1793	1795	0.5
1794	1795	0.5
326	1796	0.25
327	1796	0.25
328	1796	0.5
1196	1796	0.5
1197	1796	0.25
1198	1796	0.25
326	1797	0.25
327	1797	0.25
328	1797	0.5
1196	1797	0.5
1197	1797	0.25
1198	1797	0.25
1796	1797	0.5
326	1798	0.25
327	1798	0.25
328	1798	0.5
1196	1798	0.5
1197	1798	0.25
1198	1798	0.25
1796	1798	0.5
1797	1798	0.5
331	1799	0.25
332	1799	0.25
333	1799	0.5
1199	1799	0.5
1200	1799	0.25
1201	1799	0.25
331	1800	0.25
332	1800	0.25
333	1800	0.5
1199	1800	0.5
1200	1800	0.25
1201	1800	0.25
1799	1800	0.5
331	1801	0.25
332	1801	0.25
333	1801	0.5
1199	1801	0.5
1200	1801	0.25
1201	1801	0.25
1799	1801	0.5
1800	1801	0.5
336	1802	0.25
337	1802	0.25
338	1802	0.5
1202	1802	0.5
1203	1802	0.25
1204	1802	0.25
336	1803	0.25
337	1803	0.25
338	1803	0.5
1202	1803	0.5
1203	1803	0.25
1204	1803	0.25
1802	1803	0.5
336	1804	0.25
337	1804	0.25
338	1804	0.5
1202	1804	0.5
1203	1804	0.25
1204	1804	0.25
1802	1804	0.5
1803	1804	0.5
341	1805	0.25
342	1805	0.25
343	1805	0.5
1205	1805	0.5
1206	1805	0.25
1207	1805	0.25
341	1806	0.25
342	1806	0.25
343	1806	0.5
1205	1806	0.5
1206	1806	0.25
1207	1806	0.25
1805	1806	0.5
341	1807	0.25
342	1807	0.25
343	1807	0.5
1205	1807	0.5
1206	1807	0.25
1207	1807	0.25
1805	1807	0.5
1806	1807	0.5
346	1808	0.25
347	1808	0.25
348	1808	0.5
1208	1808	0.5
1209	1808	0.25
1210	1808	0.25
346	1809	0.25
347	1809	0.25
348	1809	0.5
1208	1809	0.5
1209	1809	0.25
1210	1809	0.25
1808	1809	0.5
346	1810	0.25
347	1810	0.25
348	1810	0.5
1208	1810	0.5
1209	1810	0.25
1210	1810	0.25
1808	1810	0.5
1809	1810	0.5
351	1811	0.25
352	1811	0.25
353	1811	0.5
1211	1811	0.5
1212	1811	0.25
1213	1811	0.25
351	1812	0.25
352	1812	0.25
353	1812	0.5
1211	1812	0.5
1212	1812	0.25
1213	1812	0.25
1811	1812	0.5
351	1813	0.25
352	1813	0.25
353	1813	0.5
1211	1813	0.5
1212	1813	0.25
1213	1813	0.25
1811	1813	0.5
1812	1813	0.5
356	1814	0.25
357	1814	0.25
358	1814	0.5
1214	1814	0.5
1215	1814	0.25
1216	1814	0.25
356	1815	0.25
357	1815	0.25
358	1815	0.5
1214	1815	0.5
1215	1815	0.25
1216	1815	0.25
1814	1815	0.5
356	1816	0.25
357	1816	0.25
358	1816	0.5
1214	1816	0.5
1215	1816	0.25
1216	1816	0.25
1814	1816	0.5
1815	1816	0.5
361	1817	0.25
362	1817	0.25
363	1817	0.5
1217	1817	0.5
1218	1817	0.25
1219	1817	0.25
361	1818	0.25
362	1818	0.25
363	1818	0.5
1217	1818	0.5
1218	1818	0.25
1219	1818	0.25
1817	1818	0.5
361	1819	0.25
362	1819	0.25
363	1819	0.5
1217	1819	0.5
1218	1819	0.25
1219	1819	0.25
1817	1819	0.5
1818	1819	0.5
366	1820	0.25
367	1820	0.25
368	1820	0.5
1220	1820	0.5
1221	1820	0.25
1222	1820	0.25
366	1821	0.25
367	1821	0.25
368	1821	0.5
1220	1821	0.5
1221	1821	0.25
1222	1821	0.25
1820	1821	0.5
366	1822	0.25
367	1822	0.25
368	1822	0.5
1220	1822	0.5
1221	1822	0.25
1222	1822	0.25
1820	1822	0.5
1821	1822	0.5
371	1823	0.25
372	1823	0.25
373	1823	0.5
1223	1823	0.5
1224	1823	0.25
1225	1823	0.25
371	1824	0.25
372	1824	0.25
373	1824	0.5
1223	1824	0.5
1224	1824	0.25
1225	1824	0.25
1823	1824	0.5
371	1825	0.25
372	1825	0.25
373	1825	0.5
1223	1825	0.5
1224	1825	0.25
1225	1825	0.25
1823	1825	0.5
1824	1825	0.5
376	1826	0.25
377	1826	0.25
378	1826	0.5
1226	1826	0.5
1227	1826	0.25
1228	1826	0.25
376	1827	0.25
377	1827	0.25
378	1827	0.5
1226	1827	0.5
1227	1827	0.25
1228	1827	0.25
1826	1827	0.5
376	1828	0.25
377	1828	0.25
378	1828	0.5
1226	1828	0.5
1227	1828	0.25
1228	1828	0.25
1826	1828	0.5
1827	1828	0.5
381	1829	0.25
382	1829	0.25
383	1829	0.5
1229	1829	0.5
1230	1829	0.25
1231	1829	0.25
381	1830	0.25
382	1830	0.25
383	1830	0.5
1229	1830	0.5
1230	1830	0.25
1231	1830	0.25
1829	1830	0.5
381	1831	0.25
382	1831	0.25
383	1831	0.5
1229	1831	0.5
1230	1831	0.25
1231	1831	0.25
1829	1831	0.5
1830	1831	0.5
386	1832	0.25
387	1832	0.25
388	1832	0.5
1232	1832	0.5
1233	1832	0.25
1234	1832	0.25
386	1833	0.25
387	1833	0.25
388	1833	0.5
1232	1833	0.5
1233	1833	0.25
1234	1833	0.25
1832	1833	0.5
386	1834	0.25
387	1834	0.25
388	1834	0.5
1232	1834	0.5
1233	1834	0.25
1234	1834	0.25
1832	1834	0.5
1833	1834	0.5
391	1835	0.25
392	1835	0.25
393	1835	0.5
1235	1835	0.5
1236	1835	0.25
1237	1835	0.25
391	1836	0.25
392	1836	0.25
393	1836	0.5
1235	1836	0.5
1236	1836	0.25
1237	1836	0.25
1835	1836	0.5
391	1837	0.25
392	1837	0.25
393	1837	0.5
1235	1837	0.5
1236	1837	0.25
1237	1837	0.25
1835	1837	0.5
1836	1837	0.5
396	1838	0.25
397	1838	0.25
398	1838	0.5
1238	1838	0.5
1239	1838	0.25
1240	1838	0.25
396	1839	0.25
397	1839	0.25
398	1839	0.5
1238	1839	0.5
1239	1839	0.25
1240	1839	0.25
1838	1839	0.5
396	1840	0.25
397	1840	0.25
398	1840	0.5
1238	1840	0.5
1239	1840	0.25
1240	1840	0.25
1838	1840	0.5
1839	1840	0.5
401	1841	0.25
402	1841	0.25
403	1841	0.5
1241	1841	0.5
1242	1841	0.25
1243	1841	0.25
401	1842	0.25
402	1842	0.25
403	1842	0.5
1241	1842	0.5
1242	1842	0.25
1243	1842	0.25
1841	1842	0.5
401	1843	0.25
402	1843	0.25
403	1843	0.5
1241	1843	0.5
1242	1843	0.25
1243	1843	0.25
1841	1843	0.5
1842	1843	0.5
406	1844	0.25
407	1844	0.25
408	1844	0.5
1244	1844	0.5
1245	1844	0.25
1246	1844	0.25
406	1845	0.25
407	1845	0.25
408	1845	0.5
1244	1845	0.5
1245	1845	0.25
1246	1845	0.25
1844	1845	0.5
406	1846	0.25
407	1846	0.25
408	1846	0.5
1244	1846	0.5
1245	1846	0.25
1246	1846	0.25
1844	1846	0.5
1845	1846	0.5
411	1847	0.25
412	1847	0.25
413	1847	0.5
1247	1847	0.5
1248	1847	0.25
1249	1847	0.25
411	1848	0.25
412	1848	0.25
413	1848	0.5
1247	1848	0.5
1248	1848	0.25
1249	1848	0.25
1847	1848	0.5
411	1849	0.25
412	1849	0.25
413	1849	0.5
1247	1849	0.5
1248	1849	0.25
1249	1849	0.25
1847	1849	0.5
1848	1849	0.5
416	1850	0.25
417	1850	0.25
418	1850	0.5
1250	1850	0.5
1251	1850	0.25
1252	1850	0.25
416	1851	0.25
417	1851	0.25
418	1851	0.5
1250	1851	0.5
1251	1851	0.25
1252	1851	0.25
1850	1851	0.5
416	1852	0.25
417	1852	0.25
418	1852	0.5
1250	1852	0.5
1251	1852	0.25
1252	1852	0.25
1850	1852	0.5
1851	1852	0.5
421	1853	0.25
422	1853	0.25
423	1853	0.5
1253	1853	0.5
1254	1853	0.25
1255	1853	0.25
421	1854	0.25
422	1854	0.25
423	1854	0.5
1253	1854	0.5
1254	1854	0.25
1255	1854	0.25
1853	1854	0.5
421	1855	0.25
422	1855	0.25
423	1855	0.5
1253	1855	0.5
1254	1855	0.25
1255	1855	0.25
1853	1855	0.5
1854	1855	0.5
426	1856	0.25
427	1856	0.25
428	1856	0.5
1256	1856	0.5
1257	1856	0.25
1258	1856	0.25
426	1857	0.25
427	1857	0.25
428	1857	0.5
1256	1857	0.5
1257	1857	0.25
1258	1857	0.25
1856	1857	0.5
426	1858	0.25
427	1858	0.25
428	1858	0.5
1256	1858	0.5
1257	1858	0.25
1258	1858	0.25
1856	1858	0.5
1857	1858	0.5
431	1859	0.25
432	1859	0.25
433	1859	0.5
1259	1859	0.5
1260	1859	0.25
1261	1859	0.25
431	1860	0.25
432	1860	0.25
433	1860	0.5
1259	1860	0.5
1260	1860	0.25
1261	1860	0.25
1859	1860	0.5
431	1861	0.25
432	1861	0.25
433	1861	0.5
1259	1861	0.5
1260	1861	0.25
1261	1861	0.25
1859	1861	0.5
1860	1861	0.5
436	1862	0.25
437	1862	0.25
438	1862	0.5
1262	1862	0.5
1263	1862	0.25
1264	1862	0.25
436	1863	0.25
437	1863	0.25
438	1863	0.5
1262	1863	0.5
1263	1863	0.25
1264	1863	0.25
1862	1863	0.5
436	1864	0.25
437	1864	0.25
438	1864	0.5
1262	1864	0.5
1263	1864	0.25
1264	1864	0.25
1862	1864	0.5
1863	1864	0.5
441	1865	0.25
442	1865	0.25
443	1865	0.5
1265	1865	0.5
1266	1865	0.25
1267	1865	0.25
441	1866	0.25
442	1866	0.25
443	1866	0.5
1265	1866	0.5
1266	1866	0.25
1267	1866	0.25
1865	1866	0.5
441	1867	0.25
442	1867	0.25
443	1867	0.5
1265	1867	0.5
1266	1867	0.25
1267	1867	0.25
1865	1867	0.5
1866	1867	0.5
446	1868	0.25
447	1868	0.25
448	1868	0.5
1268	1868	0.5
1269	1868	0.25
1270	1868	0.25
446	1869	0.25
447	1869	0.25
448	1869	0.5
1268	1869	0.5
1269	1869	0.25
1270	1869	0.25
1868	1869	0.5
446	1870	0.25
447	1870	0.25
448	1870	0.5
1268	1870	0.5
1269	1870	0.25
1270	1870	0.25
1868	1870	0.5
1869	1870	0.5
451	1871	0.25
452	1871	0.25
453	1871	0.5
1271	1871	0.5
1272	1871	0.25
1273	1871	0.25
451	1872	0.25
452	1872	0.25
453	1872	0.5
1271	1872	0.5
1272	1872	0.25
1273	1872	0.25
1871	1872	0.5
451	1873	0.25
452	1873	0.25
453	1873	0.5
1271	1873	0.5
1272	1873	0.25
1273	1873	0.25
1871	1873	0.5
1872	1873	0.5
456	1874	0.25
457	1874	0.25
458	1874	0.5
1274	1874	0.5
1275	1874	0.25
1276	1874	0.25
456	1875	0.25
457	1875	0.25
458	1875	0.5
1274	1875	0.5
1275	1875	0.25
1276	1875	0.25
1874	1875	0.5
456	1876	0.25
457	1876	0.25
458	1876	0.5
1274	1876	0.5
1275	1876	0.25
1276	1876	0.25
1874	1876	0.5
1875	1876	0.5
461	1877	0.25
462	1877	0.25
463	1877	0.5
1277	1877	0.5
1278	1877	0.25
1279	1877	0.25
461	1878	0.25
462	1878	0.25
463	1878	0.5
1277	1878	0.5
1278	1878	0.25
1279	1878	0.25
1877	1878	0.5
461	1879	0.25
462	1879	0.25
463	1879	0.5
1277	1879	0.5
1278	1879	0.25
1279	1879	0.25
1877	1879	0.5
1878	1879	0.5
466	1880	0.25
467	1880	0.25
468	1880	0.5
1280	1880	0.5
1281	1880	0.25
1282	1880	0.25
466	1881	0.25
467	1881	0.25
468	1881	0.5
1280	1881	0.5
1281	1881	0.25
1282	1881	0.25
1880	1881	0.5
466	1882	0.25
467	1882	0.25
468	1882	0.5
1280	1882	0.5
1281	1882	0.25
1282	1882	0.25
1880	1882	0.5
1881	1882	0.5
471	1883	0.25
472	1883	0.25
473	1883	0.5
1283	1883	0.5
1284	1883	0.25
1285	1883	0.25
471	1884	0.25
472	1884	0.25
473	1884	0.5
1283	1884	0.5
1284	1884	0.25
1285	1884	0.25
1883	1884	0.5
471	1885	0.25
472	1885	0.25
473	1885	0.5
1283	1885	0.5
1284	1885	0.25
1285	1885	0.25
1883	1885	0.5
1884	1885	0.5
476	1886	0.25
477	1886	0.25
478	1886	0.5
1286	1886	0.5
1287	1886	0.25
1288	1886	0.25
476	1887	0.25
477	1887	0.25
478	1887	0.5
1286	1887	0.5
1287	1887	0.25
1288	1887	0.25
1886	1887	0.5
476	1888	0.25
477	1888	0.25
478	1888	0.5
1286	1888	0.5
1287	1888	0.25
1288	1888	0.25
1886	1888	0.5
1887	1888	0.5
481	1889	0.25
482	1889	0.25
483	1889	0.5
1289	1889	0.5
1290	1889	0.25
1291	1889	0.25
481	1890	0.25
482	1890	0.25
483	1890	0.5
1289	1890	0.5
1290	1890	0.25
1291	1890	0.25
1889	1890	0.5
481	1891	0.25
482	1891	0.25
483	1891	0.5
1289	1891	0.5
1290	1891	0.25
1291	1891	0.25
1889	1891	0.5
1890	1891	0.5
486	1892	0.25
487	1892	0.25
488	1892	0.5
1292	1892	0.5
1293	1892	0.25
1294	1892	0.25
486	1893	0.25
487	1893	0.25
488	1893	0.5
1292	1893	0.5
1293	1893	0.25
1294	1893	0.25
1892	1893	0.5
486	1894	0.25
487	1894	0.25
488	1894	0.5
1292	1894	0.5
1293	1894	0.25
1294	1894	0.25
1892	1894	0.5
1893	1894	0.5
491	1895	0.25
492	1895	0.25
493	1895	0.5
1295	1895	0.5
1296	1895	0.25
1297	1895	0.25
491	1896	0.25
492	1896	0.25
493	1896	0.5
1295	1896	0.5
1296	1896	0.25
1297	1896	0.25
1895	1896	0.5
491	1897	0.25
492	1897	0.25
493	1897	0.5
1295	1897	0.5
1296	1897	0.25
1297	1897	0.25
1895	1897	0.5
1896	1897	0.5
496	1898	0.25
497	1898	0.25
498	1898	0.5
1298	1898	0.5
1299	1898	0.25
1300	1898	0.25
496	1899	0.25
497	1899	0.25
498	1899	0.5
1298	1899	0.5
1299	1899	0.25
1300	1899	0.25
1898	1899	0.5
496	1900	0.25
497	1900	0.25
498	1900	0.5
1298	1900	0.5
1299	1900	0.25
1300	1900	0.25
1898	1900	0.5
1899	1900	0.5
501	1901	0.25
502	1901	0.25
503	1901	0.5
1301	1901	0.5
1302	1901	0.25
1303	1901	0.25
501	1902	0.25
502	1902	0.25
503	1902	0.5
1301	1902	0.5
1302	1902	0.25
1303	1902	0.25
1901	1902	0.5
501	1903	0.25
502	1903	0.25
503	1903	0.5
1301	1903	0.5
1302	1903	0.25
1303	1903	0.25
1901	1903	0.5
1902	1903	0.5
506	1904	0.25
507	1904	0.25
508	1904	0.5
1304	1904	0.5
1305	1904	0.25
1306	1904	0.25
506	1905	0.25
507	1905	0.25
508	1905	0.5
1304	1905	0.5
1305	1905	0.25
1306	1905	0.25
1904	1905	0.5
506	1906	0.25
507	1906	0.25
508	1906	0.5
1304	1906	0.5
1305	1906	0.25
1306	1906	0.25
1904	1906	0.5
1905	1906	0.5
511	1907	0.25
512	1907	0.25
513	1907	0.5
1307	1907	0.5
1308	1907	0.25
1309	1907	0.25
511	1908	0.25
512	1908	0.25
513	1908	0.5
1307	1908	0.5
1308	1908	0.25
1309	1908	0.25
1907	1908	0.5
511	1909	0.25
512	1909	0.25
513	1909	0.5
1307	1909	0.5
1308	1909	0.25
1309	1909	0.25
1907	1909	0.5
1908	1909	0.5
516	1910	0.25
517	1910	0.25
518	1910	0.5
1310	1910	0.5
1311	1910	0.25
1312	1910	0.25
516	1911	0.25
517	1911	0.25
518	1911	0.5
1310	1911	0.5
1311	1911	0.25
1312	1911	0.25
1910	1911	0.5
516	1912	0.25
517	1912	0.25
518	1912	0.5
1310	1912	0.5
1311	1912	0.25
1312	1912	0.25
1910	1912	0.5
1911	1912	0.5
521	1913	0.25
522	1913	0.25
523	1913	0.5
1313	1913	0.5
1314	1913	0.25
1315	1913	0.25
521	1914	0.25
522	1914	0.25
523	1914	0.5
1313	1914	0.5
1314	1914	0.25
1315	1914	0.25
1913	1914	0.5
521	1915	0.25
522	1915	0.25
523	1915	0.5
1313	1915	0.5
1314	1915	0.25
1315	1915	0.25
1913	1915	0.5
1914	1915	0.5
526	1916	0.25
527	1916	0.25
528	1916	0.5
1316	1916	0.5
1317	1916	0.25
1318	1916	0.25
526	1917	0.25
527	1917	0.25
528	1917	0.5
1316	1917	0.5
1317	1917	0.25
1318	1917	0.25
1916	1917	0.5
526	1918	0.25
527	1918	0.25
528	1918	0.5
1316	1918	0.5
1317	1918	0.25
1318	1918	0.25
1916	1918	0.5
1917	1918	0.5
531	1919	0.25
532	1919	0.25
533	1919	0.5
1319	1919	0.5
1320	1919	0.25
1321	1919	0.25
531	1920	0.25
532	1920	0.25
533	1920	0.5
1319	1920	0.5
1320	1920	0.25
1321	1920	0.25
1919	1920	0.5
531	1921	0.25
532	1921	0.25
533	1921	0.5
1319	1921	0.5
1320	1921	0.25
1321	1921	0.25
1919	1921	0.5
1920	1921	0.5
536	1922	0.25
537	1922	0.25
538	1922	0.5
1322	1922	0.5
1323	1922	0.25
1324	1922	0.25
536	1923	0.25
537	1923	0.25
538	1923	0.5
1322	1923	0.5
1323	1923	0.25
1324	1923	0.25
1922	1923	0.5
536	1924	0.25
537	1924	0.25
538	1924	0.5
1322	1924	0.5
1323	1924	0.25
1324	1924	0.25
1922	1924	0.5
1923	1924	0.5
541	1925	0.25
542	1925	0.25
543	1925	0.5
1325	1925	0.5
1326	1925	0.25
1327	1925	0.25
541	1926	0.25
542	1926	0.25
543	1926	0.5
1325	1926	0.5
1326	1926	0.25
1327	1926	0.25
1925	1926	0.5
541	1927	0.25
542	1927	0.25
543	1927	0.5
1325	1927	0.5
1326	1927	0.25
1327	1927	0.25
1925	1927	0.5
1926	1927	0.5
546	1928	0.25
547	1928	0.25
548	1928	0.5
1328	1928	0.5
1329	1928	0.25
1330	1928	0.25
546	1929	0.25
547	1929	0.25
548	1929	0.5
1328	1929	0.5
1329	1929	0.25
1330	1929	0.25
1928	1929	0.5
546	1930	0.25
547	1930	0.25
548	1930	0.5
1328	1930	0.5
1329	1930	0.25
1330	1930	0.25
1928	1930	0.5
1929	1930	0.5
551	1931	0.25
552	1931	0.25
553	1931	0.5
1331	1931	0.5
1332	1931	0.25
1333	1931	0.25
551	1932	0.25
552	1932	0.25
553	1932	0.5
1331	1932	0.5
1332	1932	0.25
1333	1932	0.25
1931	1932	0.5
551	1933	0.25
552	1933	0.25
553	1933	0.5
1331	1933	0.5
1332	1933	0.25
1333	1933	0.25
1931	1933	0.5
1932	1933	0.5
556	1934	0.25
557	1934	0.25
558	1934	0.5
1334	1934	0.5
1335	1934	0.25
1336	1934	0.25
556	1935	0.25
557	1935	0.25
558	1935	0.5
1334	1935	0.5
1335	1935	0.25
1336	1935	0.25
1934	1935	0.5
556	1936	0.25
557	1936	0.25
558	1936	0.5
1334	1936	0.5
1335	1936	0.25
1336	1936	0.25
1934	1936	0.5
1935	1936	0.5
561	1937	0.25
562	1937	0.25
563	1937	0.5
1337	1937	0.5
1338	1937	0.25
1339	1937	0.25
561	1938	0.25
562	1938	0.25
563	1938	0.5
1337	1938	0.5
1338	1938	0.25
1339	1938	0.25
1937	1938	0.5
561	1939	0.25
562	1939	0.25
563	1939	0.5
1337	1939	0.5
1338	1939	0.25
1339	1939	0.25
1937	1939	0.5
1938	1939	0.5
566	1940	0.25
567	1940	0.25
568	1940	0.5
1340	1940	0.5
1341	1940	0.25
1342	1940	0.25
566	1941	0.25
567	1941	0.25
568	1941	0.5
1340	1941	0.5
1341	1941	0.25
1342	1941	0.25
1940	1941	0.5
566	1942	0.25
567	1942	0.25
568	1942	0.5
1340	1942	0.5
1341	1942	0.25
1342	1942	0.25
1940	1942	0.5
1941	1942	0.5
571	1943	0.25
572	1943	0.25
573	1943	0.5
1343	1943	0.5
1344	1943	0.25
1345	1943	0.25
571	1944	0.25
572	1944	0.25
573	1944	0.5
1343	1944	0.5
1344	1944	0.25
1345	1944	0.25
1943	1944	0.5
571	1945	0.25
572	1945	0.25
573	1945	0.5
1343	1945	0.5
1344	1945	0.25
1345	1945	0.25
1943	1945	0.5
1944	1945	0.5
576	1946	0.25
577	1946	0.25
578	1946	0.5
1346	1946	0.5
1347	1946	0.25
1348	1946	0.25
576	1947	0.25
577	1947	0.25
578	1947	0.5
1346	1947	0.5
1347	1947	0.25
1348	1947	0.25
1946	1947	0.5
576	1948	0.25
577	1948	0.25
578	1948	0.5
1346	1948	0.5
1347	1948	0.25
1348	1948	0.25
1946	1948	0.5
1947	1948	0.5
581	1949	0.25
582	1949	0.25
583	1949	0.5
1349	1949	0.5
1350	1949	0.25
1351	1949	0.25
581	1950	0.25
582	1950	0.25
583	1950	0.5
1349	1950	0.5
1350	1950	0.25
1351	1950	0.25
1949	1950	0.5
581	1951	0.25
582	1951	0.25
583	1951	0.5
1349	1951	0.5
1350	1951	0.25
1351	1951	0.25
1949	1951	0.5
1950	1951	0.5
586	1952	0.25
587	1952	0.25
588	1952	0.5
1352	1952	0.5
1353	1952	0.25
1354	1952	0.25
586	1953	0.25
587	1953	0.25
588	1953	0.5
1352	1953	0.5
1353	1953	0.25
1354	1953	0.25
1952	1953	0.5
586	1954	0.25
587	1954	0.25
588	1954	0.5
1352	1954	0.5
1353	1954	0.25
1354	1954	0.25
1952	1954	0.5
1953	1954	0.5
591	1955	0.25
592	1955	0.25
593	1955	0.5
1355	1955	0.5
1356	1955	0.25
1357	1955	0.25
591	1956	0.25
592	1956	0.25
593	1956	0.5
1355	1956	0.5
1356	1956	0.25
1357	1956	0.25
1955	1956	0.5
591	1957	0.25
592	1957	0.25
593	1957	0.5
1355	1957	0.5
1356	1957	0.25
1357	1957	0.25
1955	1957	0.5
1956	1957	0.5
596	1958	0.25
597	1958	0.25
598	1958	0.5
1358	1958	0.5
1359	1958	0.25
1360	1958	0.25
596	1959	0.25
597	1959	0.25
598	1959	0.5
1358	1959	0.5
1359	1959	0.25
1360	1959	0.25
1958	1959	0.5
596	1960	0.25
597	1960	0.25
598	1960	0.5
1358	1960	0.5
1359	1960	0.25
1360	1960	0.25
1958	1960	0.5
1959	1960	0.5
601	1961	0.25
602	1961	0.25
603	1961	0.5
1361	1961	0.5
1362	1961	0.25
1363	1961	0.25
601	1962	0.25
602	1962	0.25
603	1962	0.5
1361	1962	0.5
1362	1962	0.25
1363	1962	0.25
1961	1962	0.5
601	1963	0.25
602	1963	0.25
603	1963	0.5
1361	1963	0.5
1362	1963	0.25
1363	1963	0.25
1961	1963	0.5
1962	1963	0.5
606	1964	0.25
607	1964	0.25
608	1964	0.5
1364	1964	0.5
1365	1964	0.25
1366	1964	0.25
606	1965	0.25
607	1965	0.25
608	1965	0.5
1364	1965	0.5
1365	1965	0.25
1366	1965	0.25
1964	1965	0.5
606	1966	0.25
607	1966	0.25
608	1966	0.5
1364	1966	0.5
1365	1966	0.25
1366	1966	0.25
1964	1966	0.5
1965	1966	0.5
611	1967	0.25
612	1967	0.25
613	1967	0.5
1367	1967	0.5
1368	1967	0.25
1369	1967	0.25
611	1968	0.25
612	1968	0.25
613	1968	0.5
1367	1968	0.5
1368	1968	0.25
1369	1968	0.25
1967	1968	0.5
611	1969	0.25
612	1969	0.25
613	1969	0.5
1367	1969	0.5
1368	1969	0.25
1369	1969	0.25
1967	1969	0.5
1968	1969	0.5
616	1970	0.25
617	1970	0.25
618	1970	0.5
1370	1970	0.5
1371	1970	0.25
1372	1970	0.25
616	1971	0.25
617	1971	0.25
618	1971	0.5
1370	1971	0.5
1371	1971	0.25
1372	1971	0.25
1970	1971	0.5
616	1972	0.25
617	1972	0.25
618	1972	0.5
1370	1972	0.5
1371	1972	0.25
1372	1972	0.25
1970	1972	0.5
1971	1972	0.5
621	1973	0.25
622	1973	0.25
623	1973	0.5
1373	1973	0.5
1374	1973	0.25
1375	1973	0.25
621	1974	0.25
622	1974	0.25
623	1974	0.5
1373	1974	0.5
1374	1974	0.25
1375	1974	0.25
1973	1974	0.5
621	1975	0.25
622	1975	0.25
623	1975	0.5
1373	1975	0.5
1374	1975	0.25
1375	1975	0.25
1973	1975	0.5
1974	1975	0.5
626	1976	0.25
627	1976	0.25
628	1976	0.5
1376	1976	0.5
1377	1976	0.25
1378	1976	0.25
626	1977	0.25
627	1977	0.25
628	1977	0.5
1376	1977	0.5
1377	1977	0.25
1378	1977	0.25
1976	1977	0.5
626	1978	0.25
627	1978	0.25
628	1978	0.5
1376	1978	0.5
1377	1978	0.25
1378	1978	0.25
1976	1978	0.5
1977	1978	0.5
631	1979	0.25
632	1979	0.25
633	1979	0.5
1379	1979	0.5
1380	1979	0.25
1381	1979	0.25
631	1980	0.25
632	1980	0.25
633	1980	0.5
1379	1980	0.5
1380	1980	0.25
1381	1980	0.25
1979	1980	0.5
631	1981	0.25
632	1981	0.25
633	1981	0.5
1379	1981	0.5
1380	1981	0.25
1381	1981	0.25
1979	1981	0.5
1980	1981	0.5
636	1982	0.25
637	1982	0.25
638	1982	0.5
1382	1982	0.5
1383	1982	0.25
1384	1982	0.25
636	1983	0.25
637	1983	0.25
638	1983	0.5
1382	1983	0.5
1383	1983	0.25
1384	1983	0.25
1982	1983	0.5
636	1984	0.25
637	1984	0.25
638	1984	0.5
1382	1984	0.5
1383	1984	0.25
1384	1984	0.25
1982	1984	0.5
1983	1984	0.5
641	1985	0.25
642	1985	0.25
643	1985	0.5
1385	1985	0.5
1386	1985	0.25
1387	1985	0.25
641	1986	0.25
642	1986	0.25
643	1986	0.5
1385	1986	0.5
1386	1986	0.25
1387	1986	0.25
1985	1986	0.5
641	1987	0.25
642	1987	0.25
643	1987	0.5
1385	1987	0.5
1386	1987	0.25
1387	1987	0.25
1985	1987	0.5
1986	1987	0.5
646	1988	0.25
647	1988	0.25
648	1988	0.5
1388	1988	0.5
1389	1988	0.25
1390	1988	0.25
646	1989	0.25
647	1989	0.25
648	1989	0.5
1388	1989	0.5
1389	1989	0.25
1390	1989	0.25
1988	1989	0.5
646	1990	0.25
647	1990	0.25
648	1990	0.5
1388	1990	0.5
1389	1990	0.25
1390	1990	0.25
1988	1990	0.5
1989	1990	0.5
651	1991	0.25
652	1991	0.25
653	1991	0.5
1391	1991	0.5
1392	1991	0.25
1393	1991	0.25
651	1992	0.25
652	1992	0.25
653	1992	0.5
1391	1992	0.5
1392	1992	0.25
1393	1992	0.25
1991	1992	0.5
651	1993	0.25
652	1993	0.25
653	1993	0.5
1391	1993	0.5
1392	1993	0.25
1393	1993	0.25
1991	1993	0.5
1992	1993	0.5
656	1994	0.25
657	1994	0.25
658	1994	0.5
1394	1994	0.5
1395	1994	0.25
1396	1994	0.25
656	1995	0.25
657	1995	0.25
658	1995	0.5
1394	1995	0.5
1395	1995	0.25
1396	1995	0.25
1994	1995	0.5
656	1996	0.25
657	1996	0.25
658	1996	0.5
1394	1996	0.5
1395	1996	0.25
1396	1996	0.25
1994	1996	0.5
1995	1996	0.5
661	1997	0.25
662	1997	0.25
663	1997	0.5
1397	1997	0.5
1398	1997	0.25
1399	1997	0.25
661	1998	0.25
662	1998	0.25
663	1998	0.5
1397	1998	0.5
1398	1998	0.25
1399	1998	0.25
1997	1998	0.5
661	1999	0.25
662	1999	0.25
663	1999	0.5
1397	1999	0.5
1398	1999	0.25
1399	1999	0.25
1997	1999	0.5
1998	1999	0.5
666	2000	0.25
667	2000	0.25
668	2000	0.5
1400	2000	0.5
1401	2000	0.25
1402	2000	0.25
666	2001	0.25
667	2001	0.25
668	2001	0.5
1400	2001	0.5
1401	2001	0.25
1402	2001	0.25
2000	2001	0.5
666	2002	0.25
667	2002	0.25
668	2002	0.5
1400	2002	0.5
1401	2002	0.25
1402	2002	0.25
2000	2002	0.5
2001	2002	0.5
671	2003	0.25
672	2003	0.25
673	2003	0.5
1403	2003	0.5
1404	2003	0.25
1405	2003	0.25
671	2004	0.25
672	2004	0.25
673	2004	0.5
1403	2004	0.5
1404	2004	0.25
1405	2004	0.25
2003	2004	0.5
671	2005	0.25
672	2005	0.25
673	2005	0.5
1403	2005	0.5
1404	2005	0.25
1405	2005	0.25
2003	2005	0.5
2004	2005	0.5
676	2006	0.25
677	2006	0.25
678	2006	0.5
1406	2006	0.5
1407	2006	0.25
1408	2006	0.25
676	2007	0.25
677	2007	0.25
678	2007	0.5
1406	2007	0.5
1407	2007	0.25
1408	2007	0.25
2006	2007	0.5
676	2008	0.25
677	2008	0.25
678	2008	0.5
1406	2008	0.5
1407	2008	0.25
1408	2008	0.25
2006	2008	0.5
2007	2008	0.5
681	2009	0.25
682	2009	0.25
683	2009	0.5
1409	2009	0.5
1410	2009	0.25
1411	2009	0.25
681	2010	0.25
682	2010	0.25
683	2010	0.5
1409	2010	0.5
1410	2010	0.25
1411	2010	0.25
2009	2010	0.5
681	2011	0.25
682	2011	0.25
683	2011	0.5
1409	2011	0.5
1410	2011	0.25
1411	2011	0.25
2009	2011	0.5
2010	2011	0.5
686	2012	0.25
687	2012	0.25
688	2012	0.5
1412	2012	0.5
1413	2012	0.25
1414	2012	0.25
686	2013	0.25
687	2013	0.25
688	2013	0.5
1412	2013	0.5
1413	2013	0.25
1414	2013	0.25
2012	2013	0.5
686	2014	0.25
687	2014	0.25
688	2014	0.5
1412	2014	0.5
1413	2014	0.25
1414	2014	0.25
2012	2014	0.5
2013	2014	0.5
691	2015	0.25
692	2015	0.25
693	2015	0.5
1415	2015	0.5
1416	2015	0.25
1417	2015	0.25
691	2016	0.25
692	2016	0.25
693	2016	0.5
1415	2016	0.5
1416	2016	0.25
1417	2016	0.25
2015	2016	0.5
691	2017	0.25
692	2017	0.25
693	2017	0.5
1415	2017	0.5
1416	2017	0.25
1417	2017	0.25
2015	2017	0.5
2016	2017	0.5
696	2018	0.25
697	2018	0.25
698	2018	0.5
1418	2018	0.5
1419	2018	0.25
1420	2018	0.25
696	2019	0.25
697	2019	0.25
698	2019	0.5
1418	2019	0.5
1419	2019	0.25
1420	2019	0.25
2018	2019	0.5
696	2020	0.25
697	2020	0.25
698	2020	0.5
1418	2020	0.5
1419	2020	0.25
1420	2020	0.25
2018	2020	0.5
2019	2020	0.5
701	2021	0.25
702	2021	0.25
703	2021	0.5
1421	2021	0.5
1422	2021	0.25
1423	2021	0.25
701	2022	0.25
702	2022	0.25
703	2022	0.5
1421	2022	0.5
1422	2022	0.25
1423	2022	0.25
2021	2022	0.5
701	2023	0.25
702	2023	0.25
703	2023	0.5
1421	2023	0.5
1422	2023	0.25
1423	2023	0.25
2021	2023	0.5
2022	2023	0.5
706	2024	0.25
707	2024	0.25
708	2024	0.5
1424	2024	0.5
1425	2024	0.25
1426	2024	0.25
706	2025	0.25
707	2025	0.25
708	2025	0.5
1424	2025	0.5
1425	2025	0.25
1426	2025	0.25
2024	2025	0.5
706	2026	0.25
707	2026	0.25
708	2026	0.5
1424	2026	0.5
1425	2026	0.25
1426	2026	0.25
2024	2026	0.5
2025	2026	0.5
711	2027	0.25
712	2027	0.25
713	2027	0.5
1427	2027	0.5
1428	2027	0.25
1429	2027	0.25
711	2028	0.25
712	2028	0.25
713	2028	0.5
1427	2028	0.5
1428	2028	0.25
1429	2028	0.25
2027	2028	0.5
711	2029	0.25
712	2029	0.25
713	2029	0.5
1427	2029	0.5
1428	2029	0.25
1429	2029	0.25
2027	2029	0.5
2028	2029	0.5
716	2030	0.25
717	2030	0.25
718	2030	0.5
1430	2030	0.5
1431	2030	0.25
1432	2030	0.25
716	2031	0.25
717	2031	0.25
718	2031	0.5
1430	2031	0.5
1431	2031	0.25
1432	2031	0.25
2030	2031	0.5
716	2032	0.25
717	2032	0.25
718	2032	0.5
1430	2032	0.5
1431	2032	0.25
1432	2032	0.25
2030	2032	0.5
2031	2032	0.5
721	2033	0.25
722	2033	0.25
723	2033	0.5
1433	2033	0.5
1434	2033	0.25
1435	2033	0.25
721	2034	0.25
722	2034	0.25
723	2034	0.5
1433	2034	0.5
1434	2034	0.25
1435	2034	0.25
2033	2034	0.5
721	2035	0.25
722	2035	0.25
723	2035	0.5
1433	2035	0.5
1434	2035	0.25
1435	2035	0.25
2033	2035	0.5
2034	2035	0.5
726	2036	0.25
727	2036	0.25
728	2036	0.5
1436	2036	0.5
1437	2036	0.25
1438	2036	0.25
726	2037	0.25
727	2037	0.25
728	2037	0.5
1436	2037	0.5
1437	2037	0.25
1438	2037	0.25
2036	2037	0.5
726	2038	0.25
727	2038	0.25
728	2038	0.5
1436	2038	0.5
1437	2038	0.25
1438	2038	0.25
2036	2038	0.5
2037	2038	0.5
731	2039	0.25
732	2039	0.25
733	2039	0.5
1439	2039	0.5
1440	2039	0.25
1441	2039	0.25
731	2040	0.25
732	2040	0.25
733	2040	0.5
1439	2040	0.5
1440	2040	0.25
1441	2040	0.25
2039	2040	0.5
731	2041	0.25
732	2041	0.25
733	2041	0.5
1439	2041	0.5
1440	2041	0.25
1441	2041	0.25
2039	2041	0.5
2040	2041	0.5
736	2042	0.25
737	2042	0.25
738	2042	0.5
1442	2042	0.5
1443	2042	0.25
1444	2042	0.25
736	2043	0.25
737	2043	0.25
738	2043	0.5
1442	2043	0.5
1443	2043	0.25
1444	2043	0.25
2042	2043	0.5
736	2044	0.25
737	2044	0.25
738	2044	0.5
1442	2044	0.5
1443	2044	0.25
1444	2044	0.25
2042	2044	0.5
2043	2044	0.5
741	2045	0.25
742	2045	0.25
743	2045	0.5
1445	2045	0.5
1446	2045	0.25
1447	2045	0.25
741	2046	0.25
742	2046	0.25
743	2046	0.5
1445	2046	0.5
1446	2046	0.25
1447	2046	0.25
2045	2046	0.5
741	2047	0.25
742	2047	0.25
743	2047	0.5
1445	2047	0.5
1446	2047	0.25
1447	2047	0.25
2045	2047	0.5
2046	2047	0.5
746	2048	0.25
747	2048	0.25
748	2048	0.5
1448	2048	0.5
1449	2048	0.25
1450	2048	0.25
746	2049	0.25
747	2049	0.25
748	2049	0.5
1448	2049	0.5
1449	2049	0.25
1450	2049	0.25
2048	2049	0.5
746	2050	0.25
747	2050	0.25
748	2050	0.5
1448	2050	0.5
1449	2050	0.25
1450	2050	0.25
2048	2050	0.5
2049	2050	0.5
751	2051	0.25
752	2051	0.25
753	2051	0.5
1451	2051	0.5
1452	2051	0.25
1453	2051	0.25
751	2052	0.25
752	2052	0.25
753	2052	0.5
1451	2052	0.5
1452	2052	0.25
1453	2052	0.25
2051	2052	0.5
751	2053	0.25
752	2053	0.25
753	2053	0.5
1451	2053	0.5
1452	2053	0.25
1453	2053	0.25
2051	2053	0.5
2052	2053	0.5
756	2054	0.25
757	2054	0.25
758	2054	0.5
1454	2054	0.5
1455	2054	0.25
1456	2054	0.25
756	2055	0.25
757	2055	0.25
758	2055	0.5
1454	2055	0.5
1455	2055	0.25
1456	2055	0.25
2054	2055	0.5
756	2056	0.25
757	2056	0.25
758	2056	0.5
1454	2056	0.5
1455	2056	0.25
1456	2056	0.25
2054	2056	0.5
2055	2056	0.5
761	2057	0.25
762	2057	0.25
763	2057	0.5
1457	2057	0.5
1458	2057	0.25
1459	2057	0.25
761	2058	0.25
762	2058	0.25
763	2058	0.5
1457	2058	0.5
1458	2058	0.25
1459	2058	0.25
2057	2058	0.5
761	2059	0.25
762	2059	0.25
763	2059	0.5
1457	2059	0.5
1458	2059	0.25
1459	2059	0.25
2057	2059	0.5
2058	2059	0.5
766	2060	0.25
767	2060	0.25
768	2060	0.5
1460	2060	0.5
1461	2060	0.25
1462	2060	0.25
766	2061	0.25
767	2061	0.25
768	2061	0.5
1460	2061	0.5
1461	2061	0.25
1462	2061	0.25
2060	2061	0.5
766	2062	0.25
767	2062	0.25
768	2062	0.5
1460	2062	0.5
1461	2062	0.25
1462	2062	0.25
2060	2062	0.5
2061	2062	0.5
771	2063	0.25
772	2063	0.25
773	2063	0.5
1463	2063	0.5
1464	2063	0.25
1465	2063	0.25
771	2064	0.25
772	2064	0.25
773	2064	0.5
1463	2064	0.5
1464	2064	0.25
1465	2064	0.25
2063	2064	0.5
771	2065	0.25
772	2065	0.25
773	2065	0.5
1463	2065	0.5
1464	2065	0.25
1465	2065	0.25
2063	2065	0.5
2064	2065	0.5
776	2066	0.25
777	2066	0.25
778	2066	0.5
1466	2066	0.5
1467	2066	0.25
1468	2066	0.25
776	2067	0.25
777	2067	0.25
778	2067	0.5
1466	2067	0.5
1467	2067	0.25
1468	2067	0.25
2066	2067	0.5
776	2068	0.25
777	2068	0.25
778	2068	0.5
1466	2068	0.5
1467	2068	0.25
1468	2068	0.25
2066	2068	0.5
2067	2068	0.5
781	2069	0.25
782	2069	0.25
783	2069	0.5
1469	2069	0.5
1470	2069	0.25
1471	2069	0.25
781	2070	0.25
782	2070	0.25
783	2070	0.5
1469	2070	0.5
1470	2070	0.25
1471	2070	0.25
2069	2070	0.5
781	2071	0.25
782	2071	0.25
783	2071	0.5
1469	2071	0.5
1470	2071	0.25
1471	2071	0.25
2069	2071	0.5
2070	2071	0.5
786	2072	0.25
787	2072	0.25
788	2072	0.5
1472	2072	0.5
1473	2072	0.25
1474	2072	0.25
786	2073	0.25
787	2073	0.25
788	2073	0.5
1472	2073	0.5
1473	2073	0.25
1474	2073	0.25
2072	2073	0.5
786	2074	0.25
787	2074	0.25
788	2074	0.5
1472	2074	0.5
1473	2074	0.25
1474	2074	0.25
2072	2074	0.5
2073	2074	0.5
791	2075	0.25
792	2075	0.25
793	2075	0.5
1475	2075	0.5
1476	2075	0.25
1477	2075	0.25
791	2076	0.25
792	2076	0.25
793	2076	0.5
1475	2076	0.5
1476	2076	0.25
1477	2076	0.25
2075	2076	0.5
791	2077	0.25
792	2077	0.25
793	2077	0.5
1475	2077	0.5
1476	2077	0.25
1477	2077	0.25
2075	2077	0.5
2076	2077	0.5
796	2078	0.25
797	2078	0.25
798	2078	0.5
1478	2078	0.5
1479	2078	0.25
1480	2078	0.25
796	2079	0.25
797	2079	0.25
798	2079	0.5
1478	2079	0.5
1479	2079	0.25
1480	2079	0.25
2078	2079	0.5
796	2080	0.25
797	2080	0.25
798	2080	0.5
1478	2080	0.5
1479	2080	0.25
1480	2080	0.25
2078	2080	0.5
2079	2080	0.5
801	2081	0.25
802	2081	0.25
803	2081	0.5
1481	2081	0.5
1482	2081	0.25
1483	2081	0.25
801	2082	0.25
802	2082	0.25
803	2082	0.5
1481	2082	0.5
1482	2082	0.25
1483	2082	0.25
2081	2082	0.5
801	2083	0.25
802	2083	0.25
803	2083	0.5
1481	2083	0.5
1482	2083	0.25
1483	2083	0.25
2081	2083	0.5
2082	2083	0.5
806	2084	0.25
807	2084	0.25
808	2084	0.5
1484	2084	0.5
1485	2084	0.25
1486	2084	0.25
806	2085	0.25
807	2085	0.25
808	2085	0.5
1484	2085	0.5
1485	2085	0.25
1486	2085	0.25
2084	2085	0.5
806	2086	0.25
807	2086	0.25
808	2086	0.5
1484	2086	0.5
1485	2086	0.25
1486	2086	0.25
2084	2086	0.5
2085	2086	0.5
811	2087	0.25
812	2087	0.25
813	2087	0.5
1487	2087	0.5
1488	2087	0.25
1489	2087	0.25
811	2088	0.25
812	2088	0.25
813	2088	0.5
1487	2088	0.5
1488	2088	0.25
1489	2088	0.25
2087	2088	0.5
811	2089	0.25
812	2089	0.25
813	2089	0.5
1487	2089	0.5
1488	2089	0.25
1489	2089	0.25
2087	2089	0.5
2088	2089	0.5
816	2090	0.25
817	2090	0.25
818	2090	0.5
1490	2090	0.5
1491	2090	0.25
1492	2090	0.25
816	2091	0.25
817	2091	0.25
818	2091	0.5
1490	2091	0.5
1491	2091	0.25
1492	2091	0.25
2090	2091	0.5
816	2092	0.25
817	2092	0.25
818	2092	0.5
1490	2092	0.5
1491	2092	0.25
1492	2092	0.25
2090	2092	0.5
2091	2092	0.5
821	2093	0.25
822	2093	0.25
823	2093	0.5
1493	2093	0.5
1494	2093	0.25
1495	2093	0.25
821	2094	0.25
822	2094	0.25
823	2094	0.5
1493	2094	0.5
1494	2094	0.25
1495	2094	0.25
2093	2094	0.5
821	2095	0.25
822	2095	0.25
823	2095	0.5
1493	2095	0.5
1494	2095	0.25
1495	2095	0.25
2093	2095	0.5
2094	2095	0.5
826	2096	0.25
827	2096	0.25
828	2096	0.5
1496	2096	0.5
1497	2096	0.25
1498	2096	0.25
826	2097	0.25
827	2097	0.25
828	2097	0.5
1496	2097	0.5
1497	2097	0.25
1498	2097	0.25
2096	2097	0.5
826	2098	0.25
827	2098	0.25
828	2098	0.5
1496	2098	0.5
1497	2098	0.25
1498	2098	0.25
2096	2098	0.5
2097	2098	0.5
831	2099	0.25
832	2099	0.25
833	2099	0.5
1499	2099	0.5
1500	2099	0.25
1501	2099	0.25
831	2100	0.25
832	2100	0.25
833	2100	0.5
1499	2100	0.5
1500	2100	0.25
1501	2100	0.25
2099	2100	0.5
831	2101	0.25
832	2101	0.25
833	2101	0.5
1499	2101	0.5
1500	2101	0.25
1501	2101	0.25
2099	2101	0.5
2100	2101	0.5
836	2102	0.25
837	2102	0.25
838	2102	0.5
1502	2102	0.5
1503	2102	0.25
1504	2102	0.25
836	2103	0.25
837	2103	0.25
838	2103	0.5
1502	2103	0.5
1503	2103	0.25
1504	2103	0.25
2102	2103	0.5
836	2104	0.25
837	2104	0.25
838	2104	0.5
1502	2104	0.5
1503	2104	0.25
1504	2104	0.25
2102	2104	0.5
2103	2104	0.5
841	2105	0.25
842	2105	0.25
843	2105	0.5
1505	2105	0.5
1506	2105	0.25
1507	2105	0.25
841	2106	0.25
842	2106	0.25
843	2106	0.5
1505	2106	0.5
1506	2106	0.25
1507	2106	0.25
2105	2106	0.5
841	2107	0.25
842	2107	0.25
843	2107	0.5
1505	2107	0.5
1506	2107	0.25
1507	2107	0.25
2105	2107	0.5
2106	2107	0.5
846	2108	0.25
847	2108	0.25
848	2108	0.5
1508	2108	0.5
1509	2108	0.25
1510	2108	0.25
846	2109	0.25
847	2109	0.25
848	2109	0.5
1508	2109	0.5
1509	2109	0.25
1510	2109	0.25
2108	2109	0.5
846	2110	0.25
847	2110	0.25
848	2110	0.5
1508	2110	0.5
1509	2110	0.25
1510	2110	0.25
2108	2110	0.5
2109	2110	0.5
851	2111	0.25
852	2111	0.25
853	2111	0.5
1511	2111	0.5
1512	2111	0.25
1513	2111	0.25
851	2112	0.25
852	2112	0.25
853	2112	0.5
1511	2112	0.5
1512	2112	0.25
1513	2112	0.25
2111	2112	0.5
851	2113	0.25
852	2113	0.25
853	2113	0.5
1511	2113	0.5
1512	2113	0.25
1513	2113	0.25
2111	2113	0.5
2112	2113	0.5
856	2114	0.25
857	2114	0.25
858	2114	0.5
1514	2114	0.5
1515	2114	0.25
1516	2114	0.25
856	2115	0.25
857	2115	0.25
858	2115	0.5
1514	2115	0.5
1515	2115	0.25
1516	2115	0.25
2114	2115	0.5
856	2116	0.25
857	2116	0.25
858	2116	0.5
1514	2116	0.5
1515	2116	0.25
1516	2116	0.25
2114	2116	0.5
2115	2116	0.5
861	2117	0.25
862	2117	0.25
863	2117	0.5
1517	2117	0.5
1518	2117	0.25
1519	2117	0.25
861	2118	0.25
862	2118	0.25
863	2118	0.5
1517	2118	0.5
1518	2118	0.25
1519	2118	0.25
2117	2118	0.5
861	2119	0.25
862	2119	0.25
863	2119	0.5
1517	2119	0.5
1518	2119	0.25
1519	2119	0.25
2117	2119	0.5
2118	2119	0.5
866	2120	0.25
867	2120	0.25
868	2120	0.5
1520	2120	0.5
1521	2120	0.25
1522	2120	0.25
866	2121	0.25
867	2121	0.25
868	2121	0.5
1520	2121	0.5
1521	2121	0.25
1522	2121	0.25
2120	2121	0.5
866	2122	0.25
867	2122	0.25
868	2122	0.5
1520	2122	0.5
1521	2122	0.25
1522	2122	0.25
2120	2122	0.5
2121	2122	0.5
871	2123	0.25
872	2123	0.25
873	2123	0.5
1523	2123	0.5
1524	2123	0.25
1525	2123	0.25
871	2124	0.25
872	2124	0.25
873	2124	0.5
1523	2124	0.5
1524	2124	0.25
1525	2124	0.25
2123	2124	0.5
871	2125	0.25
872	2125	0.25
873	2125	0.5
1523	2125	0.5
1524	2125	0.25
1525	2125	0.25
2123	2125	0.5
2124	2125	0.5
876	2126	0.25
877	2126	0.25
878	2126	0.5
1526	2126	0.5
1527	2126	0.25
1528	2126	0.25
876	2127	0.25
877	2127	0.25
878	2127	0.5
1526	2127	0.5
1527	2127	0.25
1528	2127	0.25
2126	2127	0.5
876	2128	0.25
877	2128	0.25
878	2128	0.5
1526	2128	0.5
1527	2128	0.25
1528	2128	0.25
2126	2128	0.5
2127	2128	0.5
881	2129	0.25
882	2129	0.25
883	2129	0.5
1529	2129	0.5
1530	2129	0.25
1531	2129	0.25
881	2130	0.25
882	2130	0.25
883	2130	0.5
1529	2130	0.5
1530	2130	0.25
1531	2130	0.25
2129	2130	0.5
881	2131	0.25
882	2131	0.25
883	2131	0.5
1529	2131	0.5
1530	2131	0.25
1531	2131	0.25
2129	2131	0.5
2130	2131	0.5
886	2132	0.25
887	2132	0.25
888	2132	0.5
1532	2132	0.5
1533	2132	0.25
1534	2132	0.25
886	2133	0.25
887	2133	0.25
888	2133	0.5
1532	2133	0.5
1533	2133	0.25
1534	2133	0.25
2132	2133	0.5
886	2134	0.25
887	2134	0.25
888	2134	0.5
1532	2134	0.5
1533	2134	0.25
1534	2134	0.25
2132	2134	0.5
2133	2134	0.5
891	2135	0.25
892	2135	0.25
893	2135	0.5
1535	2135	0.5
1536	2135	0.25
1537	2135	0.25
891	2136	0.25
892	2136	0.25
893	2136	0.5
1535	2136	0.5
1536	2136	0.25
1537	2136	0.25
2135	2136	0.5
891	2137	0.25
892	2137	0.25
893	2137	0.5
1535	2137	0.5
1536	2137	0.25
1537	2137	0.25
2135	2137	0.5
2136	2137	0.5
896	2138	0.25
897	2138	0.25
898	2138	0.5
1538	2138	0.5
1539	2138	0.25
1540	2138	0.25
896	2139	0.25
897	2139	0.25
898	2139	0.5
1538	2139	0.5
1539	2139	0.25
1540	2139	0.25
2138	2139	0.5
896	2140	0.25
897	2140	0.25
898	2140	0.5
1538	2140	0.5
1539	2140	0.25
1540	2140	0.25
2138	2140	0.5
2139	2140	0.5
901	2141	0.25
902	2141	0.25
903	2141	0.5
1541	2141	0.5
1542	2141	0.25
1543	2141	0.25
901	2142	0.25
902	2142	0.25
903	2142	0.5
1541	2142	0.5
1542	2142	0.25
1543	2142	0.25
2141	2142	0.5
901	2143	0.25
902	2143	0.25
903	2143	0.5
1541	2143	0.5
1542	2143	0.25
1543	2143	0.25
2141	2143	0.5
2142	2143	0.5
906	2144	0.25
907	2144	0.25
908	2144	0.5
1544	2144	0.5
1545	2144	0.25
1546	2144	0.25
906	2145	0.25
907	2145	0.25
908	2145	0.5
1544	2145	0.5
1545	2145	0.25
1546	2145	0.25
2144	2145	0.5
906	2146	0.25
907	2146	0.25
908	2146	0.5
1544	2146	0.5
1545	2146	0.25
1546	2146	0.25
2144	2146	0.5
2145	2146	0.5
911	2147	0.25
912	2147	0.25
913	2147	0.5
1547	2147	0.5
1548	2147	0.25
1549	2147	0.25
911	2148	0.25
912	2148	0.25
913	2148	0.5
1547	2148	0.5
1548	2148	0.25
1549	2148	0.25
2147	2148	0.5
911	2149	0.25
912	2149	0.25
913	2149	0.5
1547	2149	0.5
1548	2149	0.25
1549	2149	0.25
2147	2149	0.5
2148	2149	0.5
916	2150	0.25
917	2150	0.25
918	2150	0.5
1550	2150	0.5
1551	2150	0.25
1552	2150	0.25
916	2151	0.25
917	2151	0.25
918	2151	0.5
1550	2151	0.5
1551	2151	0.25
1552	2151	0.25
2150	2151	0.5
916	2152	0.25
917	2152	0.25
918	2152	0.5
1550	2152	0.5
1551	2152	0.25
1552	2152	0.25
2150	2152	0.5
2151	2152	0.5
921	2153	0.25
922	2153	0.25
923	2153	0.5
1553	2153	0.5
1554	2153	0.25
1555	2153	0.25
921	2154	0.25
922	2154	0.25
923	2154	0.5
1553	2154	0.5
1554	2154	0.25
1555	2154	0.25
2153	2154	0.5
921	2155	0.25
922	2155	0.25
923	2155	0.5
1553	2155	0.5
1554	2155	0.25
1555	2155	0.25
2153	2155	0.5
2154	2155	0.5
926	2156	0.25
927	2156	0.25
928	2156	0.5
1556	2156	0.5
1557	2156	0.25
1558	2156	0.25
926	2157	0.25
927	2157	0.25
928	2157	0.5
1556	2157	0.5
1557	2157	0.25
1558	2157	0.25
2156	2157	0.5
926	2158	0.25
927	2158	0.25
928	2158	0.5
1556	2158	0.5
1557	2158	0.25
1558	2158	0.25
2156	2158	0.5
2157	2158	0.5
931	2159	0.25
932	2159	0.25
933	2159	0.5
1559	2159	0.5
1560	2159	0.25
1561	2159	0.25
931	2160	0.25
932	2160	0.25
933	2160	0.5
1559	2160	0.5
1560	2160	0.25
1561	2160	0.25
2159	2160	0.5
931	2161	0.25
932	2161	0.25
933	2161	0.5
1559	2161	0.5
1560	2161	0.25
1561	2161	0.25
2159	2161	0.5
2160	2161	0.5
936	2162	0.25
937	2162	0.25
938	2162	0.5
1562	2162	0.5
1563	2162	0.25
1564	2162	0.25
936	2163	0.25
937	2163	0.25
938	2163	0.5
1562	2163	0.5
1563	2163	0.25
1564	2163	0.25
2162	2163	0.5
936	2164	0.25
937	2164	0.25
938	2164	0.5
1562	2164	0.5
1563	2164	0.25
1564	2164	0.25
2162	2164	0.5
2163	2164	0.5
941	2165	0.25
942	2165	0.25
943	2165	0.5
1565	2165	0.5
1566	2165	0.25
1567	2165	0.25
941	2166	0.25
942	2166	0.25
943	2166	0.5
1565	2166	0.5
1566	2166	0.25
1567	2166	0.25
2165	2166	0.5
941	2167	0.25
942	2167	0.25
943	2167	0.5
1565	2167	0.5
1566	2167	0.25
1567	2167	0.25
2165	2167	0.5
2166	2167	0.5
946	2168	0.25
947	2168	0.25
948	2168	0.5
1568	2168	0.5
1569	2168	0.25
1570	2168	0.25
946	2169	0.25
947	2169	0.25
948	2169	0.5
1568	2169	0.5
1569	2169	0.25
1570	2169	0.25
2168	2169	0.5
946	2170	0.25
947	2170	0.25
948	2170	0.5
1568	2170	0.5
1569	2170	0.25
1570	2170	0.25
2168	2170	0.5
2169	2170	0.5
951	2171	0.25
952	2171	0.25
953	2171	0.5
1571	2171	0.5
1572	2171	0.25
1573	2171	0.25
951	2172	0.25
952	2172	0.25
953	2172	0.5
1571	2172	0.5
1572	2172	0.25
1573	2172	0.25
2171	2172	0.5
951	2173	0.25
952	2173	0.25
953	2173	0.5
1571	2173	0.5
1572	2173	0.25
1573	2173	0.25
2171	2173	0.5
2172	2173	0.5
956	2174	0.25
957	2174	0.25
958	2174	0.5
1574	2174	0.5
1575	2174	0.25
1576	2174	0.25
956	2175	0.25
957	2175	0.25
958	2175	0.5
1574	2175	0.5
1575	2175	0.25
1576	2175	0.25
2174	2175	0.5
956	2176	0.25
957	2176	0.25
958	2176	0.5
1574	2176	0.5
1575	2176	0.25
1576	2176	0.25
2174	2176	0.5
2175	2176	0.5
961	2177	0.25
962	2177	0.25
963	2177	0.5
1577	2177	0.5
1578	2177	0.25
1579	2177	0.25
961	2178	0.25
962	2178	0.25
963	2178	0.5
1577	2178	0.5
1578	2178	0.25
1579	2178	0.25
2177	2178	0.5
961	2179	0.25
962	2179	0.25
963	2179	0.5
1577	2179	0.5
1578	2179	0.25
1579	2179	0.25
2177	2179	0.5
2178	2179	0.5
966	2180	0.25
967	2180	0.25
968	2180	0.5
1580	2180	0.5
1581	2180	0.25
1582	2180	0.25
966	2181	0.25
967	2181	0.25
968	2181	0.5
1580	2181	0.5
1581	2181	0.25
1582	2181	0.25
2180	2181	0.5
966	2182	0.25
967	2182	0.25
968	2182	0.5
1580	2182	0.5
1581	2182	0.25
1582	2182	0.25
2180	2182	0.5
2181	2182	0.5
971	2183	0.25
972	2183	0.25
973	2183	0.5
1583	2183	0.5
1584	2183	0.25
1585	2183	0.25
971	2184	0.25
972	2184	0.25
973	2184	0.5
1583	2184	0.5
1584	2184	0.25
1585	2184	0.25
2183	2184	0.5
971	2185	0.25
972	2185	0.25
973	2185	0.5
1583	2185	0.5
1584	2185	0.25
1585	2185	0.25
2183	2185	0.5
2184	2185	0.5
976	2186	0.25
977	2186	0.25
978	2186	0.5
1586	2186	0.5
1587	2186	0.25
1588	2186	0.25
976	2187	0.25
977	2187	0.25
978	2187	0.5
1586	2187	0.5
1587	2187	0.25
1588	2187	0.25
2186	2187	0.5
976	2188	0.25
977	2188	0.25
978	2188	0.5
1586	2188	0.5
1587	2188	0.25
1588	2188	0.25
2186	2188	0.5
2187	2188	0.5
981	2189	0.25
982	2189	0.25
983	2189	0.5
1589	2189	0.5
1590	2189	0.25
1591	2189	0.25
981	2190	0.25
982	2190	0.25
983	2190	0.5
1589	2190	0.5
1590	2190	0.25
1591	2190	0.25
2189	2190	0.5
981	2191	0.25
982	2191	0.25
983	2191	0.5
1589	2191	0.5
1590	2191	0.25
1591	2191	0.25
2189	2191	0.5
2190	2191	0.5
986	2192	0.25
987	2192	0.25
988	2192	0.5
1592	2192	0.5
1593	2192	0.25
1594	2192	0.25
986	2193	0.25
987	2193	0.25
988	2193	0.5
1592	2193	0.5
1593	2193	0.25
1594	2193	0.25
2192	2193	0.5
986	2194	0.25
987	2194	0.25
988	2194	0.5
1592	2194	0.5
1593	2194	0.25
1594	2194	0.25
2192	2194	0.5
2193	2194	0.5
991	2195	0.25
992	2195	0.25
993	2195	0.5
1595	2195	0.5
1596	2195	0.25
1597	2195	0.25
991	2196	0.25
992	2196	0.25
993	2196	0.5
1595	2196	0.5
1596	2196	0.25
1597	2196	0.25
2195	2196	0.5
991	2197	0.25
992	2197	0.25
993	2197	0.5
1595	2197	0.5
1596	2197	0.25
1597	2197	0.25
2195	2197	0.5
2196	2197	0.5
996	2198	0.25
997	2198	0.25
998	2198	0.5
1598	2198	0.5
1599	2198	0.25
1600	2198	0.25
996	2199	0.25
997	2199	0.25
998	2199	0.5
1598	2199	0.5
1599	2199	0.25
1600	2199	0.25
2198	2199	0.5
996	2200	0.25
997	2200	0.25
998	2200	0.5
1598	2200	0.5
1599	2200	0.25
1600	2200	0.25
2198	2200	0.5
2199	2200	0.5
1	2201	0.25
2	2201	0.25
4	2201	0.5
1001	2201	0.25
1002	2201	0.5
1003	2201	0.25
1601	2201	0.125
1602	2201	0.125
1603	2201	0.125
1	2202	0.25
2	2202	0.25
4	2202	0.5
1001	2202	0.25
1002	2202	0.5
1003	2202	0.25
1601	2202	0.125
1602	2202	0.125
1603	2202	0.125
2201	2202	0.5
1	2203	0.25
2	2203	0.25
4	2203	0.5
1001	2203	0.25
1002	2203	0.5
1003	2203	0.25
1601	2203	0.125
1602	2203	0.125
1603	2203	0.125
2201	2203	0.5
2202	2203	0.5
6	2204	0.25
7	2204	0.25
9	2204	0.5
1004	2204	0.25
1005	2204	0.5
1006	2204	0.25
1604	2204	0.125
1605	2204	0.125
1606	2204	0.125
6	2205	0.25
7	2205	0.25
9	2205	0.5
1004	2205	0.25
1005	2205	0.5
1006	2205	0.25
1604	2205	0.125
1605	2205	0.125
1606	2205	0.125
2204	2205	0.5
6	2206	0.25
7	2206	0.25
9	2206	0.5
1004	2206	0.25
1005	2206	0.5
1006	2206	0.25
1604	2206	0.125
1605	2206	0.125
1606	2206	0.125
2204	2206	0.5
2205	2206	0.5
11	2207	0.25
12	2207	0.25
14	2207	0.5
1007	2207	0.25
1008	2207	0.5
1009	2207	0.25
1607	2207	0.125
1608	2207	0.125
1609	2207	0.125
11	2208	0.25
12	2208	0.25
14	2208	0.5
1007	2208	0.25
1008	2208	0.5
1009	2208	0.25
1607	2208	0.125
1608	2208	0.125
1609	2208	0.125
2207	2208	0.5
11	2209	0.25
12	2209	0.25
14	2209	0.5
1007	2209	0.25
1008	2209	0.5
1009	2209	0.25
1607	2209	0.125
1608	2209	0.125
1609	2209	0.125
2207	2209	0.5
2208	2209	0.5
16	2210	0.25
17	2210	0.25
19	2210	0.5
1010	2210	0.25
1011	2210	0.5
1012	2210	0.25
1610	2210	0.125
1611	2210	0.125
1612	2210	0.125
16	2211	0.25
17	2211	0.25
19	2211	0.5
1010	2211	0.25
1011	2211	0.5
1012	2211	0.25
1610	2211	0.125
1611	2211	0.125
1612	2211	0.125
2210	2211	0.5
16	2212	0.25
17	2212	0.25
19	2212	0.5
1010	2212	0.25
1011	2212	0.5
1012	2212	0.25
1610	2212	0.125
1611	2212	0.125
1612	2212	0.125
2210	2212	0.5
2211	2212	0.5
21	2213	0.25
22	2213	0.25
24	2213	0.5
1013	2213	0.25
1014	2213	0.5
1015	2213	0.25
1613	2213	0.125
1614	2213	0.125
1615	2213	0.125
21	2214	0.25
22	2214	0.25
24	2214	0.5
1013	2214	0.25
1014	2214	0.5
1015	2214	0.25
1613	2214	0.125
1614	2214	0.125
1615	2214	0.125
2213	2214	0.5
21	2215	0.25
22	2215	0.25
24	2215	0.5
1013	2215	0.25
1014	2215	0.5
1015	2215	0.25
1613	2215	0.125
1614	2215	0.125
1615	2215	0.125
2213	2215	0.5
2214	2215	0.5
26	2216	0.25
27	2216	0.25
29	2216	0.5
1016	2216	0.25
1017	2216	0.5
1018	2216	0.25
1616	2216	0.125
1617	2216	0.125
1618	2216	0.125
26	2217	0.25
27	2217	0.25
29	2217	0.5
1016	2217	0.25
1017	2217	0.5
1018	2217	0.25
1616	2217	0.125
1617	2217	0.125
1618	2217	0.125
2216	2217	0.5
26	2218	0.25
27	2218	0.25
29	2218	0.5
1016	2218	0.25
1017	2218	0.5
1018	2218	0.25
1616	2218	0.125
1617	2218	0.125
1618	2218	0.125
2216	2218	0.5
2217	2218	0.5
31	2219	0.25
32	2219	0.25
34	2219	0.5
1019	2219	0.25
1020	2219	0.5
1021	2219	0.25
1619	2219	0.125
1620	2219	0.125
1621	2219	0.125
31	2220	0.25
32	2220	0.25
34	2220	0.5
1019	2220	0.25
1020	2220	0.5
1021	2220	0.25
1619	2220	0.125
1620	2220	0.125
1621	2220	0.125
2219	2220	0.5
31	2221	0.25
32	2221	0.25
34	2221	0.5
1019	2221	0.25
1020	2221	0.5
1021	2221	0.25
1619	2221	0.125
1620	2221	0.125
1621	2221	0.125
2219	2221	0.5
2220	2221	0.5
36	2222	0.25
37	2222	0.25
39	2222	0.5
1022	2222	0.25
1023	2222	0.5
1024	2222	0.25
1622	2222	0.125
1623	2222	0.125
1624	2222	0.125
36	2223	0.25
37	2223	0.25
39	2223	0.5
1022	2223	0.25
1023	2223	0.5
1024	2223	0.25
1622	2223	0.125
1623	2223	0.125
1624	2223	0.125
2222	2223	0.5
36	2224	0.25
37	2224	0.25
39	2224	0.5
1022	2224	0.25
1023	2224	0.5
1024	2224	0.25
1622	2224	0.125
1623	2224	0.125
1624	2224	0.125
2222	2224	0.5
2223	2224	0.5
41	2225	0.25
42	2225	0.25
44	2225	0.5
1025	2225	0.25
1026	2225	0.5
1027	2225	0.25
1625	2225	0.125
1626	2225	0.125
1627	2225	0.125
41	2226	0.25
42	2226	0.25
44	2226	0.5
1025	2226	0.25
1026	2226	0.5
1027	2226	0.25
1625	2226	0.125
1626	2226	0.125
1627	2226	0.125
2225	2226	0.5
41	2227	0.25
42	2227	0.25
44	2227	0.5
1025	2227	0.25
1026	2227	0.5
1027	2227	0.25
1625	2227	0.125
1626	2227	0.125
1627	2227	0.125
2225	2227	0.5
2226	2227	0.5
46	2228	0.25
47	2228	0.25
49	2228	0.5
1028	2228	0.25
1029	2228	0.5
1030	2228	0.25
1628	2228	0.125
1629	2228	0.125
1630	2228	0.125
46	2229	0.25
47	2229	0.25
49	2229	0.5
1028	2229	0.25
1029	2229	0.5
1030	2229	0.25
1628	2229	0.125
1629	2229	0.125
1630	2229	0.125
2228	2229	0.5
46	2230	0.25
47	2230	0.25
49	2230	0.5
1028	2230	0.25
1029	2230	0.5
1030	2230	0.25
1628	2230	0.125
1629	2230	0.125
1630	2230	0.125
2228	2230	0.5
2229	2230	0.5
51	2231	0.25
52	2231	0.25
54	2231	0.5
1031	2231	0.25
1032	2231	0.5
1033	2231	0.25
1631	2231	0.125
1632	2231	0.125
1633	2231	0.125
51	2232	0.25
52	2232	0.25
54	2232	0.5
1031	2232	0.25
1032	2232	0.5
1033	2232	0.25
1631	2232	0.125
1632	2232	0.125
1633	2232	0.125
2231	2232	0.5
51	2233	0.25
52	2233	0.25
54	2233	0.5
1031	2233	0.25
1032	2233	0.5
1033	2233	0.25
1631	2233	0.125
1632	2233	0.125
1633	2233	0.125
2231	2233	0.5
2232	2233	0.5
56	2234	0.25
57	2234	0.25
59	2234	0.5
1034	2234	0.25
1035	2234	0.5
1036	2234	0.25
1634	2234	0.125
1635	2234	0.125
1636	2234	0.125
56	2235	0.25
57	2235	0.25
59	2235	0.5
1034	2235	0.25
1035	2235	0.5
1036	2235	0.25
1634	2235	0.125
1635	2235	0.125
1636	2235	0.125
2234	2235	0.5
56	2236	0.25
57	2236	0.25
59	2236	0.5
1034	2236	0.25
1035	2236	0.5
1036	2236	0.25
1634	2236	0.125
1635	2236	0.125
1636	2236	0.125
2234	2236	0.5
2235	2236	0.5
61	2237	0.25
62	2237	0.25
64	2237	0.5
1037	2237	0.25
1038	2237	0.5
1039	2237	0.25
1637	2237	0.125
1638	2237	0.125
1639	2237	0.125
61	2238	0.25
62	2238	0.25
64	2238	0.5
1037	2238	0.25
1038	2238	0.5
1039	2238	0.25
1637	2238	0.125
1638	2238	0.125
1639	2238	0.125
2237	2238	0.5
61	2239	0.25
62	2239	0.25
64	2239	0.5
1037	2239	0.25
1038	2239	0.5
1039	2239	0.25
1637	2239	0.125
1638	2239	0.125
1639	2239	0.125
2237	2239	0.5
2238	2239	0.5
66	2240	0.25
67	2240	0.25
69	2240	0.5
1040	2240	0.25
1041	2240	0.5
1042	2240	0.25
1640	2240	0.125
1641	2240	0.125
1642	2240	0.125
66	2241	0.25
67	2241	0.25
69	2241	0.5
1040	2241	0.25
1041	2241	0.5
1042	2241	0.25
1640	2241	0.125
1641	2241	0.125
1642	2241	0.125
2240	2241	0.5
66	2242	0.25
67	2242	0.25
69	2242	0.5
1040	2242	0.25
1041	2242	0.5
1042	2242	0.25
1640	2242	0.125
1641	2242	0.125
1642	2242	0.125
2240	2242	0.5
2241	2242	0.5
71	2243	0.25
72	2243	0.25
74	2243	0.5
1043	2243	0.25
1044	2243	0.5
1045	2243	0.25
1643	2243	0.125
1644	2243	0.125
1645	2243	0.125
71	2244	0.25
72	2244	0.25
74	2244	0.5
1043	2244	0.25
1044	2244	0.5
1045	2244	0.25
1643	2244	0.125
1644	2244	0.125
1645	2244	0.125
2243	2244	0.5
71	2245	0.25
72	2245	0.25
74	2245	0.5
1043	2245	0.25
1044	2245	0.5
1045	2245	0.25
1643	2245	0.125
1644	2245	0.125
1645	2245	0.125
2243	2245	0.5
2244	2245	0.5
76	2246	0.25
77	2246	0.25
79	2246	0.5
1046	2246	0.25
1047	2246	0.5
1048	2246	0.25
1646	2246	0.125
1647	2246	0.125
1648	2246	0.125
76	2247	0.25
77	2247	0.25
79	2247	0.5
1046	2247	0.25
1047	2247	0.5
1048	2247	0.25
1646	2247	0.125
1647	2247	0.125
1648	2247	0.125
2246	2247	0.5
76	2248	0.25
77	2248	0.25
79	2248	0.5
1046	2248	0.25
1047	2248	0.5
1048	2248	0.25
1646	2248	0.125
1647	2248	0.125
1648	2248	0.125
2246	2248	0.5
2247	2248	0.5
81	2249	0.25
82	2249	0.25
84	2249	0.5
1049	2249	0.25
1050	2249	0.5
1051	2249	0.25
1649	2249	0.125
1650	2249	0.125
1651	2249	0.125
81	2250	0.25
82	2250	0.25
84	2250	0.5
1049	2250	0.25
1050	2250	0.5
1051	2250	0.25
1649	2250	0.125
1650	2250	0.125
1651	2250	0.125
2249	2250	0.5
81	2251	0.25
82	2251	0.25
84	2251	0.5
1049	2251	0.25
1050	2251	0.5
1051	2251	0.25
1649	2251	0.125
1650	2251	0.125
1651	2251	0.125
2249	2251	0.5
2250	2251	0.5
86	2252	0.25
87	2252	0.25
89	2252	0.5
1052	2252	0.25
1053	2252	0.5
1054	2252	0.25
1652	2252	0.125
1653	2252	0.125
1654	2252	0.125
86	2253	0.25
87	2253	0.25
89	2253	0.5
1052	2253	0.25
1053	2253	0.5
1054	2253	0.25
1652	2253	0.125
1653	2253	0.125
1654	2253	0.125
2252	2253	0.5
86	2254	0.25
87	2254	0.25
89	2254	0.5
1052	2254	0.25
1053	2254	0.5
1054	2254	0.25
1652	2254	0.125
1653	2254	0.125
1654	2254	0.125
2252	2254	0.5
2253	2254	0.5
91	2255	0.25
92	2255	0.25
94	2255	0.5
1055	2255	0.25
1056	2255	0.5
1057	2255	0.25
1655	2255	0.125
1656	2255	0.125
1657	2255	0.125
91	2256	0.25
92	2256	0.25
94	2256	0.5
1055	2256	0.25
1056	2256	0.5
1057	2256	0.25
1655	2256	0.125
1656	2256	0.125
1657	2256	0.125
2255	2256	0.5
91	2257	0.25
92	2257	0.25
94	2257	0.5
1055	2257	0.25
1056	2257	0.5
1057	2257	0.25
1655	2257	0.125
1656	2257	0.125
1657	2257	0.125
2255	2257	0.5
2256	2257	0.5
96	2258	0.25
97	2258	0.25
99	2258	0.5
1058	2258	0.25
1059	2258	0.5
1060	2258	0.25
1658	2258	0.125
1659	2258	0.125
1660	2258	0.125
96	2259	0.25
97	2259	0.25
99	2259	0.5
1058	2259	0.25
1059	2259	0.5
1060	2259	0.25
1658	2259	0.125
1659	2259	0.125
1660	2259	0.125
2258	2259	0.5
96	2260	0.25
97	2260	0.25
99	2260	0.5
1058	2260	0.25
1059	2260	0.5
1060	2260	0.25
1658	2260	0.125
1659	2260	0.125
1660	2260	0.125
2258	2260	0.5
2259	2260	0.5
101	2261	0.25
102	2261	0.25
104	2261	0.5
1061	2261	0.25
1062	2261	0.5
1063	2261	0.25
1661	2261	0.125
1662	2261	0.125
1663	2261	0.125
101	2262	0.25
102	2262	0.25
104	2262	0.5
1061	2262	0.25
1062	2262	0.5
1063	2262	0.25
1661	2262	0.125
1662	2262	0.125
1663	2262	0.125
2261	2262	0.5
101	2263	0.25
102	2263	0.25
104	2263	0.5
1061	2263	0.25
1062	2263	0.5
1063	2263	0.25
1661	2263	0.125
1662	2263	0.125
1663	2263	0.125
2261	2263	0.5
2262	2263	0.5
106	2264	0.25
107	2264	0.25
109	2264	0.5
1064	2264	0.25
1065	2264	0.5
1066	2264	0.25
1664	2264	0.125
1665	2264	0.125
1666	2264	0.125
106	2265	0.25
107	2265	0.25
109	2265	0.5
1064	2265	0.25
1065	2265	0.5
1066	2265	0.25
1664	2265	0.125
1665	2265	0.125
1666	2265	0.125
2264	2265	0.5
106	2266	0.25
107	2266	0.25
109	2266	0.5
1064	2266	0.25
1065	2266	0.5
1066	2266	0.25
1664	2266	0.125
1665	2266	0.125
1666	2266	0.125
2264	2266	0.5
2265	2266	0.5
111	2267	0.25
112	2267	0.25
114	2267	0.5
1067	2267	0.25
1068	2267	0.5
1069	2267	0.25
1667	2267	0.125
1668	2267	0.125
1669	2267	0.125
111	2268	0.25
112	2268	0.25
114	2268	0.5
1067	2268	0.25
1068	2268	0.5
1069	2268	0.25
1667	2268	0.125
1668	2268	0.125
1669	2268	0.125
2267	2268	0.5
111	2269	0.25
112	2269	0.25
114	2269	0.5
1067	2269	0.25
1068	2269	0.5
1069	2269	0.25
1667	2269	0.125
1668	2269	0.125
1669	2269	0.125
2267	2269	0.5
2268	2269	0.5
116	2270	0.25
117	2270	0.25
119	2270	0.5
1070	2270	0.25
1071	2270	0.5
1072	2270	0.25
1670	2270	0.125
1671	2270	0.125
1672	2270	0.125
116	2271	0.25
117	2271	0.25
119	2271	0.5
1070	2271	0.25
1071	2271	0.5
1072	2271	0.25
1670	2271	0.125
1671	2271	0.125
1672	2271	0.125
2270	2271	0.5
116	2272	0.25
117	2272	0.25
119	2272	0.5
1070	2272	0.25
1071	2272	0.5
1072	2272	0.25
1670	2272	0.125
1671	2272	0.125
1672	2272	0.125
2270	2272	0.5
2271	2272	0.5
121	2273	0.25
122	2273	0.25
124	2273	0.5
1073	2273	0.25
1074	2273	0.5
1075	2273	0.25
1673	2273	0.125
1674	2273	0.125
1675	2273	0.125
121	2274	0.25
122	2274	0.25
124	2274	0.5
1073	2274	0.25
1074	2274	0.5
1075	2274	0.25
1673	2274	0.125
1674	2274	0.125
1675	2274	0.125
2273	2274	0.5
121	2275	0.25
122	2275	0.25
124	2275	0.5
1073	2275	0.25
1074	2275	0.5
1075	2275	0.25
1673	2275	0.125
1674	2275	0.125
1675	2275	0.125
2273	2275	0.5
2274	2275	0.5
126	2276	0.25
127	2276	0.25
129	2276	0.5
1076	2276	0.25
1077	2276	0.5
1078	2276	0.25
1676	2276	0.125
1677	2276	0.125
1678	2276	0.125
126	2277	0.25
127	2277	0.25
129	2277	0.5
1076	2277	0.25
1077	2277	0.5
1078	2277	0.25
1676	2277	0.125
1677	2277	0.125
1678	2277	0.125
2276	2277	0.5
126	2278	0.25
127	2278	0.25
129	2278	0.5
1076	2278	0.25
1077	2278	0.5
1078	2278	0.25
1676	2278	0.125
1677	2278	0.125
1678	2278	0.125
2276	2278	0.5
2277	2278	0.5
131	2279	0.25
132	2279	0.25
134	2279	0.5
1079	2279	0.25
1080	2279	0.5
1081	2279	0.25
1679	2279	0.125
1680	2279	0.125
1681	2279	0.125
131	2280	0.25
132	2280	0.25
134	2280	0.5
1079	2280	0.25
1080	2280	0.5
1081	2280	0.25
1679	2280	0.125
1680	2280	0.125
1681	2280	0.125
2279	2280	0.5
131	2281	0.25
132	2281	0.25
134	2281	0.5
1079	2281	0.25
1080	2281	0.5
1081	2281	0.25
1679	2281	0.125
1680	2281	0.125
1681	2281	0.125
2279	2281	0.5
2280	2281	0.5
136	2282	0.25
137	2282	0.25
139	2282	0.5
1082	2282	0.25
1083	2282	0.5
1084	2282	0.25
1682	2282	0.125
1683	2282	0.125
1684	2282	0.125
136	2283	0.25
137	2283	0.25
139	2283	0.5
1082	2283	0.25
1083	2283	0.5
1084	2283	0.25
1682	2283	0.125
1683	2283	0.125
1684	2283	0.125
2282	2283	0.5
136	2284	0.25
137	2284	0.25
139	2284	0.5
1082	2284	0.25
1083	2284	0.5
1084	2284	0.25
1682	2284	0.125
1683	2284	0.125
1684	2284	0.125
2282	2284	0.5
2283	2284	0.5
141	2285	0.25
142	2285	0.25
144	2285	0.5
1085	2285	0.25
1086	2285	0.5
1087	2285	0.25
1685	2285	0.125
1686	2285	0.125
1687	2285	0.125
141	2286	0.25
142	2286	0.25
144	2286	0.5
1085	2286	0.25
1086	2286	0.5
1087	2286	0.25
1685	2286	0.125
1686	2286	0.125
1687	2286	0.125
2285	2286	0.5
141	2287	0.25
142	2287	0.25
144	2287	0.5
1085	2287	0.25
1086	2287	0.5
1087	2287	0.25
1685	2287	0.125
1686	2287	0.125
1687	2287	0.125
2285	2287	0.5
2286	2287	0.5
146	2288	0.25
147	2288	0.25
149	2288	0.5
1088	2288	0.25
1089	2288	0.5
1090	2288	0.25
1688	2288	0.125
1689	2288	0.125
1690	2288	0.125
146	2289	0.25
147	2289	0.25
149	2289	0.5
1088	2289	0.25
1089	2289	0.5
1090	2289	0.25
1688	2289	0.125
1689	2289	0.125
1690	2289	0.125
2288	2289	0.5
146	2290	0.25
147	2290	0.25
149	2290	0.5
1088	2290	0.25
1089	2290	0.5
1090	2290	0.25
1688	2290	0.125
1689	2290	0.125
1690	2290	0.125
2288	2290	0.5
2289	2290	0.5
151	2291	0.25
152	2291	0.25
154	2291	0.5
1091	2291	0.25
1092	2291	0.5
1093	2291	0.25
1691	2291	0.125
1692	2291	0.125
1693	2291	0.125
151	2292	0.25
152	2292	0.25
154	2292	0.5
1091	2292	0.25
1092	2292	0.5
1093	2292	0.25
1691	2292	0.125
1692	2292	0.125
1693	2292	0.125
2291	2292	0.5
151	2293	0.25
152	2293	0.25
154	2293	0.5
1091	2293	0.25
1092	2293	0.5
1093	2293	0.25
1691	2293	0.125
1692	2293	0.125
1693	2293	0.125
2291	2293	0.5
2292	2293	0.5
156	2294	0.25
157	2294	0.25
159	2294	0.5
1094	2294	0.25
1095	2294	0.5
1096	2294	0.25
1694	2294	0.125
1695	2294	0.125
1696	2294	0.125
156	2295	0.25
157	2295	0.25
159	2295	0.5
1094	2295	0.25
1095	2295	0.5
1096	2295	0.25
1694	2295	0.125
1695	2295	0.125
1696	2295	0.125
2294	2295	0.5
156	2296	0.25
157	2296	0.25
159	2296	0.5
1094	2296	0.25
1095	2296	0.5
1096	2296	0.25
1694	2296	0.125
1695	2296	0.125
1696	2296	0.125
2294	2296	0.5
2295	2296	0.5
161	2297	0.25
162	2297	0.25
164	2297	0.5
1097	2297	0.25
1098	2297	0.5
1099	2297	0.25
1697	2297	0.125
1698	2297	0.125
1699	2297	0.125
161	2298	0.25
162	2298	0.25
164	2298	0.5
1097	2298	0.25
1098	2298	0.5
1099	2298	0.25
1697	2298	0.125
1698	2298	0.125
1699	2298	0.125
2297	2298	0.5
161	2299	0.25
162	2299	0.25
164	2299	0.5
1097	2299	0.25
1098	2299	0.5
1099	2299	0.25
1697	2299	0.125
1698	2299	0.125
1699	2299	0.125
2297	2299	0.5
2298	2299	0.5
166	2300	0.25
167	2300	0.25
169	2300	0.5
1100	2300	0.25
1101	2300	0.5
1102	2300	0.25
1700	2300	0.125
1701	2300	0.125
1702	2300	0.125
166	2301	0.25
167	2301	0.25
169	2301	0.5
1100	2301	0.25
1101	2301	0.5
1102	2301	0.25
1700	2301	0.125
1701	2301	0.125
1702	2301	0.125
2300	2301	0.5
166	2302	0.25
167	2302	0.25
169	2302	0.5
1100	2302	0.25
1101	2302	0.5
1102	2302	0.25
1700	2302	0.125
1701	2302	0.125
1702	2302	0.125
2300	2302	0.5
2301	2302	0.5
171	2303	0.25
172	2303	0.25
174	2303	0.5
1103	2303	0.25
1104	2303	0.5
1105	2303	0.25
1703	2303	0.125
1704	2303	0.125
1705	2303	0.125
171	2304	0.25
172	2304	0.25
174	2304	0.5
1103	2304	0.25
1104	2304	0.5
1105	2304	0.25
1703	2304	0.125
1704	2304	0.125
1705	2304	0.125
2303	2304	0.5
171	2305	0.25
172	2305	0.25
174	2305	0.5
1103	2305	0.25
1104	2305	0.5
1105	2305	0.25
1703	2305	0.125
1704	2305	0.125
1705	2305	0.125
2303	2305	0.5
2304	2305	0.5
176	2306	0.25
177	2306	0.25
179	2306	0.5
1106	2306	0.25
1107	2306	0.5
1108	2306	0.25
1706	2306	0.125
1707	2306	0.125
1708	2306	0.125
176	2307	0.25
177	2307	0.25
179	2307	0.5
1106	2307	0.25
1107	2307	0.5
1108	2307	0.25
1706	2307	0.125
1707	2307	0.125
1708	2307	0.125
2306	2307	0.5
176	2308	0.25
177	2308	0.25
179	2308	0.5
1106	2308	0.25
1107	2308	0.5
1108	2308	0.25
1706	2308	0.125
1707	2308	0.125
1708	2308	0.125
2306	2308	0.5
2307	2308	0.5
181	2309	0.25
182	2309	0.25
184	2309	0.5
1109	2309	0.25
1110	2309	0.5
1111	2309	0.25
1709	2309	0.125
1710	2309	0.125
1711	2309	0.125
181	2310	0.25
182	2310	0.25
184	2310	0.5
1109	2310	0.25
1110	2310	0.5
1111	2310	0.25
1709	2310	0.125
1710	2310	0.125
1711	2310	0.125
2309	2310	0.5
181	2311	0.25
182	2311	0.25
184	2311	0.5
1109	2311	0.25
1110	2311	0.5
1111	2311	0.25
1709	2311	0.125
1710	2311	0.125
1711	2311	0.125
2309	2311	0.5
2310	2311	0.5
186	2312	0.25
187	2312	0.25
189	2312	0.5
1112	2312	0.25
1113	2312	0.5
1114	2312	0.25
1712	2312	0.125
1713	2312	0.125
1714	2312	0.125
186	2313	0.25
187	2313	0.25
189	2313	0.5
1112	2313	0.25
1113	2313	0.5
1114	2313	0.25
1712	2313	0.125
1713	2313	0.125
1714	2313	0.125
2312	2313	0.5
186	2314	0.25
187	2314	0.25
189	2314	0.5
1112	2314	0.25
1113	2314	0.5
1114	2314	0.25
1712	2314	0.125
1713	2314	0.125
1714	2314	0.125
2312	2314	0.5
2313	2314	0.5
191	2315	0.25
192	2315	0.25
194	2315	0.5
1115	2315	0.25
1116	2315	0.5
1117	2315	0.25
1715	2315	0.125
1716	2315	0.125
1717	2315	0.125
191	2316	0.25
192	2316	0.25
194	2316	0.5
1115	2316	0.25
1116	2316	0.5
1117	2316	0.25
1715	2316	0.125
1716	2316	0.125
1717	2316	0.125
2315	2316	0.5
191	2317	0.25
192	2317	0.25
194	2317	0.5
1115	2317	0.25
1116	2317	0.5
1117	2317	0.25
1715	2317	0.125
1716	2317	0.125
1717	2317	0.125
2315	2317	0.5
2316	2317	0.5
196	2318	0.25
197	2318	0.25
199	2318	0.5
1118	2318	0.25
1119	2318	0.5
1120	2318	0.25
1718	2318	0.125
1719	2318	0.125
1720	2318	0.125
196	2319	0.25
197	2319	0.25
199	2319	0.5
1118	2319	0.25
1119	2319	0.5
1120	2319	0.25
1718	2319	0.125
1719	2319	0.125
1720	2319	0.125
2318	2319	0.5
196	2320	0.25
197	2320	0.25
199	2320	0.5
1118	2320	0.25
1119	2320	0.5
1120	2320	0.25
1718	2320	0.125
1719	2320	0.125
1720	2320	0.125
2318	2320	0.5
2319	2320	0.5
201	2321	0.25
202	2321	0.25
204	2321	0.5
1121	2321	0.25
1122	2321	0.5
1123	2321	0.25
1721	2321	0.125
1722	2321	0.125
1723	2321	0.125
201	2322	0.25
202	2322	0.25
204	2322	0.5
1121	2322	0.25
1122	2322	0.5
1123	2322	0.25
1721	2322	0.125
1722	2322	0.125
1723	2322	0.125
2321	2322	0.5
201	2323	0.25
202	2323	0.25
204	2323	0.5
1121	2323	0.25
1122	2323	0.5
1123	2323	0.25
1721	2323	0.125
1722	2323	0.125
1723	2323	0.125
2321	2323	0.5
2322	2323	0.5
206	2324	0.25
207	2324	0.25
209	2324	0.5
1124	2324	0.25
1125	2324	0.5
1126	2324	0.25
1724	2324	0.125
1725	2324	0.125
1726	2324	0.125
206	2325	0.25
207	2325	0.25
209	2325	0.5
1124	2325	0.25
1125	2325	0.5
1126	2325	0.25
1724	2325	0.125
1725	2325	0.125
1726	2325	0.125
2324	2325	0.5
206	2326	0.25
207	2326	0.25
209	2326	0.5
1124	2326	0.25
1125	2326	0.5
1126	2326	0.25
1724	2326	0.125
1725	2326	0.125
1726	2326	0.125
2324	2326	0.5
2325	2326	0.5
211	2327	0.25
212	2327	0.25
214	2327	0.5
1127	2327	0.25
1128	2327	0.5
1129	2327	0.25
1727	2327	0.125
1728	2327	0.125
1729	2327	0.125
211	2328	0.25
212	2328	0.25
214	2328	0.5
1127	2328	0.25
1128	2328	0.5
1129	2328	0.25
1727	2328	0.125
1728	2328	0.125
1729	2328	0.125
2327	2328	0.5
211	2329	0.25
212	2329	0.25
214	2329	0.5
1127	2329	0.25
1128	2329	0.5
1129	2329	0.25
1727	2329	0.125
1728	2329	0.125
1729	2329	0.125
2327	2329	0.5
2328	2329	0.5
216	2330	0.25
217	2330	0.25
219	2330	0.5
1130	2330	0.25
1131	2330	0.5
1132	2330	0.25
1730	2330	0.125
1731	2330	0.125
1732	2330	0.125
216	2331	0.25
217	2331	0.25
219	2331	0.5
1130	2331	0.25
1131	2331	0.5
1132	2331	0.25
1730	2331	0.125
1731	2331	0.125
1732	2331	0.125
2330	2331	0.5
216	2332	0.25
217	2332	0.25
219	2332	0.5
1130	2332	0.25
1131	2332	0.5
1132	2332	0.25
1730	2332	0.125
1731	2332	0.125
1732	2332	0.125
2330	2332	0.5
2331	2332	0.5
221	2333	0.25
222	2333	0.25
224	2333	0.5
1133	2333	0.25
1134	2333	0.5
1135	2333	0.25
1733	2333	0.125
1734	2333	0.125
1735	2333	0.125
221	2334	0.25
222	2334	0.25
224	2334	0.5
1133	2334	0.25
1134	2334	0.5
1135	2334	0.25
1733	2334	0.125
1734	2334	0.125
1735	2334	0.125
2333	2334	0.5
221	2335	0.25
222	2335	0.25
224	2335	0.5
1133	2335	0.25
1134	2335	0.5
1135	2335	0.25
1733	2335	0.125
1734	2335	0.125
1735	2335	0.125
2333	2335	0.5
2334	2335	0.5
226	2336	0.25
227	2336	0.25
229	2336	0.5
1136	2336	0.25
1137	2336	0.5
1138	2336	0.25
1736	2336	0.125
1737	2336	0.125
1738	2336	0.125
226	2337	0.25
227	2337	0.25
229	2337	0.5
1136	2337	0.25
1137	2337	0.5
1138	2337	0.25
1736	2337	0.125
1737	2337	0.125
1738	2337	0.125
2336	2337	0.5
226	2338	0.25
227	2338	0.25
229	2338	0.5
1136	2338	0.25
1137	2338	0.5
1138	2338	0.25
1736	2338	0.125
1737	2338	0.125
1738	2338	0.125
2336	2338	0.5
2337	2338	0.5
231	2339	0.25
232	2339	0.25
234	2339	0.5
1139	2339	0.25
1140	2339	0.5
1141	2339	0.25
1739	2339	0.125
1740	2339	0.125
1741	2339	0.125
231	2340	0.25
232	2340	0.25
234	2340	0.5
1139	2340	0.25
1140	2340	0.5
1141	2340	0.25
1739	2340	0.125
1740	2340	0.125
1741	2340	0.125
2339	2340	0.5
231	2341	0.25
232	2341	0.25
234	2341	0.5
1139	2341	0.25
1140	2341	0.5
1141	2341	0.25
1739	2341	0.125
1740	2341	0.125
1741	2341	0.125
2339	2341	0.5
2340	2341	0.5
236	2342	0.25
237	2342	0.25
239	2342	0.5
1142	2342	0.25
1143	2342	0.5
1144	2342	0.25
1742	2342	0.125
1743	2342	0.125
1744	2342	0.125
236	2343	0.25
237	2343	0.25
239	2343	0.5
1142	2343	0.25
1143	2343	0.5
1144	2343	0.25
1742	2343	0.125
1743	2343	0.125
1744	2343	0.125
2342	2343	0.5
236	2344	0.25
237	2344	0.25
239	2344	0.5
1142	2344	0.25
1143	2344	0.5
1144	2344	0.25
1742	2344	0.125
1743	2344	0.125
1744	2344	0.125
2342	2344	0.5
2343	2344	0.5
241	2345	0.25
242	2345	0.25
244	2345	0.5
1145	2345	0.25
1146	2345	0.5
1147	2345	0.25
1745	2345	0.125
1746	2345	0.125
1747	2345	0.125
241	2346	0.25
242	2346	0.25
244	2346	0.5
1145	2346	0.25
1146	2346	0.5
1147	2346	0.25
1745	2346	0.125
1746	2346	0.125
1747	2346	0.125
2345	2346	0.5
241	2347	0.25
242	2347	0.25
244	2347	0.5
1145	2347	0.25
1146	2347	0.5
1147	2347	0.25
1745	2347	0.125
1746	2347	0.125
1747	2347	0.125
2345	2347	0.5
2346	2347	0.5
246	2348	0.25
247	2348	0.25
249	2348	0.5
1148	2348	0.25
1149	2348	0.5
1150	2348	0.25
1748	2348	0.125
1749	2348	0.125
1750	2348	0.125
246	2349	0.25
247	2349	0.25
249	2349	0.5
1148	2349	0.25
1149	2349	0.5
1150	2349	0.25
1748	2349	0.125
1749	2349	0.125
1750	2349	0.125
2348	2349	0.5
246	2350	0.25
247	2350	0.25
249	2350	0.5
1148	2350	0.25
1149	2350	0.5
1150	2350	0.25
1748	2350	0.125
1749	2350	0.125
1750	2350	0.125
2348	2350	0.5
2349	2350	0.5
251	2351	0.25
252	2351	0.25
254	2351	0.5
1151	2351	0.25
1152	2351	0.5
1153	2351	0.25
1751	2351	0.125
1752	2351	0.125
1753	2351	0.125
251	2352	0.25
252	2352	0.25
254	2352	0.5
1151	2352	0.25
1152	2352	0.5
1153	2352	0.25
1751	2352	0.125
1752	2352	0.125
1753	2352	0.125
2351	2352	0.5
251	2353	0.25
252	2353	0.25
254	2353	0.5
1151	2353	0.25
1152	2353	0.5
1153	2353	0.25
1751	2353	0.125
1752	2353	0.125
1753	2353	0.125
2351	2353	0.5
2352	2353	0.5
256	2354	0.25
257	2354	0.25
259	2354	0.5
1154	2354	0.25
1155	2354	0.5
1156	2354	0.25
1754	2354	0.125
1755	2354	0.125
1756	2354	0.125
256	2355	0.25
257	2355	0.25
259	2355	0.5
1154	2355	0.25
1155	2355	0.5
1156	2355	0.25
1754	2355	0.125
1755	2355	0.125
1756	2355	0.125
2354	2355	0.5
256	2356	0.25
257	2356	0.25
259	2356	0.5
1154	2356	0.25
1155	2356	0.5
1156	2356	0.25
1754	2356	0.125
1755	2356	0.125
1756	2356	0.125
2354	2356	0.5
2355	2356	0.5
261	2357	0.25
262	2357	0.25
264	2357	0.5
1157	2357	0.25
1158	2357	0.5
1159	2357	0.25
1757	2357	0.125
1758	2357	0.125
1759	2357	0.125
261	2358	0.25
262	2358	0.25
264	2358	0.5
1157	2358	0.25
1158	2358	0.5
1159	2358	0.25
1757	2358	0.125
1758	2358	0.125
1759	2358	0.125
2357	2358	0.5
261	2359	0.25
262	2359	0.25
264	2359	0.5
1157	2359	0.25
1158	2359	0.5
1159	2359	0.25
1757	2359	0.125
1758	2359	0.125
1759	2359	0.125
2357	2359	0.5
2358	2359	0.5
266	2360	0.25
267	2360	0.25
269	2360	0.5
1160	2360	0.25
1161	2360	0.5
1162	2360	0.25
1760	2360	0.125
1761	2360	0.125
1762	2360	0.125
266	2361	0.25
267	2361	0.25
269	2361	0.5
1160	2361	0.25
1161	2361	0.5
1162	2361	0.25
1760	2361	0.125
1761	2361	0.125
1762	2361	0.125
2360	2361	0.5
266	2362	0.25
267	2362	0.25
269	2362	0.5
1160	2362	0.25
1161	2362	0.5
1162	2362	0.25
1760	2362	0.125
1761	2362	0.125
1762	2362	0.125
2360	2362	0.5
2361	2362	0.5
271	2363	0.25
272	2363	0.25
274	2363	0.5
1163	2363	0.25
1164	2363	0.5
1165	2363	0.25
1763	2363	0.125
1764	2363	0.125
1765	2363	0.125
271	2364	0.25
272	2364	0.25
274	2364	0.5
1163	2364	0.25
1164	2364	0.5
1165	2364	0.25
1763	2364	0.125
1764	2364	0.125
1765	2364	0.125
2363	2364	0.5
271	2365	0.25
272	2365	0.25
274	2365	0.5
1163	2365	0.25
1164	2365	0.5
1165	2365	0.25
1763	2365	0.125
1764	2365	0.125
1765	2365	0.125
2363	2365	0.5
2364	2365	0.5
276	2366	0.25
277	2366	0.25
279	2366	0.5
1166	2366	0.25
1167	2366	0.5
1168	2366	0.25
1766	2366	0.125
1767	2366	0.125
1768	2366	0.125
276	2367	0.25
277	2367	0.25
279	2367	0.5
1166	2367	0.25
1167	2367	0.5
1168	2367	0.25
1766	2367	0.125
1767	2367	0.125
1768	2367	0.125
2366	2367	0.5
276	2368	0.25
277	2368	0.25
279	2368	0.5
1166	2368	0.25
1167	2368	0.5
1168	2368	0.25
1766	2368	0.125
1767	2368	0.125
1768	2368	0.125
2366	2368	0.5
2367	2368	0.5
281	2369	0.25
282	2369	0.25
284	2369	0.5
1169	2369	0.25
1170	2369	0.5
1171	2369	0.25
1769	2369	0.125
1770	2369	0.125
1771	2369	0.125
281	2370	0.25
282	2370	0.25
284	2370	0.5
1169	2370	0.25
1170	2370	0.5
1171	2370	0.25
1769	2370	0.125
1770	2370	0.125
1771	2370	0.125
2369	2370	0.5
281	2371	0.25
282	2371	0.25
284	2371	0.5
1169	2371	0.25
1170	2371	0.5
1171	2371	0.25
1769	2371	0.125
1770	2371	0.125
1771	2371	0.125
2369	2371	0.5
2370	2371	0.5
286	2372	0.25
287	2372	0.25
289	2372	0.5
1172	2372	0.25
1173	2372	0.5
1174	2372	0.25
1772	2372	0.125
1773	2372	0.125
1774	2372	0.125
286	2373	0.25
287	2373	0.25
289	2373	0.5
1172	2373	0.25
1173	2373	0.5
1174	2373	0.25
1772	2373	0.125
1773	2373	0.125
1774	2373	0.125
2372	2373	0.5
286	2374	0.25
287	2374	0.25
289	2374	0.5
1172	2374	0.25
1173	2374	0.5
1174	2374	0.25
1772	2374	0.125
1773	2374	0.125
1774	2374	0.125
2372	2374	0.5
2373	2374	0.5
291	2375	0.25
292	2375	0.25
294	2375	0.5
1175	2375	0.25
1176	2375	0.5
1177	2375	0.25
1775	2375	0.125
1776	2375	0.125
1777	2375	0.125
291	2376	0.25
292	2376	0.25
294	2376	0.5
1175	2376	0.25
1176	2376	0.5
1177	2376	0.25
1775	2376	0.125
1776	2376	0.125
1777	2376	0.125
2375	2376	0.5
291	2377	0.25
292	2377	0.25
294	2377	0.5
1175	2377	0.25
1176	2377	0.5
1177	2377	0.25
1775	2377	0.125
1776	2377	0.125
1777	2377	0.125
2375	2377	0.5
2376	2377	0.5
296	2378	0.25
297	2378	0.25
299	2378	0.5
1178	2378	0.25
1179	2378	0.5
1180	2378	0.25
1778	2378	0.125
1779	2378	0.125
1780	2378	0.125
296	2379	0.25
297	2379	0.25
299	2379	0.5
1178	2379	0.25
1179	2379	0.5
1180	2379	0.25
1778	2379	0.125
1779	2379	0.125
1780	2379	0.125
2378	2379	0.5
296	2380	0.25
297	2380	0.25
299	2380	0.5
1178	2380	0.25
1179	2380	0.5
1180	2380	0.25
1778	2380	0.125
1779	2380	0.125
1780	2380	0.125
2378	2380	0.5
2379	2380	0.5
301	2381	0.25
302	2381	0.25
304	2381	0.5
1181	2381	0.25
1182	2381	0.5
1183	2381	0.25
1781	2381	0.125
1782	2381	0.125
1783	2381	0.125
301	2382	0.25
302	2382	0.25
304	2382	0.5
1181	2382	0.25
1182	2382	0.5
1183	2382	0.25
1781	2382	0.125
1782	2382	0.125
1783	2382	0.125
2381	2382	0.5
301	2383	0.25
302	2383	0.25
304	2383	0.5
1181	2383	0.25
1182	2383	0.5
1183	2383	0.25
1781	2383	0.125
1782	2383	0.125
1783	2383	0.125
2381	2383	0.5
2382	2383	0.5
306	2384	0.25
307	2384	0.25
309	2384	0.5
1184	2384	0.25
1185	2384	0.5
1186	2384	0.25
1784	2384	0.125
1785	2384	0.125
1786	2384	0.125
306	2385	0.25
307	2385	0.25
309	2385	0.5
1184	2385	0.25
1185	2385	0.5
1186	2385	0.25
1784	2385	0.125
1785	2385	0.125
1786	2385	0.125
2384	2385	0.5
306	2386	0.25
307	2386	0.25
309	2386	0.5
1184	2386	0.25
1185	2386	0.5
1186	2386	0.25
1784	2386	0.125
1785	2386	0.125
1786	2386	0.125
2384	2386	0.5
2385	2386	0.5
311	2387	0.25
312	2387	0.25
314	2387	0.5
1187	2387	0.25
1188	2387	0.5
1189	2387	0.25
1787	2387	0.125
1788	2387	0.125
1789	2387	0.125
311	2388	0.25
312	2388	0.25
314	2388	0.5
1187	2388	0.25
1188	2388	0.5
1189	2388	0.25
1787	2388	0.125
1788	2388	0.125
1789	2388	0.125
2387	2388	0.5
311	2389	0.25
312	2389	0.25
314	2389	0.5
1187	2389	0.25
1188	2389	0.5
1189	2389	0.25
1787	2389	0.125
1788	2389	0.125
1789	2389	0.125
2387	2389	0.5
2388	2389	0.5
316	2390	0.25
317	2390	0.25
319	2390	0.5
1190	2390	0.25
1191	2390	0.5
1192	2390	0.25
1790	2390	0.125
1791	2390	0.125
1792	2390	0.125
316	2391	0.25
317	2391	0.25
319	2391	0.5
1190	2391	0.25
1191	2391	0.5
1192	2391	0.25
1790	2391	0.125
1791	2391	0.125
1792	2391	0.125
2390	2391	0.5
316	2392	0.25
317	2392	0.25
319	2392	0.5
1190	2392	0.25
1191	2392	0.5
1192	2392	0.25
1790	2392	0.125
1791	2392	0.125
1792	2392	0.125
2390	2392	0.5
2391	2392	0.5
321	2393	0.25
322	2393	0.25
324	2393	0.5
1193	2393	0.25
1194	2393	0.5
1195	2393	0.25
1793	2393	0.125
1794	2393	0.125
1795	2393	0.125
321	2394	0.25
322	2394	0.25
324	2394	0.5
1193	2394	0.25
1194	2394	0.5
1195	2394	0.25
1793	2394	0.125
1794	2394	0.125
1795	2394	0.125
2393	2394	0.5
321	2395	0.25
322	2395	0.25
324	2395	0.5
1193	2395	0.25
1194	2395	0.5
1195	2395	0.25
1793	2395	0.125
1794	2395	0.125
1795	2395	0.125
2393	2395	0.5
2394	2395	0.5
326	2396	0.25
327	2396	0.25
329	2396	0.5
1196	2396	0.25
1197	2396	0.5
1198	2396	0.25
1796	2396	0.125
1797	2396	0.125
1798	2396	0.125
326	2397	0.25
327	2397	0.25
329	2397	0.5
1196	2397	0.25
1197	2397	0.5
1198	2397	0.25
1796	2397	0.125
1797	2397	0.125
1798	2397	0.125
2396	2397	0.5
326	2398	0.25
327	2398	0.25
329	2398	0.5
1196	2398	0.25
1197	2398	0.5
1198	2398	0.25
1796	2398	0.125
1797	2398	0.125
1798	2398	0.125
2396	2398	0.5
2397	2398	0.5
331	2399	0.25
332	2399	0.25
334	2399	0.5
1199	2399	0.25
1200	2399	0.5
1201	2399	0.25
1799	2399	0.125
1800	2399	0.125
1801	2399	0.125
331	2400	0.25
332	2400	0.25
334	2400	0.5
1199	2400	0.25
1200	2400	0.5
1201	2400	0.25
1799	2400	0.125
1800	2400	0.125
1801	2400	0.125
2399	2400	0.5
331	2401	0.25
332	2401	0.25
334	2401	0.5
1199	2401	0.25
1200	2401	0.5
1201	2401	0.25
1799	2401	0.125
1800	2401	0.125
1801	2401	0.125
2399	2401	0.5
2400	2401	0.5
336	2402	0.25
337	2402	0.25
339	2402	0.5
1202	2402	0.25
1203	2402	0.5
1204	2402	0.25
1802	2402	0.125
1803	2402	0.125
1804	2402	0.125
336	2403	0.25
337	2403	0.25
339	2403	0.5
1202	2403	0.25
1203	2403	0.5
1204	2403	0.25
1802	2403	0.125
1803	2403	0.125
1804	2403	0.125
2402	2403	0.5
336	2404	0.25
337	2404	0.25
339	2404	0.5
1202	2404	0.25
1203	2404	0.5
1204	2404	0.25
1802	2404	0.125
1803	2404	0.125
1804	2404	0.125
2402	2404	0.5
2403	2404	0.5
341	2405	0.25
342	2405	0.25
344	2405	0.5
1205	2405	0.25
1206	2405	0.5
1207	2405	0.25
1805	2405	0.125
1806	2405	0.125
1807	2405	0.125
341	2406	0.25
342	2406	0.25
344	2406	0.5
1205	2406	0.25
1206	2406	0.5
1207	2406	0.25
1805	2406	0.125
1806	2406	0.125
1807	2406	0.125
2405	2406	0.5
341	2407	0.25
342	2407	0.25
344	2407	0.5
1205	2407	0.25
1206	2407	0.5
1207	2407	0.25
1805	2407	0.125
1806	2407	0.125
1807	2407	0.125
2405	2407	0.5
2406	2407	0.5
346	2408	0.25
347	2408	0.25
349	2408	0.5
1208	2408	0.25
1209	2408	0.5
1210	2408	0.25
1808	2408	0.125
1809	2408	0.125
1810	2408	0.125
346	2409	0.25
347	2409	0.25
349	2409	0.5
1208	2409	0.25
1209	2409	0.5
1210	2409	0.25
1808	2409	0.125
1809	2409	0.125
1810	2409	0.125
2408	2409	0.5
346	2410	0.25
347	2410	0.25
349	2410	0.5
1208	2410	0.25
1209	2410	0.5
1210	2410	0.25
1808	2410	0.125
1809	2410	0.125
1810	2410	0.125
2408	2410	0.5
2409	2410	0.5
351	2411	0.25
352	2411	0.25
354	2411	0.5
1211	2411	0.25
1212	2411	0.5
1213	2411	0.25
1811	2411	0.125
1812	2411	0.125
1813	2411	0.125
351	2412	0.25
352	2412	0.25
354	2412	0.5
1211	2412	0.25
1212	2412	0.5
1213	2412	0.25
1811	2412	0.125
1812	2412	0.125
1813	2412	0.125
2411	2412	0.5
351	2413	0.25
352	2413	0.25
354	2413	0.5
1211	2413	0.25
1212	2413	0.5
1213	2413	0.25
1811	2413	0.125
1812	2413	0.125
1813	2413	0.125
2411	2413	0.5
2412	2413	0.5
356	2414	0.25
357	2414	0.25
359	2414	0.5
1214	2414	0.25
1215	2414	0.5
1216	2414	0.25
1814	2414	0.125
1815	2414	0.125
1816	2414	0.125
356	2415	0.25
357	2415	0.25
359	2415	0.5
1214	2415	0.25
1215	2415	0.5
1216	2415	0.25
1814	2415	0.125
1815	2415	0.125
1816	2415	0.125
2414	2415	0.5
356	2416	0.25
357	2416	0.25
359	2416	0.5
1214	2416	0.25
1215	2416	0.5
1216	2416	0.25
1814	2416	0.125
1815	2416	0.125
1816	2416	0.125
2414	2416	0.5
2415	2416	0.5
361	2417	0.25
362	2417	0.25
364	2417	0.5
1217	2417	0.25
1218	2417	0.5
1219	2417	0.25
1817	2417	0.125
1818	2417	0.125
1819	2417	0.125
361	2418	0.25
362	2418	0.25
364	2418	0.5
1217	2418	0.25
1218	2418	0.5
1219	2418	0.25
1817	2418	0.125
1818	2418	0.125
1819	2418	0.125
2417	2418	0.5
361	2419	0.25
362	2419	0.25
364	2419	0.5
1217	2419	0.25
1218	2419	0.5
1219	2419	0.25
1817	2419	0.125
1818	2419	0.125
1819	2419	0.125
2417	2419	0.5
2418	2419	0.5
366	2420	0.25
367	2420	0.25
369	2420	0.5
1220	2420	0.25
1221	2420	0.5
1222	2420	0.25
1820	2420	0.125
1821	2420	0.125
1822	2420	0.125
366	2421	0.25
367	2421	0.25
369	2421	0.5
1220	2421	0.25
1221	2421	0.5
1222	2421	0.25
1820	2421	0.125
1821	2421	0.125
1822	2421	0.125
2420	2421	0.5
366	2422	0.25
367	2422	0.25
369	2422	0.5
1220	2422	0.25
1221	2422	0.5
1222	2422	0.25
1820	2422	0.125
1821	2422	0.125
1822	2422	0.125
2420	2422	0.5
2421	2422	0.5
371	2423	0.25
372	2423	0.25
374	2423	0.5
1223	2423	0.25
1224	2423	0.5
1225	2423	0.25
1823	2423	0.125
1824	2423	0.125
1825	2423	0.125
371	2424	0.25
372	2424	0.25
374	2424	0.5
1223	2424	0.25
1224	2424	0.5
1225	2424	0.25
1823	2424	0.125
1824	2424	0.125
1825	2424	0.125
2423	2424	0.5
371	2425	0.25
372	2425	0.25
374	2425	0.5
1223	2425	0.25
1224	2425	0.5
1225	2425	0.25
1823	2425	0.125
1824	2425	0.125
1825	2425	0.125
2423	2425	0.5
2424	2425	0.5
376	2426	0.25
377	2426	0.25
379	2426	0.5
1226	2426	0.25
1227	2426	0.5
1228	2426	0.25
1826	2426	0.125
1827	2426	0.125
1828	2426	0.125
376	2427	0.25
377	2427	0.25
379	2427	0.5
1226	2427	0.25
1227	2427	0.5
1228	2427	0.25
1826	2427	0.125
1827	2427	0.125
1828	2427	0.125
2426	2427	0.5
376	2428	0.25
377	2428	0.25
379	2428	0.5
1226	2428	0.25
1227	2428	0.5
1228	2428	0.25
1826	2428	0.125
1827	2428	0.125
1828	2428	0.125
2426	2428	0.5
2427	2428	0.5
381	2429	0.25
382	2429	0.25
384	2429	0.5
1229	2429	0.25
1230	2429	0.5
1231	2429	0.25
1829	2429	0.125
1830	2429	0.125
1831	2429	0.125
381	2430	0.25
382	2430	0.25
384	2430	0.5
1229	2430	0.25
1230	2430	0.5
1231	2430	0.25
1829	2430	0.125
1830	2430	0.125
1831	2430	0.125
2429	2430	0.5
381	2431	0.25
382	2431	0.25
384	2431	0.5
1229	2431	0.25
1230	2431	0.5
1231	2431	0.25
1829	2431	0.125
1830	2431	0.125
1831	2431	0.125
2429	2431	0.5
2430	2431	0.5
386	2432	0.25
387	2432	0.25
389	2432	0.5
1232	2432	0.25
1233	2432	0.5
1234	2432	0.25
1832	2432	0.125
1833	2432	0.125
1834	2432	0.125
386	2433	0.25
387	2433	0.25
389	2433	0.5
1232	2433	0.25
1233	2433	0.5
1234	2433	0.25
1832	2433	0.125
1833	2433	0.125
1834	2433	0.125
2432	2433	0.5
386	2434	0.25
387	2434	0.25
389	2434	0.5
1232	2434	0.25
1233	2434	0.5
1234	2434	0.25
1832	2434	0.125
1833	2434	0.125
1834	2434	0.125
2432	2434	0.5
2433	2434	0.5
391	2435	0.25
392	2435	0.25
394	2435	0.5
1235	2435	0.25
1236	2435	0.5
1237	2435	0.25
1835	2435	0.125
1836	2435	0.125
1837	2435	0.125
391	2436	0.25
392	2436	0.25
394	2436	0.5
1235	2436	0.25
1236	2436	0.5
1237	2436	0.25
1835	2436	0.125
1836	2436	0.125
1837	2436	0.125
2435	2436	0.5
391	2437	0.25
392	2437	0.25
394	2437	0.5
1235	2437	0.25
1236	2437	0.5
1237	2437	0.25
1835	2437	0.125
1836	2437	0.125
1837	2437	0.125
2435	2437	0.5
2436	2437	0.5
396	2438	0.25
397	2438	0.25
399	2438	0.5
1238	2438	0.25
1239	2438	0.5
1240	2438	0.25
1838	2438	0.125
1839	2438	0.125
1840	2438	0.125
396	2439	0.25
397	2439	0.25
399	2439	0.5
1238	2439	0.25
1239	2439	0.5
1240	2439	0.25
1838	2439	0.125
1839	2439	0.125
1840	2439	0.125
2438	2439	0.5
396	2440	0.25
397	2440	0.25
399	2440	0.5
1238	2440	0.25
1239	2440	0.5
1240	2440	0.25
1838	2440	0.125
1839	2440	0.125
1840	2440	0.125
2438	2440	0.5
2439	2440	0.5
401	2441	0.25
402	2441	0.25
404	2441	0.5
1241	2441	0.25
1242	2441	0.5
1243	2441	0.25
1841	2441	0.125
1842	2441	0.125
1843	2441	0.125
401	2442	0.25
402	2442	0.25
404	2442	0.5
1241	2442	0.25
1242	2442	0.5
1243	2442	0.25
1841	2442	0.125
1842	2442	0.125
1843	2442	0.125
2441	2442	0.5
401	2443	0.25
402	2443	0.25
404	2443	0.5
1241	2443	0.25
1242	2443	0.5
1243	2443	0.25
1841	2443	0.125
1842	2443	0.125
1843	2443	0.125
2441	2443	0.5
2442	2443	0.5
406	2444	0.25
407	2444	0.25
409	2444	0.5
1244	2444	0.25
1245	2444	0.5
1246	2444	0.25
1844	2444	0.125
1845	2444	0.125
1846	2444	0.125
406	2445	0.25
407	2445	0.25
409	2445	0.5
1244	2445	0.25
1245	2445	0.5
1246	2445	0.25
1844	2445	0.125
1845	2445	0.125
1846	2445	0.125
2444	2445	0.5
406	2446	0.25
407	2446	0.25
409	2446	0.5
1244	2446	0.25
1245	2446	0.5
1246	2446	0.25
1844	2446	0.125
1845	2446	0.125
1846	2446	0.125
2444	2446	0.5
2445	2446	0.5
411	2447	0.25
412	2447	0.25
414	2447	0.5
1247	2447	0.25
1248	2447	0.5
1249	2447	0.25
1847	2447	0.125
1848	2447	0.125
1849	2447	0.125
411	2448	0.25
412	2448	0.25
414	2448	0.5
1247	2448	0.25
1248	2448	0.5
1249	2448	0.25
1847	2448	0.125
1848	2448	0.125
1849	2448	0.125
2447	2448	0.5
411	2449	0.25
412	2449	0.25
414	2449	0.5
1247	2449	0.25
1248	2449	0.5
1249	2449	0.25
1847	2449	0.125
1848	2449	0.125
1849	2449	0.125
2447	2449	0.5
2448	2449	0.5
416	2450	0.25
417	2450	0.25
419	2450	0.5
1250	2450	0.25
1251	2450	0.5
1252	2450	0.25
1850	2450	0.125
1851	2450	0.125
1852	2450	0.125
416	2451	0.25
417	2451	0.25
419	2451	0.5
1250	2451	0.25
1251	2451	0.5
1252	2451	0.25
1850	2451	0.125
1851	2451	0.125
1852	2451	0.125
2450	2451	0.5
416	2452	0.25
417	2452	0.25
419	2452	0.5
1250	2452	0.25
1251	2452	0.5
1252	2452	0.25
1850	2452	0.125
1851	2452	0.125
1852	2452	0.125
2450	2452	0.5
2451	2452	0.5
421	2453	0.25
422	2453	0.25
424	2453	0.5
1253	2453	0.25
1254	2453	0.5
1255	2453	0.25
1853	2453	0.125
1854	2453	0.125
1855	2453	0.125
421	2454	0.25
422	2454	0.25
424	2454	0.5
1253	2454	0.25
1254	2454	0.5
1255	2454	0.25
1853	2454	0.125
1854	2454	0.125
1855	2454	0.125
2453	2454	0.5
421	2455	0.25
422	2455	0.25
424	2455	0.5
1253	2455	0.25
1254	2455	0.5
1255	2455	0.25
1853	2455	0.125
1854	2455	0.125
1855	2455	0.125
2453	2455	0.5
2454	2455	0.5
426	2456	0.25
427	2456	0.25
429	2456	0.5
1256	2456	0.25
1257	2456	0.5
1258	2456	0.25
1856	2456	0.125
1857	2456	0.125
1858	2456	0.125
426	2457	0.25
427	2457	0.25
429	2457	0.5
1256	2457	0.25
1257	2457	0.5
1258	2457	0.25
1856	2457	0.125
1857	2457	0.125
1858	2457	0.125
2456	2457	0.5
426	2458	0.25
427	2458	0.25
429	2458	0.5
1256	2458	0.25
1257	2458	0.5
1258	2458	0.25
1856	2458	0.125
1857	2458	0.125
1858	2458	0.125
2456	2458	0.5
2457	2458	0.5
431	2459	0.25
432	2459	0.25
434	2459	0.5
1259	2459	0.25
1260	2459	0.5
1261	2459	0.25
1859	2459	0.125
1860	2459	0.125
1861	2459	0.125
431	2460	0.25
432	2460	0.25
434	2460	0.5
1259	2460	0.25
1260	2460	0.5
1261	2460	0.25
1859	2460	0.125
1860	2460	0.125
1861	2460	0.125
2459	2460	0.5
431	2461	0.25
432	2461	0.25
434	2461	0.5
1259	2461	0.25
1260	2461	0.5
1261	2461	0.25
1859	2461	0.125
1860	2461	0.125
1861	2461	0.125
2459	2461	0.5
2460	2461	0.5
436	2462	0.25
437	2462	0.25
439	2462	0.5
1262	2462	0.25
1263	2462	0.5
1264	2462	0.25
1862	2462	0.125
1863	2462	0.125
1864	2462	0.125
436	2463	0.25
437	2463	0.25
439	2463	0.5
1262	2463	0.25
1263	2463	0.5
1264	2463	0.25
1862	2463	0.125
1863	2463	0.125
1864	2463	0.125
2462	2463	0.5
436	2464	0.25
437	2464	0.25
439	2464	0.5
1262	2464	0.25
1263	2464	0.5
1264	2464	0.25
1862	2464	0.125
1863	2464	0.125
1864	2464	0.125
2462	2464	0.5
2463	2464	0.5
441	2465	0.25
442	2465	0.25
444	2465	0.5
1265	2465	0.25
1266	2465	0.5
1267	2465	0.25
1865	2465	0.125
1866	2465	0.125
1867	2465	0.125
441	2466	0.25
442	2466	0.25
444	2466	0.5
1265	2466	0.25
1266	2466	0.5
1267	2466	0.25
1865	2466	0.125
1866	2466	0.125
1867	2466	0.125
2465	2466	0.5
441	2467	0.25
442	2467	0.25
444	2467	0.5
1265	2467	0.25
1266	2467	0.5
1267	2467	0.25
1865	2467	0.125
1866	2467	0.125
1867	2467	0.125
2465	2467	0.5
2466	2467	0.5
446	2468	0.25
447	2468	0.25
449	2468	0.5
1268	2468	0.25
1269	2468	0.5
1270	2468	0.25
1868	2468	0.125
1869	2468	0.125
1870	2468	0.125
446	2469	0.25
447	2469	0.25
449	2469	0.5
1268	2469	0.25
1269	2469	0.5
1270	2469	0.25
1868	2469	0.125
1869	2469	0.125
1870	2469	0.125
2468	2469	0.5
446	2470	0.25
447	2470	0.25
449	2470	0.5
1268	2470	0.25
1269	2470	0.5
1270	2470	0.25
1868	2470	0.125
1869	2470	0.125
1870	2470	0.125
2468	2470	0.5
2469	2470	0.5
451	2471	0.25
452	2471	0.25
454	2471	0.5
1271	2471	0.25
1272	2471	0.5
1273	2471	0.25
1871	2471	0.125
1872	2471	0.125
1873	2471	0.125
451	2472	0.25
452	2472	0.25
454	2472	0.5
1271	2472	0.25
1272	2472	0.5
1273	2472	0.25
1871	2472	0.125
1872	2472	0.125
1873	2472	0.125
2471	2472	0.5
451	2473	0.25
452	2473	0.25
454	2473	0.5
1271	2473	0.25
1272	2473	0.5
1273	2473	0.25
1871	2473	0.125
1872	2473	0.125
1873	2473	0.125
2471	2473	0.5
2472	2473	0.5
456	2474	0.25
457	2474	0.25
459	2474	0.5
1274	2474	0.25
1275	2474	0.5
1276	2474	0.25
1874	2474	0.125
1875	2474	0.125
1876	2474	0.125
456	2475	0.25
457	2475	0.25
459	2475	0.5
1274	2475	0.25
1275	2475	0.5
1276	2475	0.25
1874	2475	0.125
1875	2475	0.125
1876	2475	0.125
2474	2475	0.5
456	2476	0.25
457	2476	0.25
459	2476	0.5
1274	2476	0.25
1275	2476	0.5
1276	2476	0.25
1874	2476	0.125
1875	2476	0.125
1876	2476	0.125
2474	2476	0.5
2475	2476	0.5
461	2477	0.25
462	2477	0.25
464	2477	0.5
1277	2477	0.25
1278	2477	0.5
1279	2477	0.25
1877	2477	0.125
1878	2477	0.125
1879	2477	0.125
461	2478	0.25
462	2478	0.25
464	2478	0.5
1277	2478	0.25
1278	2478	0.5
1279	2478	0.25
1877	2478	0.125
1878	2478	0.125
1879	2478	0.125
2477	2478	0.5
461	2479	0.25
462	2479	0.25
464	2479	0.5
1277	2479	0.25
1278	2479	0.5
1279	2479	0.25
1877	2479	0.125
1878	2479	0.125
1879	2479	0.125
2477	2479	0.5
2478	2479	0.5
466	2480	0.25
467	2480	0.25
469	2480	0.5
1280	2480	0.25
1281	2480	0.5
1282	2480	0.25
1880	2480	0.125
1881	2480	0.125
1882	2480	0.125
466	2481	0.25
467	2481	0.25
469	2481	0.5
1280	2481	0.25
1281	2481	0.5
1282	2481	0.25
1880	2481	0.125
1881	2481	0.125
1882	2481	0.125
2480	2481	0.5
466	2482	0.25
467	2482	0.25
469	2482	0.5
1280	2482	0.25
1281	2482	0.5
1282	2482	0.25
1880	2482	0.125
1881	2482	0.125
1882	2482	0.125
2480	2482	0.5
2481	2482	0.5
471	2483	0.25
472	2483	0.25
474	2483	0.5
1283	2483	0.25
1284	2483	0.5
1285	2483	0.25
1883	2483	0.125
1884	2483	0.125
1885	2483	0.125
471	2484	0.25
472	2484	0.25
474	2484	0.5
1283	2484	0.25
1284	2484	0.5
1285	2484	0.25
1883	2484	0.125
1884	2484	0.125
1885	2484	0.125
2483	2484	0.5
471	2485	0.25
472	2485	0.25
474	2485	0.5
1283	2485	0.25
1284	2485	0.5
1285	2485	0.25
1883	2485	0.125
1884	2485	0.125
1885	2485	0.125
2483	2485	0.5
2484	2485	0.5
476	2486	0.25
477	2486	0.25
479	2486	0.5
1286	2486	0.25
1287	2486	0.5
1288	2486	0.25
1886	2486	0.125
1887	2486	0.125
1888	2486	0.125
476	2487	0.25
477	2487	0.25
479	2487	0.5
1286	2487	0.25
1287	2487	0.5
1288	2487	0.25
1886	2487	0.125
1887	2487	0.125
1888	2487	0.125
2486	2487	0.5
476	2488	0.25
477	2488	0.25
479	2488	0.5
1286	2488	0.25
1287	2488	0.5
1288	2488	0.25
1886	2488	0.125
1887	2488	0.125
1888	2488	0.125
2486	2488	0.5
2487	2488	0.5
481	2489	0.25
482	2489	0.25
484	2489	0.5
1289	2489	0.25
1290	2489	0.5
1291	2489	0.25
1889	2489	0.125
1890	2489	0.125
1891	2489	0.125
481	2490	0.25
482	2490	0.25
484	2490	0.5
1289	2490	0.25
1290	2490	0.5
1291	2490	0.25
1889	2490	0.125
1890	2490	0.125
1891	2490	0.125
2489	2490	0.5
481	2491	0.25
482	2491	0.25
484	2491	0.5
1289	2491	0.25
1290	2491	0.5
1291	2491	0.25
1889	2491	0.125
1890	2491	0.125
1891	2491	0.125
2489	2491	0.5
2490	2491	0.5
486	2492	0.25
487	2492	0.25
489	2492	0.5
1292	2492	0.25
1293	2492	0.5
1294	2492	0.25
1892	2492	0.125
1893	2492	0.125
1894	2492	0.125
486	2493	0.25
487	2493	0.25
489	2493	0.5
1292	2493	0.25
1293	2493	0.5
1294	2493	0.25
1892	2493	0.125
1893	2493	0.125
1894	2493	0.125
2492	2493	0.5
486	2494	0.25
487	2494	0.25
489	2494	0.5
1292	2494	0.25
1293	2494	0.5
1294	2494	0.25
1892	2494	0.125
1893	2494	0.125
1894	2494	0.125
2492	2494	0.5
2493	2494	0.5
491	2495	0.25
492	2495	0.25
494	2495	0.5
1295	2495	0.25
1296	2495	0.5
1297	2495	0.25
1895	2495	0.125
1896	2495	0.125
1897	2495	0.125
491	2496	0.25
492	2496	0.25
494	2496	0.5
1295	2496	0.25
1296	2496	0.5
1297	2496	0.25
1895	2496	0.125
1896	2496	0.125
1897	2496	0.125
2495	2496	0.5
491	2497	0.25
492	2497	0.25
494	2497	0.5
1295	2497	0.25
1296	2497	0.5
1297	2497	0.25
1895	2497	0.125
1896	2497	0.125
1897	2497	0.125
2495	2497	0.5
2496	2497	0.5
496	2498	0.25
497	2498	0.25
499	2498	0.5
1298	2498	0.25
1299	2498	0.5
1300	2498	0.25
1898	2498	0.125
1899	2498	0.125
1900	2498	0.125
496	2499	0.25
497	2499	0.25
499	2499	0.5
1298	2499	0.25
1299	2499	0.5
1300	2499	0.25
1898	2499	0.125
1899	2499	0.125
1900	2499	0.125
2498	2499	0.5
496	2500	0.25
497	2500	0.25
499	2500	0.5
1298	2500	0.25
1299	2500	0.5
1300	2500	0.25
1898	2500	0.125
1899	2500	0.125
1900	2500	0.125
2498	2500	0.5
2499	2500	0.5
501	2501	0.25
502	2501	0.25
504	2501	0.5
1301	2501	0.25
1302	2501	0.5
1303	2501	0.25
1901	2501	0.125
1902	2501	0.125
1903	2501	0.125
501	2502	0.25
502	2502	0.25
504	2502	0.5
1301	2502	0.25
1302	2502	0.5
1303	2502	0.25
1901	2502	0.125
1902	2502	0.125
1903	2502	0.125
2501	2502	0.5
501	2503	0.25
502	2503	0.25
504	2503	0.5
1301	2503	0.25
1302	2503	0.5
1303	2503	0.25
1901	2503	0.125
1902	2503	0.125
1903	2503	0.125
2501	2503	0.5
2502	2503	0.5
506	2504	0.25
507	2504	0.25
509	2504	0.5
1304	2504	0.25
1305	2504	0.5
1306	2504	0.25
1904	2504	0.125
1905	2504	0.125
1906	2504	0.125
506	2505	0.25
507	2505	0.25
509	2505	0.5
1304	2505	0.25
1305	2505	0.5
1306	2505	0.25
1904	2505	0.125
1905	2505	0.125
1906	2505	0.125
2504	2505	0.5
506	2506	0.25
507	2506	0.25
509	2506	0.5
1304	2506	0.25
1305	2506	0.5
1306	2506	0.25
1904	2506	0.125
1905	2506	0.125
1906	2506	0.125
2504	2506	0.5
2505	2506	0.5
511	2507	0.25
512	2507	0.25
514	2507	0.5
1307	2507	0.25
1308	2507	0.5
1309	2507	0.25
1907	2507	0.125
1908	2507	0.125
1909	2507	0.125
511	2508	0.25
512	2508	0.25
514	2508	0.5
1307	2508	0.25
1308	2508	0.5
1309	2508	0.25
1907	2508	0.125
1908	2508	0.125
1909	2508	0.125
2507	2508	0.5
511	2509	0.25
512	2509	0.25
514	2509	0.5
1307	2509	0.25
1308	2509	0.5
1309	2509	0.25
1907	2509	0.125
1908	2509	0.125
1909	2509	0.125
2507	2509	0.5
2508	2509	0.5
516	2510	0.25
517	2510	0.25
519	2510	0.5
1310	2510	0.25
1311	2510	0.5
1312	2510	0.25
1910	2510	0.125
1911	2510	0.125
1912	2510	0.125
516	2511	0.25
517	2511	0.25
519	2511	0.5
1310	2511	0.25
1311	2511	0.5
1312	2511	0.25
1910	2511	0.125
1911	2511	0.125
1912	2511	0.125
2510	2511	0.5
516	2512	0.25
517	2512	0.25
519	2512	0.5
1310	2512	0.25
1311	2512	0.5
1312	2512	0.25
1910	2512	0.125
1911	2512	0.125
1912	2512	0.125
2510	2512	0.5
2511	2512	0.5
521	2513	0.25
522	2513	0.25
524	2513	0.5
1313	2513	0.25
1314	2513	0.5
1315	2513	0.25
1913	2513	0.125
1914	2513	0.125
1915	2513	0.125
521	2514	0.25
522	2514	0.25
524	2514	0.5
1313	2514	0.25
1314	2514	0.5
1315	2514	0.25
1913	2514	0.125
1914	2514	0.125
1915	2514	0.125
2513	2514	0.5
521	2515	0.25
522	2515	0.25
524	2515	0.5
1313	2515	0.25
1314	2515	0.5
1315	2515	0.25
1913	2515	0.125
1914	2515	0.125
1915	2515	0.125
2513	2515	0.5
2514	2515	0.5
526	2516	0.25
527	2516	0.25
529	2516	0.5
1316	2516	0.25
1317	2516	0.5
1318	2516	0.25
1916	2516	0.125
1917	2516	0.125
1918	2516	0.125
526	2517	0.25
527	2517	0.25
529	2517	0.5
1316	2517	0.25
1317	2517	0.5
1318	2517	0.25
1916	2517	0.125
1917	2517	0.125
1918	2517	0.125
2516	2517	0.5
526	2518	0.25
527	2518	0.25
529	2518	0.5
1316	2518	0.25
1317	2518	0.5
1318	2518	0.25
1916	2518	0.125
1917	2518	0.125
1918	2518	0.125
2516	2518	0.5
2517	2518	0.5
531	2519	0.25
532	2519	0.25
534	2519	0.5
1319	2519	0.25
1320	2519	0.5
1321	2519	0.25
1919	2519	0.125
1920	2519	0.125
1921	2519	0.125
531	2520	0.25
532	2520	0.25
534	2520	0.5
1319	2520	0.25
1320	2520	0.5
1321	2520	0.25
1919	2520	0.125
1920	2520	0.125
1921	2520	0.125
2519	2520	0.5
531	2521	0.25
532	2521	0.25
534	2521	0.5
1319	2521	0.25
1320	2521	0.5
1321	2521	0.25
1919	2521	0.125
1920	2521	0.125
1921	2521	0.125
2519	2521	0.5
2520	2521	0.5
536	2522	0.25
537	2522	0.25
539	2522	0.5
1322	2522	0.25
1323	2522	0.5
1324	2522	0.25
1922	2522	0.125
1923	2522	0.125
1924	2522	0.125
536	2523	0.25
537	2523	0.25
539	2523	0.5
1322	2523	0.25
1323	2523	0.5
1324	2523	0.25
1922	2523	0.125
1923	2523	0.125
1924	2523	0.125
2522	2523	0.5
536	2524	0.25
537	2524	0.25
539	2524	0.5
1322	2524	0.25
1323	2524	0.5
1324	2524	0.25
1922	2524	0.125
1923	2524	0.125
1924	2524	0.125
2522	2524	0.5
2523	2524	0.5
541	2525	0.25
542	2525	0.25
544	2525	0.5
1325	2525	0.25
1326	2525	0.5
1327	2525	0.25
1925	2525	0.125
1926	2525	0.125
1927	2525	0.125
541	2526	0.25
542	2526	0.25
544	2526	0.5
1325	2526	0.25
1326	2526	0.5
1327	2526	0.25
1925	2526	0.125
1926	2526	0.125
1927	2526	0.125
2525	2526	0.5
541	2527	0.25
542	2527	0.25
544	2527	0.5
1325	2527	0.25
1326	2527	0.5
1327	2527	0.25
1925	2527	0.125
1926	2527	0.125
1927	2527	0.125
2525	2527	0.5
2526	2527	0.5
546	2528	0.25
547	2528	0.25
549	2528	0.5
1328	2528	0.25
1329	2528	0.5
1330	2528	0.25
1928	2528	0.125
1929	2528	0.125
1930	2528	0.125
546	2529	0.25
547	2529	0.25
549	2529	0.5
1328	2529	0.25
1329	2529	0.5
1330	2529	0.25
1928	2529	0.125
1929	2529	0.125
1930	2529	0.125
2528	2529	0.5
546	2530	0.25
547	2530	0.25
549	2530	0.5
1328	2530	0.25
1329	2530	0.5
1330	2530	0.25
1928	2530	0.125
1929	2530	0.125
1930	2530	0.125
2528	2530	0.5
2529	2530	0.5
551	2531	0.25
552	2531	0.25
554	2531	0.5
1331	2531	0.25
1332	2531	0.5
1333	2531	0.25
1931	2531	0.125
1932	2531	0.125
1933	2531	0.125
551	2532	0.25
552	2532	0.25
554	2532	0.5
1331	2532	0.25
1332	2532	0.5
1333	2532	0.25
1931	2532	0.125
1932	2532	0.125
1933	2532	0.125
2531	2532	0.5
551	2533	0.25
552	2533	0.25
554	2533	0.5
1331	2533	0.25
1332	2533	0.5
1333	2533	0.25
1931	2533	0.125
1932	2533	0.125
1933	2533	0.125
2531	2533	0.5
2532	2533	0.5
556	2534	0.25
557	2534	0.25
559	2534	0.5
1334	2534	0.25
1335	2534	0.5
1336	2534	0.25
1934	2534	0.125
1935	2534	0.125
1936	2534	0.125
556	2535	0.25
557	2535	0.25
559	2535	0.5
1334	2535	0.25
1335	2535	0.5
1336	2535	0.25
1934	2535	0.125
1935	2535	0.125
1936	2535	0.125
2534	2535	0.5
556	2536	0.25
557	2536	0.25
559	2536	0.5
1334	2536	0.25
1335	2536	0.5
1336	2536	0.25
1934	2536	0.125
1935	2536	0.125
1936	2536	0.125
2534	2536	0.5
2535	2536	0.5
561	2537	0.25
562	2537	0.25
564	2537	0.5
1337	2537	0.25
1338	2537	0.5
1339	2537	0.25
1937	2537	0.125
1938	2537	0.125
1939	2537	0.125
561	2538	0.25
562	2538	0.25
564	2538	0.5
1337	2538	0.25
1338	2538	0.5
1339	2538	0.25
1937	2538	0.125
1938	2538	0.125
1939	2538	0.125
2537	2538	0.5
561	2539	0.25
562	2539	0.25
564	2539	0.5
1337	2539	0.25
1338	2539	0.5
1339	2539	0.25
1937	2539	0.125
1938	2539	0.125
1939	2539	0.125
2537	2539	0.5
2538	2539	0.5
566	2540	0.25
567	2540	0.25
569	2540	0.5
1340	2540	0.25
1341	2540	0.5
1342	2540	0.25
1940	2540	0.125
1941	2540	0.125
1942	2540	0.125
566	2541	0.25
567	2541	0.25
569	2541	0.5
1340	2541	0.25
1341	2541	0.5
1342	2541	0.25
1940	2541	0.125
1941	2541	0.125
1942	2541	0.125
2540	2541	0.5
566	2542	0.25
567	2542	0.25
569	2542	0.5
1340	2542	0.25
1341	2542	0.5
1342	2542	0.25
1940	2542	0.125
1941	2542	0.125
1942	2542	0.125
2540	2542	0.5
2541	2542	0.5
571	2543	0.25
572	2543	0.25
574	2543	0.5
1343	2543	0.25
1344	2543	0.5
1345	2543	0.25
1943	2543	0.125
1944	2543	0.125
1945	2543	0.125
571	2544	0.25
572	2544	0.25
574	2544	0.5
1343	2544	0.25
1344	2544	0.5
1345	2544	0.25
1943	2544	0.125
1944	2544	0.125
1945	2544	0.125
2543	2544	0.5
571	2545	0.25
572	2545	0.25
574	2545	0.5
1343	2545	0.25
1344	2545	0.5
1345	2545	0.25
1943	2545	0.125
1944	2545	0.125
1945	2545	0.125
2543	2545	0.5
2544	2545	0.5
576	2546	0.25
577	2546	0.25
579	2546	0.5
1346	2546	0.25
1347	2546	0.5
1348	2546	0.25
1946	2546	0.125
1947	2546	0.125
1948	2546	0.125
576	2547	0.25
577	2547	0.25
579	2547	0.5
1346	2547	0.25
1347	2547	0.5
1348	2547	0.25
1946	2547	0.125
1947	2547	0.125
1948	2547	0.125
2546	2547	0.5
576	2548	0.25
577	2548	0.25
579	2548	0.5
1346	2548	0.25
1347	2548	0.5
1348	2548	0.25
1946	2548	0.125
1947	2548	0.125
1948	2548	0.125
2546	2548	0.5
2547	2548	0.5
581	2549	0.25
582	2549	0.25
584	2549	0.5
1349	2549	0.25
1350	2549	0.5
1351	2549	0.25
1949	2549	0.125
1950	2549	0.125
1951	2549	0.125
581	2550	0.25
582	2550	0.25
584	2550	0.5
1349	2550	0.25
1350	2550	0.5
1351	2550	0.25
1949	2550	0.125
1950	2550	0.125
1951	2550	0.125
2549	2550	0.5
581	2551	0.25
582	2551	0.25
584	2551	0.5
1349	2551	0.25
1350	2551	0.5
1351	2551	0.25
1949	2551	0.125
1950	2551	0.125
1951	2551	0.125
2549	2551	0.5
2550	2551	0.5
586	2552	0.25
587	2552	0.25
589	2552	0.5
1352	2552	0.25
1353	2552	0.5
1354	2552	0.25
1952	2552	0.125
1953	2552	0.125
1954	2552	0.125
586	2553	0.25
587	2553	0.25
589	2553	0.5
1352	2553	0.25
1353	2553	0.5
1354	2553	0.25
1952	2553	0.125
1953	2553	0.125
1954	2553	0.125
2552	2553	0.5
586	2554	0.25
587	2554	0.25
589	2554	0.5
1352	2554	0.25
1353	2554	0.5
1354	2554	0.25
1952	2554	0.125
1953	2554	0.125
1954	2554	0.125
2552	2554	0.5
2553	2554	0.5
591	2555	0.25
592	2555	0.25
594	2555	0.5
1355	2555	0.25
1356	2555	0.5
1357	2555	0.25
1955	2555	0.125
1956	2555	0.125
1957	2555	0.125
591	2556	0.25
592	2556	0.25
594	2556	0.5
1355	2556	0.25
1356	2556	0.5
1357	2556	0.25
1955	2556	0.125
1956	2556	0.125
1957	2556	0.125
2555	2556	0.5
591	2557	0.25
592	2557	0.25
594	2557	0.5
1355	2557	0.25
1356	2557	0.5
1357	2557	0.25
1955	2557	0.125
1956	2557	0.125
1957	2557	0.125
2555	2557	0.5
2556	2557	0.5
596	2558	0.25
597	2558	0.25
599	2558	0.5
1358	2558	0.25
1359	2558	0.5
1360	2558	0.25
1958	2558	0.125
1959	2558	0.125
1960	2558	0.125
596	2559	0.25
597	2559	0.25
599	2559	0.5
1358	2559	0.25
1359	2559	0.5
1360	2559	0.25
1958	2559	0.125
1959	2559	0.125
1960	2559	0.125
2558	2559	0.5
596	2560	0.25
597	2560	0.25
599	2560	0.5
1358	2560	0.25
1359	2560	0.5
1360	2560	0.25
1958	2560	0.125
1959	2560	0.125
1960	2560	0.125
2558	2560	0.5
2559	2560	0.5
601	2561	0.25
602	2561	0.25
604	2561	0.5
1361	2561	0.25
1362	2561	0.5
1363	2561	0.25
1961	2561	0.125
1962	2561	0.125
1963	2561	0.125
601	2562	0.25
602	2562	0.25
604	2562	0.5
1361	2562	0.25
1362	2562	0.5
1363	2562	0.25
1961	2562	0.125
1962	2562	0.125
1963	2562	0.125
2561	2562	0.5
601	2563	0.25
602	2563	0.25
604	2563	0.5
1361	2563	0.25
1362	2563	0.5
1363	2563	0.25
1961	2563	0.125
1962	2563	0.125
1963	2563	0.125
2561	2563	0.5
2562	2563	0.5
606	2564	0.25
607	2564	0.25
609	2564	0.5
1364	2564	0.25
1365	2564	0.5
1366	2564	0.25
1964	2564	0.125
1965	2564	0.125
1966	2564	0.125
606	2565	0.25
607	2565	0.25
609	2565	0.5
1364	2565	0.25
1365	2565	0.5
1366	2565	0.25
1964	2565	0.125
1965	2565	0.125
1966	2565	0.125
2564	2565	0.5
606	2566	0.25
607	2566	0.25
609	2566	0.5
1364	2566	0.25
1365	2566	0.5
1366	2566	0.25
1964	2566	0.125
1965	2566	0.125
1966	2566	0.125
2564	2566	0.5
2565	2566	0.5
611	2567	0.25
612	2567	0.25
614	2567	0.5
1367	2567	0.25
1368	2567	0.5
1369	2567	0.25
1967	2567	0.125
1968	2567	0.125
1969	2567	0.125
611	2568	0.25
612	2568	0.25
614	2568	0.5
1367	2568	0.25
1368	2568	0.5
1369	2568	0.25
1967	2568	0.125
1968	2568	0.125
1969	2568	0.125
2567	2568	0.5
611	2569	0.25
612	2569	0.25
614	2569	0.5
1367	2569	0.25
1368	2569	0.5
1369	2569	0.25
1967	2569	0.125
1968	2569	0.125
1969	2569	0.125
2567	2569	0.5
2568	2569	0.5
616	2570	0.25
617	2570	0.25
619	2570	0.5
1370	2570	0.25
1371	2570	0.5
1372	2570	0.25
1970	2570	0.125
1971	2570	0.125
1972	2570	0.125
616	2571	0.25
617	2571	0.25
619	2571	0.5
1370	2571	0.25
1371	2571	0.5
1372	2571	0.25
1970	2571	0.125
1971	2571	0.125
1972	2571	0.125
2570	2571	0.5
616	2572	0.25
617	2572	0.25
619	2572	0.5
1370	2572	0.25
1371	2572	0.5
1372	2572	0.25
1970	2572	0.125
1971	2572	0.125
1972	2572	0.125
2570	2572	0.5
2571	2572	0.5
621	2573	0.25
622	2573	0.25
624	2573	0.5
1373	2573	0.25
1374	2573	0.5
1375	2573	0.25
1973	2573	0.125
1974	2573	0.125
1975	2573	0.125
621	2574	0.25
622	2574	0.25
624	2574	0.5
1373	2574	0.25
1374	2574	0.5
1375	2574	0.25
1973	2574	0.125
1974	2574	0.125
1975	2574	0.125
2573	2574	0.5
621	2575	0.25
622	2575	0.25
624	2575	0.5
1373	2575	0.25
1374	2575	0.5
1375	2575	0.25
1973	2575	0.125
1974	2575	0.125
1975	2575	0.125
2573	2575	0.5
2574	2575	0.5
626	2576	0.25
627	2576	0.25
629	2576	0.5
1376	2576	0.25
1377	2576	0.5
1378	2576	0.25
1976	2576	0.125
1977	2576	0.125
1978	2576	0.125
626	2577	0.25
627	2577	0.25
629	2577	0.5
1376	2577	0.25
1377	2577	0.5
1378	2577	0.25
1976	2577	0.125
1977	2577	0.125
1978	2577	0.125
2576	2577	0.5
626	2578	0.25
627	2578	0.25
629	2578	0.5
1376	2578	0.25
1377	2578	0.5
1378	2578	0.25
1976	2578	0.125
1977	2578	0.125
1978	2578	0.125
2576	2578	0.5
2577	2578	0.5
631	2579	0.25
632	2579	0.25
634	2579	0.5
1379	2579	0.25
1380	2579	0.5
1381	2579	0.25
1979	2579	0.125
1980	2579	0.125
1981	2579	0.125
631	2580	0.25
632	2580	0.25
634	2580	0.5
1379	2580	0.25
1380	2580	0.5
1381	2580	0.25
1979	2580	0.125
1980	2580	0.125
1981	2580	0.125
2579	2580	0.5
631	2581	0.25
632	2581	0.25
634	2581	0.5
1379	2581	0.25
1380	2581	0.5
1381	2581	0.25
1979	2581	0.125
1980	2581	0.125
1981	2581	0.125
2579	2581	0.5
2580	2581	0.5
636	2582	0.25
637	2582	0.25
639	2582	0.5
1382	2582	0.25
1383	2582	0.5
1384	2582	0.25
1982	2582	0.125
1983	2582	0.125
1984	2582	0.125
636	2583	0.25
637	2583	0.25
639	2583	0.5
1382	2583	0.25
1383	2583	0.5
1384	2583	0.25
1982	2583	0.125
1983	2583	0.125
1984	2583	0.125
2582	2583	0.5
636	2584	0.25
637	2584	0.25
639	2584	0.5
1382	2584	0.25
1383	2584	0.5
1384	2584	0.25
1982	2584	0.125
1983	2584	0.125
1984	2584	0.125
2582	2584	0.5
2583	2584	0.5
641	2585	0.25
642	2585	0.25
644	2585	0.5
1385	2585	0.25
1386	2585	0.5
1387	2585	0.25
1985	2585	0.125
1986	2585	0.125
1987	2585	0.125
641	2586	0.25
642	2586	0.25
644	2586	0.5
1385	2586	0.25
1386	2586	0.5
1387	2586	0.25
1985	2586	0.125
1986	2586	0.125
1987	2586	0.125
2585	2586	0.5
641	2587	0.25
642	2587	0.25
644	2587	0.5
1385	2587	0.25
1386	2587	0.5
1387	2587	0.25
1985	2587	0.125
1986	2587	0.125
1987	2587	0.125
2585	2587	0.5
2586	2587	0.5
646	2588	0.25
647	2588	0.25
649	2588	0.5
1388	2588	0.25
1389	2588	0.5
1390	2588	0.25
1988	2588	0.125
1989	2588	0.125
1990	2588	0.125
646	2589	0.25
647	2589	0.25
649	2589	0.5
1388	2589	0.25
1389	2589	0.5
1390	2589	0.25
1988	2589	0.125
1989	2589	0.125
1990	2589	0.125
2588	2589	0.5
646	2590	0.25
647	2590	0.25
649	2590	0.5
1388	2590	0.25
1389	2590	0.5
1390	2590	0.25
1988	2590	0.125
1989	2590	0.125
1990	2590	0.125
2588	2590	0.5
2589	2590	0.5
651	2591	0.25
652	2591	0.25
654	2591	0.5
1391	2591	0.25
1392	2591	0.5
1393	2591	0.25
1991	2591	0.125
1992	2591	0.125
1993	2591	0.125
651	2592	0.25
652	2592	0.25
654	2592	0.5
1391	2592	0.25
1392	2592	0.5
1393	2592	0.25
1991	2592	0.125
1992	2592	0.125
1993	2592	0.125
2591	2592	0.5
651	2593	0.25
652	2593	0.25
654	2593	0.5
1391	2593	0.25
1392	2593	0.5
1393	2593	0.25
1991	2593	0.125
1992	2593	0.125
1993	2593	0.125
2591	2593	0.5
2592	2593	0.5
656	2594	0.25
657	2594	0.25
659	2594	0.5
1394	2594	0.25
1395	2594	0.5
1396	2594	0.25
1994	2594	0.125
1995	2594	0.125
1996	2594	0.125
656	2595	0.25
657	2595	0.25
659	2595	0.5
1394	2595	0.25
1395	2595	0.5
1396	2595	0.25
1994	2595	0.125
1995	2595	0.125
1996	2595	0.125
2594	2595	0.5
656	2596	0.25
657	2596	0.25
659	2596	0.5
1394	2596	0.25
1395	2596	0.5
1396	2596	0.25
1994	2596	0.125
1995	2596	0.125
1996	2596	0.125
2594	2596	0.5
2595	2596	0.5
661	2597	0.25
662	2597	0.25
664	2597	0.5
1397	2597	0.25
1398	2597	0.5
1399	2597	0.25
1997	2597	0.125
1998	2597	0.125
1999	2597	0.125
661	2598	0.25
662	2598	0.25
664	2598	0.5
1397	2598	0.25
1398	2598	0.5
1399	2598	0.25
1997	2598	0.125
1998	2598	0.125
1999	2598	0.125
2597	2598	0.5
661	2599	0.25
662	2599	0.25
664	2599	0.5
1397	2599	0.25
1398	2599	0.5
1399	2599	0.25
1997	2599	0.125
1998	2599	0.125
1999	2599	0.125
2597	2599	0.5
2598	2599	0.5
666	2600	0.25
667	2600	0.25
669	2600	0.5
1400	2600	0.25
1401	2600	0.5
1402	2600	0.25
2000	2600	0.125
2001	2600	0.125
2002	2600	0.125
666	2601	0.25
667	2601	0.25
669	2601	0.5
1400	2601	0.25
1401	2601	0.5
1402	2601	0.25
2000	2601	0.125
2001	2601	0.125
2002	2601	0.125
2600	2601	0.5
666	2602	0.25
667	2602	0.25
669	2602	0.5
1400	2602	0.25
1401	2602	0.5
1402	2602	0.25
2000	2602	0.125
2001	2602	0.125
2002	2602	0.125
2600	2602	0.5
2601	2602	0.5
671	2603	0.25
672	2603	0.25
674	2603	0.5
1403	2603	0.25
1404	2603	0.5
1405	2603	0.25
2003	2603	0.125
2004	2603	0.125
2005	2603	0.125
671	2604	0.25
672	2604	0.25
674	2604	0.5
1403	2604	0.25
1404	2604	0.5
1405	2604	0.25
2003	2604	0.125
2004	2604	0.125
2005	2604	0.125
2603	2604	0.5
671	2605	0.25
672	2605	0.25
674	2605	0.5
1403	2605	0.25
1404	2605	0.5
1405	2605	0.25
2003	2605	0.125
2004	2605	0.125
2005	2605	0.125
2603	2605	0.5
2604	2605	0.5
676	2606	0.25
677	2606	0.25
679	2606	0.5
1406	2606	0.25
1407	2606	0.5
1408	2606	0.25
2006	2606	0.125
2007	2606	0.125
2008	2606	0.125
676	2607	0.25
677	2607	0.25
679	2607	0.5
1406	2607	0.25
1407	2607	0.5
1408	2607	0.25
2006	2607	0.125
2007	2607	0.125
2008	2607	0.125
2606	2607	0.5
676	2608	0.25
677	2608	0.25
679	2608	0.5
1406	2608	0.25
1407	2608	0.5
1408	2608	0.25
2006	2608	0.125
2007	2608	0.125
2008	2608	0.125
2606	2608	0.5
2607	2608	0.5
681	2609	0.25
682	2609	0.25
684	2609	0.5
1409	2609	0.25
1410	2609	0.5
1411	2609	0.25
2009	2609	0.125
2010	2609	0.125
2011	2609	0.125
681	2610	0.25
682	2610	0.25
684	2610	0.5
1409	2610	0.25
1410	2610	0.5
1411	2610	0.25
2009	2610	0.125
2010	2610	0.125
2011	2610	0.125
2609	2610	0.5
681	2611	0.25
682	2611	0.25
684	2611	0.5
1409	2611	0.25
1410	2611	0.5
1411	2611	0.25
2009	2611	0.125
2010	2611	0.125
2011	2611	0.125
2609	2611	0.5
2610	2611	0.5
686	2612	0.25
687	2612	0.25
689	2612	0.5
1412	2612	0.25
1413	2612	0.5
1414	2612	0.25
2012	2612	0.125
2013	2612	0.125
2014	2612	0.125
686	2613	0.25
687	2613	0.25
689	2613	0.5
1412	2613	0.25
1413	2613	0.5
1414	2613	0.25
2012	2613	0.125
2013	2613	0.125
2014	2613	0.125
2612	2613	0.5
686	2614	0.25
687	2614	0.25
689	2614	0.5
1412	2614	0.25
1413	2614	0.5
1414	2614	0.25
2012	2614	0.125
2013	2614	0.125
2014	2614	0.125
2612	2614	0.5
2613	2614	0.5
691	2615	0.25
692	2615	0.25
694	2615	0.5
1415	2615	0.25
1416	2615	0.5
1417	2615	0.25
2015	2615	0.125
2016	2615	0.125
2017	2615	0.125
691	2616	0.25
692	2616	0.25
694	2616	0.5
1415	2616	0.25
1416	2616	0.5
1417	2616	0.25
2015	2616	0.125
2016	2616	0.125
2017	2616	0.125
2615	2616	0.5
691	2617	0.25
692	2617	0.25
694	2617	0.5
1415	2617	0.25
1416	2617	0.5
1417	2617	0.25
2015	2617	0.125
2016	2617	0.125
2017	2617	0.125
2615	2617	0.5
2616	2617	0.5
696	2618	0.25
697	2618	0.25
699	2618	0.5
1418	2618	0.25
1419	2618	0.5
1420	2618	0.25
2018	2618	0.125
2019	2618	0.125
2020	2618	0.125
696	2619	0.25
697	2619	0.25
699	2619	0.5
1418	2619	0.25
1419	2619	0.5
1420	2619	0.25
2018	2619	0.125
2019	2619	0.125
2020	2619	0.125
2618	2619	0.5
696	2620	0.25
697	2620	0.25
699	2620	0.5
1418	2620	0.25
1419	2620	0.5
1420	2620	0.25
2018	2620	0.125
2019	2620	0.125
2020	2620	0.125
2618	2620	0.5
2619	2620	0.5
701	2621	0.25
702	2621	0.25
704	2621	0.5
1421	2621	0.25
1422	2621	0.5
1423	2621	0.25
2021	2621	0.125
2022	2621	0.125
2023	2621	0.125
701	2622	0.25
702	2622	0.25
704	2622	0.5
1421	2622	0.25
1422	2622	0.5
1423	2622	0.25
2021	2622	0.125
2022	2622	0.125
2023	2622	0.125
2621	2622	0.5
701	2623	0.25
702	2623	0.25
704	2623	0.5
1421	2623	0.25
1422	2623	0.5
1423	2623	0.25
2021	2623	0.125
2022	2623	0.125
2023	2623	0.125
2621	2623	0.5
2622	2623	0.5
706	2624	0.25
707	2624	0.25
709	2624	0.5
1424	2624	0.25
1425	2624	0.5
1426	2624	0.25
2024	2624	0.125
2025	2624	0.125
2026	2624	0.125
706	2625	0.25
707	2625	0.25
709	2625	0.5
1424	2625	0.25
1425	2625	0.5
1426	2625	0.25
2024	2625	0.125
2025	2625	0.125
2026	2625	0.125
2624	2625	0.5
706	2626	0.25
707	2626	0.25
709	2626	0.5
1424	2626	0.25
1425	2626	0.5
1426	2626	0.25
2024	2626	0.125
2025	2626	0.125
2026	2626	0.125
2624	2626	0.5
2625	2626	0.5
711	2627	0.25
712	2627	0.25
714	2627	0.5
1427	2627	0.25
1428	2627	0.5
1429	2627	0.25
2027	2627	0.125
2028	2627	0.125
2029	2627	0.125
711	2628	0.25
712	2628	0.25
714	2628	0.5
1427	2628	0.25
1428	2628	0.5
1429	2628	0.25
2027	2628	0.125
2028	2628	0.125
2029	2628	0.125
2627	2628	0.5
711	2629	0.25
712	2629	0.25
714	2629	0.5
1427	2629	0.25
1428	2629	0.5
1429	2629	0.25
2027	2629	0.125
2028	2629	0.125
2029	2629	0.125
2627	2629	0.5
2628	2629	0.5
716	2630	0.25
717	2630	0.25
719	2630	0.5
1430	2630	0.25
1431	2630	0.5
1432	2630	0.25
2030	2630	0.125
2031	2630	0.125
2032	2630	0.125
716	2631	0.25
717	2631	0.25
719	2631	0.5
1430	2631	0.25
1431	2631	0.5
1432	2631	0.25
2030	2631	0.125
2031	2631	0.125
2032	2631	0.125
2630	2631	0.5
716	2632	0.25
717	2632	0.25
719	2632	0.5
1430	2632	0.25
1431	2632	0.5
1432	2632	0.25
2030	2632	0.125
2031	2632	0.125
2032	2632	0.125
2630	2632	0.5
2631	2632	0.5
721	2633	0.25
722	2633	0.25
724	2633	0.5
1433	2633	0.25
1434	2633	0.5
1435	2633	0.25
2033	2633	0.125
2034	2633	0.125
2035	2633	0.125
721	2634	0.25
722	2634	0.25
724	2634	0.5
1433	2634	0.25
1434	2634	0.5
1435	2634	0.25
2033	2634	0.125
2034	2634	0.125
2035	2634	0.125
2633	2634	0.5
721	2635	0.25
722	2635	0.25
724	2635	0.5
1433	2635	0.25
1434	2635	0.5
1435	2635	0.25
2033	2635	0.125
2034	2635	0.125
2035	2635	0.125
2633	2635	0.5
2634	2635	0.5
726	2636	0.25
727	2636	0.25
729	2636	0.5
1436	2636	0.25
1437	2636	0.5
1438	2636	0.25
2036	2636	0.125
2037	2636	0.125
2038	2636	0.125
726	2637	0.25
727	2637	0.25
729	2637	0.5
1436	2637	0.25
1437	2637	0.5
1438	2637	0.25
2036	2637	0.125
2037	2637	0.125
2038	2637	0.125
2636	2637	0.5
726	2638	0.25
727	2638	0.25
729	2638	0.5
1436	2638	0.25
1437	2638	0.5
1438	2638	0.25
2036	2638	0.125
2037	2638	0.125
2038	2638	0.125
2636	2638	0.5
2637	2638	0.5
731	2639	0.25
732	2639	0.25
734	2639	0.5
1439	2639	0.25
1440	2639	0.5
1441	2639	0.25
2039	2639	0.125
2040	2639	0.125
2041	2639	0.125
731	2640	0.25
732	2640	0.25
734	2640	0.5
1439	2640	0.25
1440	2640	0.5
1441	2640	0.25
2039	2640	0.125
2040	2640	0.125
2041	2640	0.125
2639	2640	0.5
731	2641	0.25
732	2641	0.25
734	2641	0.5
1439	2641	0.25
1440	2641	0.5
1441	2641	0.25
2039	2641	0.125
2040	2641	0.125
2041	2641	0.125
2639	2641	0.5
2640	2641	0.5
736	2642	0.25
737	2642	0.25
739	2642	0.5
1442	2642	0.25
1443	2642	0.5
1444	2642	0.25
2042	2642	0.125
2043	2642	0.125
2044	2642	0.125
736	2643	0.25
737	2643	0.25
739	2643	0.5
1442	2643	0.25
1443	2643	0.5
1444	2643	0.25
2042	2643	0.125
2043	2643	0.125
2044	2643	0.125
2642	2643	0.5
736	2644	0.25
737	2644	0.25
739	2644	0.5
1442	2644	0.25
1443	2644	0.5
1444	2644	0.25
2042	2644	0.125
2043	2644	0.125
2044	2644	0.125
2642	2644	0.5
2643	2644	0.5
741	2645	0.25
742	2645	0.25
744	2645	0.5
1445	2645	0.25
1446	2645	0.5
1447	2645	0.25
2045	2645	0.125
2046	2645	0.125
2047	2645	0.125
741	2646	0.25
742	2646	0.25
744	2646	0.5
1445	2646	0.25
1446	2646	0.5
1447	2646	0.25
2045	2646	0.125
2046	2646	0.125
2047	2646	0.125
2645	2646	0.5
741	2647	0.25
742	2647	0.25
744	2647	0.5
1445	2647	0.25
1446	2647	0.5
1447	2647	0.25
2045	2647	0.125
2046	2647	0.125
2047	2647	0.125
2645	2647	0.5
2646	2647	0.5
746	2648	0.25
747	2648	0.25
749	2648	0.5
1448	2648	0.25
1449	2648	0.5
1450	2648	0.25
2048	2648	0.125
2049	2648	0.125
2050	2648	0.125
746	2649	0.25
747	2649	0.25
749	2649	0.5
1448	2649	0.25
1449	2649	0.5
1450	2649	0.25
2048	2649	0.125
2049	2649	0.125
2050	2649	0.125
2648	2649	0.5
746	2650	0.25
747	2650	0.25
749	2650	0.5
1448	2650	0.25
1449	2650	0.5
1450	2650	0.25
2048	2650	0.125
2049	2650	0.125
2050	2650	0.125
2648	2650	0.5
2649	2650	0.5
751	2651	0.25
752	2651	0.25
754	2651	0.5
1451	2651	0.25
1452	2651	0.5
1453	2651	0.25
2051	2651	0.125
2052	2651	0.125
2053	2651	0.125
751	2652	0.25
752	2652	0.25
754	2652	0.5
1451	2652	0.25
1452	2652	0.5
1453	2652	0.25
2051	2652	0.125
2052	2652	0.125
2053	2652	0.125
2651	2652	0.5
751	2653	0.25
752	2653	0.25
754	2653	0.5
1451	2653	0.25
1452	2653	0.5
1453	2653	0.25
2051	2653	0.125
2052	2653	0.125
2053	2653	0.125
2651	2653	0.5
2652	2653	0.5
756	2654	0.25
757	2654	0.25
759	2654	0.5
1454	2654	0.25
1455	2654	0.5
1456	2654	0.25
2054	2654	0.125
2055	2654	0.125
2056	2654	0.125
756	2655	0.25
757	2655	0.25
759	2655	0.5
1454	2655	0.25
1455	2655	0.5
1456	2655	0.25
2054	2655	0.125
2055	2655	0.125
2056	2655	0.125
2654	2655	0.5
756	2656	0.25
757	2656	0.25
759	2656	0.5
1454	2656	0.25
1455	2656	0.5
1456	2656	0.25
2054	2656	0.125
2055	2656	0.125
2056	2656	0.125
2654	2656	0.5
2655	2656	0.5
761	2657	0.25
762	2657	0.25
764	2657	0.5
1457	2657	0.25
1458	2657	0.5
1459	2657	0.25
2057	2657	0.125
2058	2657	0.125
2059	2657	0.125
761	2658	0.25
762	2658	0.25
764	2658	0.5
1457	2658	0.25
1458	2658	0.5
1459	2658	0.25
2057	2658	0.125
2058	2658	0.125
2059	2658	0.125
2657	2658	0.5
761	2659	0.25
762	2659	0.25
764	2659	0.5
1457	2659	0.25
1458	2659	0.5
1459	2659	0.25
2057	2659	0.125
2058	2659	0.125
2059	2659	0.125
2657	2659	0.5
2658	2659	0.5
766	2660	0.25
767	2660	0.25
769	2660	0.5
1460	2660	0.25
1461	2660	0.5
1462	2660	0.25
2060	2660	0.125
2061	2660	0.125
2062	2660	0.125
766	2661	0.25
767	2661	0.25
769	2661	0.5
1460	2661	0.25
1461	2661	0.5
1462	2661	0.25
2060	2661	0.125
2061	2661	0.125
2062	2661	0.125
2660	2661	0.5
766	2662	0.25
767	2662	0.25
769	2662	0.5
1460	2662	0.25
1461	2662	0.5
1462	2662	0.25
2060	2662	0.125
2061	2662	0.125
2062	2662	0.125
2660	2662	0.5
2661	2662	0.5
771	2663	0.25
772	2663	0.25
774	2663	0.5
1463	2663	0.25
1464	2663	0.5
1465	2663	0.25
2063	2663	0.125
2064	2663	0.125
2065	2663	0.125
771	2664	0.25
772	2664	0.25
774	2664	0.5
1463	2664	0.25
1464	2664	0.5
1465	2664	0.25
2063	2664	0.125
2064	2664	0.125
2065	2664	0.125
2663	2664	0.5
771	2665	0.25
772	2665	0.25
774	2665	0.5
1463	2665	0.25
1464	2665	0.5
1465	2665	0.25
2063	2665	0.125
2064	2665	0.125
2065	2665	0.125
2663	2665	0.5
2664	2665	0.5
776	2666	0.25
777	2666	0.25
779	2666	0.5
1466	2666	0.25
1467	2666	0.5
1468	2666	0.25
2066	2666	0.125
2067	2666	0.125
2068	2666	0.125
776	2667	0.25
777	2667	0.25
779	2667	0.5
1466	2667	0.25
1467	2667	0.5
1468	2667	0.25
2066	2667	0.125
2067	2667	0.125
2068	2667	0.125
2666	2667	0.5
776	2668	0.25
777	2668	0.25
779	2668	0.5
1466	2668	0.25
1467	2668	0.5
1468	2668	0.25
2066	2668	0.125
2067	2668	0.125
2068	2668	0.125
2666	2668	0.5
2667	2668	0.5
781	2669	0.25
782	2669	0.25
784	2669	0.5
1469	2669	0.25
1470	2669	0.5
1471	2669	0.25
2069	2669	0.125
2070	2669	0.125
2071	2669	0.125
781	2670	0.25
782	2670	0.25
784	2670	0.5
1469	2670	0.25
1470	2670	0.5
1471	2670	0.25
2069	2670	0.125
2070	2670	0.125
2071	2670	0.125
2669	2670	0.5
781	2671	0.25
782	2671	0.25
784	2671	0.5
1469	2671	0.25
1470	2671	0.5
1471	2671	0.25
2069	2671	0.125
2070	2671	0.125
2071	2671	0.125
2669	2671	0.5
2670	2671	0.5
786	2672	0.25
787	2672	0.25
789	2672	0.5
1472	2672	0.25
1473	2672	0.5
1474	2672	0.25
2072	2672	0.125
2073	2672	0.125
2074	2672	0.125
786	2673	0.25
787	2673	0.25
789	2673	0.5
1472	2673	0.25
1473	2673	0.5
1474	2673	0.25
2072	2673	0.125
2073	2673	0.125
2074	2673	0.125
2672	2673	0.5
786	2674	0.25
787	2674	0.25
789	2674	0.5
1472	2674	0.25
1473	2674	0.5
1474	2674	0.25
2072	2674	0.125
2073	2674	0.125
2074	2674	0.125
2672	2674	0.5
2673	2674	0.5
791	2675	0.25
792	2675	0.25
794	2675	0.5
1475	2675	0.25
1476	2675	0.5
1477	2675	0.25
2075	2675	0.125
2076	2675	0.125
2077	2675	0.125
791	2676	0.25
792	2676	0.25
794	2676	0.5
1475	2676	0.25
1476	2676	0.5
1477	2676	0.25
2075	2676	0.125
2076	2676	0.125
2077	2676	0.125
2675	2676	0.5
791	2677	0.25
792	2677	0.25
794	2677	0.5
1475	2677	0.25
1476	2677	0.5
1477	2677	0.25
2075	2677	0.125
2076	2677	0.125
2077	2677	0.125
2675	2677	0.5
2676	2677	0.5
796	2678	0.25
797	2678	0.25
799	2678	0.5
1478	2678	0.25
1479	2678	0.5
1480	2678	0.25
2078	2678	0.125
2079	2678	0.125
2080	2678	0.125
796	2679	0.25
797	2679	0.25
799	2679	0.5
1478	2679	0.25
1479	2679	0.5
1480	2679	0.25
2078	2679	0.125
2079	2679	0.125
2080	2679	0.125
2678	2679	0.5
796	2680	0.25
797	2680	0.25
799	2680	0.5
1478	2680	0.25
1479	2680	0.5
1480	2680	0.25
2078	2680	0.125
2079	2680	0.125
2080	2680	0.125
2678	2680	0.5
2679	2680	0.5
801	2681	0.25
802	2681	0.25
804	2681	0.5
1481	2681	0.25
1482	2681	0.5
1483	2681	0.25
2081	2681	0.125
2082	2681	0.125
2083	2681	0.125
801	2682	0.25
802	2682	0.25
804	2682	0.5
1481	2682	0.25
1482	2682	0.5
1483	2682	0.25
2081	2682	0.125
2082	2682	0.125
2083	2682	0.125
2681	2682	0.5
801	2683	0.25
802	2683	0.25
804	2683	0.5
1481	2683	0.25
1482	2683	0.5
1483	2683	0.25
2081	2683	0.125
2082	2683	0.125
2083	2683	0.125
2681	2683	0.5
2682	2683	0.5
806	2684	0.25
807	2684	0.25
809	2684	0.5
1484	2684	0.25
1485	2684	0.5
1486	2684	0.25
2084	2684	0.125
2085	2684	0.125
2086	2684	0.125
806	2685	0.25
807	2685	0.25
809	2685	0.5
1484	2685	0.25
1485	2685	0.5
1486	2685	0.25
2084	2685	0.125
2085	2685	0.125
2086	2685	0.125
2684	2685	0.5
806	2686	0.25
807	2686	0.25
809	2686	0.5
1484	2686	0.25
1485	2686	0.5
1486	2686	0.25
2084	2686	0.125
2085	2686	0.125
2086	2686	0.125
2684	2686	0.5
2685	2686	0.5
811	2687	0.25
812	2687	0.25
814	2687	0.5
1487	2687	0.25
1488	2687	0.5
1489	2687	0.25
2087	2687	0.125
2088	2687	0.125
2089	2687	0.125
811	2688	0.25
812	2688	0.25
814	2688	0.5
1487	2688	0.25
1488	2688	0.5
1489	2688	0.25
2087	2688	0.125
2088	2688	0.125
2089	2688	0.125
2687	2688	0.5
811	2689	0.25
812	2689	0.25
814	2689	0.5
1487	2689	0.25
1488	2689	0.5
1489	2689	0.25
2087	2689	0.125
2088	2689	0.125
2089	2689	0.125
2687	2689	0.5
2688	2689	0.5
816	2690	0.25
817	2690	0.25
819	2690	0.5
1490	2690	0.25
1491	2690	0.5
1492	2690	0.25
2090	2690	0.125
2091	2690	0.125
2092	2690	0.125
816	2691	0.25
817	2691	0.25
819	2691	0.5
1490	2691	0.25
1491	2691	0.5
1492	2691	0.25
2090	2691	0.125
2091	2691	0.125
2092	2691	0.125
2690	2691	0.5
816	2692	0.25
817	2692	0.25
819	2692	0.5
1490	2692	0.25
1491	2692	0.5
1492	2692	0.25
2090	2692	0.125
2091	2692	0.125
2092	2692	0.125
2690	2692	0.5
2691	2692	0.5
821	2693	0.25
822	2693	0.25
824	2693	0.5
1493	2693	0.25
1494	2693	0.5
1495	2693	0.25
2093	2693	0.125
2094	2693	0.125
2095	2693	0.125
821	2694	0.25
822	2694	0.25
824	2694	0.5
1493	2694	0.25
1494	2694	0.5
1495	2694	0.25
2093	2694	0.125
2094	2694	0.125
2095	2694	0.125
2693	2694	0.5
821	2695	0.25
822	2695	0.25
824	2695	0.5
1493	2695	0.25
1494	2695	0.5
1495	2695	0.25
2093	2695	0.125
2094	2695	0.125
2095	2695	0.125
2693	2695	0.5
2694	2695	0.5
826	2696	0.25
827	2696	0.25
829	2696	0.5
1496	2696	0.25
1497	2696	0.5
1498	2696	0.25
2096	2696	0.125
2097	2696	0.125
2098	2696	0.125
826	2697	0.25
827	2697	0.25
829	2697	0.5
1496	2697	0.25
1497	2697	0.5
1498	2697	0.25
2096	2697	0.125
2097	2697	0.125
2098	2697	0.125
2696	2697	0.5
826	2698	0.25
827	2698	0.25
829	2698	0.5
1496	2698	0.25
1497	2698	0.5
1498	2698	0.25
2096	2698	0.125
2097	2698	0.125
2098	2698	0.125
2696	2698	0.5
2697	2698	0.5
831	2699	0.25
832	2699	0.25
834	2699	0.5
1499	2699	0.25
1500	2699	0.5
1501	2699	0.25
2099	2699	0.125
2100	2699	0.125
2101	2699	0.125
831	2700	0.25
832	2700	0.25
834	2700	0.5
1499	2700	0.25
1500	2700	0.5
1501	2700	0.25
2099	2700	0.125
2100	2700	0.125
2101	2700	0.125
2699	2700	0.5
831	2701	0.25
832	2701	0.25
834	2701	0.5
1499	2701	0.25
1500	2701	0.5
1501	2701	0.25
2099	2701	0.125
2100	2701	0.125
2101	2701	0.125
2699	2701	0.5
2700	2701	0.5
836	2702	0.25
837	2702	0.25
839	2702	0.5
1502	2702	0.25
1503	2702	0.5
1504	2702	0.25
2102	2702	0.125
2103	2702	0.125
2104	2702	0.125
836	2703	0.25
837	2703	0.25
839	2703	0.5
1502	2703	0.25
1503	2703	0.5
1504	2703	0.25
2102	2703	0.125
2103	2703	0.125
2104	2703	0.125
2702	2703	0.5
836	2704	0.25
837	2704	0.25
839	2704	0.5
1502	2704	0.25
1503	2704	0.5
1504	2704	0.25
2102	2704	0.125
2103	2704	0.125
2104	2704	0.125
2702	2704	0.5
2703	2704	0.5
841	2705	0.25
842	2705	0.25
844	2705	0.5
1505	2705	0.25
1506	2705	0.5
1507	2705	0.25
2105	2705	0.125
2106	2705	0.125
2107	2705	0.125
841	2706	0.25
842	2706	0.25
844	2706	0.5
1505	2706	0.25
1506	2706	0.5
1507	2706	0.25
2105	2706	0.125
2106	2706	0.125
2107	2706	0.125
2705	2706	0.5
841	2707	0.25
842	2707	0.25
844	2707	0.5
1505	2707	0.25
1506	2707	0.5
1507	2707	0.25
2105	2707	0.125
2106	2707	0.125
2107	2707	0.125
2705	2707	0.5
2706	2707	0.5
846	2708	0.25
847	2708	0.25
849	2708	0.5
1508	2708	0.25
1509	2708	0.5
1510	2708	0.25
2108	2708	0.125
2109	2708	0.125
2110	2708	0.125
846	2709	0.25
847	2709	0.25
849	2709	0.5
1508	2709	0.25
1509	2709	0.5
1510	2709	0.25
2108	2709	0.125
2109	2709	0.125
2110	2709	0.125
2708	2709	0.5
846	2710	0.25
847	2710	0.25
849	2710	0.5
1508	2710	0.25
1509	2710	0.5
1510	2710	0.25
2108	2710	0.125
2109	2710	0.125
2110	2710	0.125
2708	2710	0.5
2709	2710	0.5
851	2711	0.25
852	2711	0.25
854	2711	0.5
1511	2711	0.25
1512	2711	0.5
1513	2711	0.25
2111	2711	0.125
2112	2711	0.125
2113	2711	0.125
851	2712	0.25
852	2712	0.25
854	2712	0.5
1511	2712	0.25
1512	2712	0.5
1513	2712	0.25
2111	2712	0.125
2112	2712	0.125
2113	2712	0.125
2711	2712	0.5
851	2713	0.25
852	2713	0.25
854	2713	0.5
1511	2713	0.25
1512	2713	0.5
1513	2713	0.25
2111	2713	0.125
2112	2713	0.125
2113	2713	0.125
2711	2713	0.5
2712	2713	0.5
856	2714	0.25
857	2714	0.25
859	2714	0.5
1514	2714	0.25
1515	2714	0.5
1516	2714	0.25
2114	2714	0.125
2115	2714	0.125
2116	2714	0.125
856	2715	0.25
857	2715	0.25
859	2715	0.5
1514	2715	0.25
1515	2715	0.5
1516	2715	0.25
2114	2715	0.125
2115	2715	0.125
2116	2715	0.125
2714	2715	0.5
856	2716	0.25
857	2716	0.25
859	2716	0.5
1514	2716	0.25
1515	2716	0.5
1516	2716	0.25
2114	2716	0.125
2115	2716	0.125
2116	2716	0.125
2714	2716	0.5
2715	2716	0.5
861	2717	0.25
862	2717	0.25
864	2717	0.5
1517	2717	0.25
1518	2717	0.5
1519	2717	0.25
2117	2717	0.125
2118	2717	0.125
2119	2717	0.125
861	2718	0.25
862	2718	0.25
864	2718	0.5
1517	2718	0.25
1518	2718	0.5
1519	2718	0.25
2117	2718	0.125
2118	2718	0.125
2119	2718	0.125
2717	2718	0.5
861	2719	0.25
862	2719	0.25
864	2719	0.5
1517	2719	0.25
1518	2719	0.5
1519	2719	0.25
2117	2719	0.125
2118	2719	0.125
2119	2719	0.125
2717	2719	0.5
2718	2719	0.5
866	2720	0.25
867	2720	0.25
869	2720	0.5
1520	2720	0.25
1521	2720	0.5
1522	2720	0.25
2120	2720	0.125
2121	2720	0.125
2122	2720	0.125
866	2721	0.25
867	2721	0.25
869	2721	0.5
1520	2721	0.25
1521	2721	0.5
1522	2721	0.25
2120	2721	0.125
2121	2721	0.125
2122	2721	0.125
2720	2721	0.5
866	2722	0.25
867	2722	0.25
869	2722	0.5
1520	2722	0.25
1521	2722	0.5
1522	2722	0.25
2120	2722	0.125
2121	2722	0.125
2122	2722	0.125
2720	2722	0.5
2721	2722	0.5
871	2723	0.25
872	2723	0.25
874	2723	0.5
1523	2723	0.25
1524	2723	0.5
1525	2723	0.25
2123	2723	0.125
2124	2723	0.125
2125	2723	0.125
871	2724	0.25
872	2724	0.25
874	2724	0.5
1523	2724	0.25
1524	2724	0.5
1525	2724	0.25
2123	2724	0.125
2124	2724	0.125
2125	2724	0.125
2723	2724	0.5
871	2725	0.25
872	2725	0.25
874	2725	0.5
1523	2725	0.25
1524	2725	0.5
1525	2725	0.25
2123	2725	0.125
2124	2725	0.125
2125	2725	0.125
2723	2725	0.5
2724	2725	0.5
876	2726	0.25
877	2726	0.25
879	2726	0.5
1526	2726	0.25
1527	2726	0.5
1528	2726	0.25
2126	2726	0.125
2127	2726	0.125
2128	2726	0.125
876	2727	0.25
877	2727	0.25
879	2727	0.5
1526	2727	0.25
1527	2727	0.5
1528	2727	0.25
2126	2727	0.125
2127	2727	0.125
2128	2727	0.125
2726	2727	0.5
876	2728	0.25
877	2728	0.25
879	2728	0.5
1526	2728	0.25
1527	2728	0.5
1528	2728	0.25
2126	2728	0.125
2127	2728	0.125
2128	2728	0.125
2726	2728	0.5
2727	2728	0.5
881	2729	0.25
882	2729	0.25
884	2729	0.5
1529	2729	0.25
1530	2729	0.5
1531	2729	0.25
2129	2729	0.125
2130	2729	0.125
2131	2729	0.125
881	2730	0.25
882	2730	0.25
884	2730	0.5
1529	2730	0.25
1530	2730	0.5
1531	2730	0.25
2129	2730	0.125
2130	2730	0.125
2131	2730	0.125
2729	2730	0.5
881	2731	0.25
882	2731	0.25
884	2731	0.5
1529	2731	0.25
1530	2731	0.5
1531	2731	0.25
2129	2731	0.125
2130	2731	0.125
2131	2731	0.125
2729	2731	0.5
2730	2731	0.5
886	2732	0.25
887	2732	0.25
889	2732	0.5
1532	2732	0.25
1533	2732	0.5
1534	2732	0.25
2132	2732	0.125
2133	2732	0.125
2134	2732	0.125
886	2733	0.25
887	2733	0.25
889	2733	0.5
1532	2733	0.25
1533	2733	0.5
1534	2733	0.25
2132	2733	0.125
2133	2733	0.125
2134	2733	0.125
2732	2733	0.5
886	2734	0.25
887	2734	0.25
889	2734	0.5
1532	2734	0.25
1533	2734	0.5
1534	2734	0.25
2132	2734	0.125
2133	2734	0.125
2134	2734	0.125
2732	2734	0.5
2733	2734	0.5
891	2735	0.25
892	2735	0.25
894	2735	0.5
1535	2735	0.25
1536	2735	0.5
1537	2735	0.25
2135	2735	0.125
2136	2735	0.125
2137	2735	0.125
891	2736	0.25
892	2736	0.25
894	2736	0.5
1535	2736	0.25
1536	2736	0.5
1537	2736	0.25
2135	2736	0.125
2136	2736	0.125
2137	2736	0.125
2735	2736	0.5
891	2737	0.25
892	2737	0.25
894	2737	0.5
1535	2737	0.25
1536	2737	0.5
1537	2737	0.25
2135	2737	0.125
2136	2737	0.125
2137	2737	0.125
2735	2737	0.5
2736	2737	0.5
896	2738	0.25
897	2738	0.25
899	2738	0.5
1538	2738	0.25
1539	2738	0.5
1540	2738	0.25
2138	2738	0.125
2139	2738	0.125
2140	2738	0.125
896	2739	0.25
897	2739	0.25
899	2739	0.5
1538	2739	0.25
1539	2739	0.5
1540	2739	0.25
2138	2739	0.125
2139	2739	0.125
2140	2739	0.125
2738	2739	0.5
896	2740	0.25
897	2740	0.25
899	2740	0.5
1538	2740	0.25
1539	2740	0.5
1540	2740	0.25
2138	2740	0.125
2139	2740	0.125
2140	2740	0.125
2738	2740	0.5
2739	2740	0.5
901	2741	0.25
902	2741	0.25
904	2741	0.5
1541	2741	0.25
1542	2741	0.5
1543	2741	0.25
2141	2741	0.125
2142	2741	0.125
2143	2741	0.125
901	2742	0.25
902	2742	0.25
904	2742	0.5
1541	2742	0.25
1542	2742	0.5
1543	2742	0.25
2141	2742	0.125
2142	2742	0.125
2143	2742	0.125
2741	2742	0.5
901	2743	0.25
902	2743	0.25
904	2743	0.5
1541	2743	0.25
1542	2743	0.5
1543	2743	0.25
2141	2743	0.125
2142	2743	0.125
2143	2743	0.125
2741	2743	0.5
2742	2743	0.5
906	2744	0.25
907	2744	0.25
909	2744	0.5
1544	2744	0.25
1545	2744	0.5
1546	2744	0.25
2144	2744	0.125
2145	2744	0.125
2146	2744	0.125
906	2745	0.25
907	2745	0.25
909	2745	0.5
1544	2745	0.25
1545	2745	0.5
1546	2745	0.25
2144	2745	0.125
2145	2745	0.125
2146	2745	0.125
2744	2745	0.5
906	2746	0.25
907	2746	0.25
909	2746	0.5
1544	2746	0.25
1545	2746	0.5
1546	2746	0.25
2144	2746	0.125
2145	2746	0.125
2146	2746	0.125
2744	2746	0.5
2745	2746	0.5
911	2747	0.25
912	2747	0.25
914	2747	0.5
1547	2747	0.25
1548	2747	0.5
1549	2747	0.25
2147	2747	0.125
2148	2747	0.125
2149	2747	0.125
911	2748	0.25
912	2748	0.25
914	2748	0.5
1547	2748	0.25
1548	2748	0.5
1549	2748	0.25
2147	2748	0.125
2148	2748	0.125
2149	2748	0.125
2747	2748	0.5
911	2749	0.25
912	2749	0.25
914	2749	0.5
1547	2749	0.25
1548	2749	0.5
1549	2749	0.25
2147	2749	0.125
2148	2749	0.125
2149	2749	0.125
2747	2749	0.5
2748	2749	0.5
916	2750	0.25
917	2750	0.25
919	2750	0.5
1550	2750	0.25
1551	2750	0.5
1552	2750	0.25
2150	2750	0.125
2151	2750	0.125
2152	2750	0.125
916	2751	0.25
917	2751	0.25
919	2751	0.5
1550	2751	0.25
1551	2751	0.5
1552	2751	0.25
2150	2751	0.125
2151	2751	0.125
2152	2751	0.125
2750	2751	0.5
916	2752	0.25
917	2752	0.25
919	2752	0.5
1550	2752	0.25
1551	2752	0.5
1552	2752	0.25
2150	2752	0.125
2151	2752	0.125
2152	2752	0.125
2750	2752	0.5
2751	2752	0.5
921	2753	0.25
922	2753	0.25
924	2753	0.5
1553	2753	0.25
1554	2753	0.5
1555	2753	0.25
2153	2753	0.125
2154	2753	0.125
2155	2753	0.125
921	2754	0.25
922	2754	0.25
924	2754	0.5
1553	2754	0.25
1554	2754	0.5
1555	2754	0.25
2153	2754	0.125
2154	2754	0.125
2155	2754	0.125
2753	2754	0.5
921	2755	0.25
922	2755	0.25
924	2755	0.5
1553	2755	0.25
1554	2755	0.5
1555	2755	0.25
2153	2755	0.125
2154	2755	0.125
2155	2755	0.125
2753	2755	0.5
2754	2755	0.5
926	2756	0.25
927	2756	0.25
929	2756	0.5
1556	2756	0.25
1557	2756	0.5
1558	2756	0.25
2156	2756	0.125
2157	2756	0.125
2158	2756	0.125
926	2757	0.25
927	2757	0.25
929	2757	0.5
1556	2757	0.25
1557	2757	0.5
1558	2757	0.25
2156	2757	0.125
2157	2757	0.125
2158	2757	0.125
2756	2757	0.5
926	2758	0.25
927	2758	0.25
929	2758	0.5
1556	2758	0.25
1557	2758	0.5
1558	2758	0.25
2156	2758	0.125
2157	2758	0.125
2158	2758	0.125
2756	2758	0.5
2757	2758	0.5
931	2759	0.25
932	2759	0.25
934	2759	0.5
1559	2759	0.25
1560	2759	0.5
1561	2759	0.25
2159	2759	0.125
2160	2759	0.125
2161	2759	0.125
931	2760	0.25
932	2760	0.25
934	2760	0.5
1559	2760	0.25
1560	2760	0.5
1561	2760	0.25
2159	2760	0.125
2160	2760	0.125
2161	2760	0.125
2759	2760	0.5
931	2761	0.25
932	2761	0.25
934	2761	0.5
1559	2761	0.25
1560	2761	0.5
1561	2761	0.25
2159	2761	0.125
2160	2761	0.125
2161	2761	0.125
2759	2761	0.5
2760	2761	0.5
936	2762	0.25
937	2762	0.25
939	2762	0.5
1562	2762	0.25
1563	2762	0.5
1564	2762	0.25
2162	2762	0.125
2163	2762	0.125
2164	2762	0.125
936	2763	0.25
937	2763	0.25
939	2763	0.5
1562	2763	0.25
1563	2763	0.5
1564	2763	0.25
2162	2763	0.125
2163	2763	0.125
2164	2763	0.125
2762	2763	0.5
936	2764	0.25
937	2764	0.25
939	2764	0.5
1562	2764	0.25
1563	2764	0.5
1564	2764	0.25
2162	2764	0.125
2163	2764	0.125
2164	2764	0.125
2762	2764	0.5
2763	2764	0.5
941	2765	0.25
942	2765	0.25
944	2765	0.5
1565	2765	0.25
1566	2765	0.5
1567	2765	0.25
2165	2765	0.125
2166	2765	0.125
2167	2765	0.125
941	2766	0.25
942	2766	0.25
944	2766	0.5
1565	2766	0.25
1566	2766	0.5
1567	2766	0.25
2165	2766	0.125
2166	2766	0.125
2167	2766	0.125
2765	2766	0.5
941	2767	0.25
942	2767	0.25
944	2767	0.5
1565	2767	0.25
1566	2767	0.5
1567	2767	0.25
2165	2767	0.125
2166	2767	0.125
2167	2767	0.125
2765	2767	0.5
2766	2767	0.5
946	2768	0.25
947	2768	0.25
949	2768	0.5
1568	2768	0.25
1569	2768	0.5
1570	2768	0.25
2168	2768	0.125
2169	2768	0.125
2170	2768	0.125
946	2769	0.25
947	2769	0.25
949	2769	0.5
1568	2769	0.25
1569	2769	0.5
1570	2769	0.25
2168	2769	0.125
2169	2769	0.125
2170	2769	0.125
2768	2769	0.5
946	2770	0.25
947	2770	0.25
949	2770	0.5
1568	2770	0.25
1569	2770	0.5
1570	2770	0.25
2168	2770	0.125
2169	2770	0.125
2170	2770	0.125
2768	2770	0.5
2769	2770	0.5
951	2771	0.25
952	2771	0.25
954	2771	0.5
1571	2771	0.25
1572	2771	0.5
1573	2771	0.25
2171	2771	0.125
2172	2771	0.125
2173	2771	0.125
951	2772	0.25
952	2772	0.25
954	2772	0.5
1571	2772	0.25
1572	2772	0.5
1573	2772	0.25
2171	2772	0.125
2172	2772	0.125
2173	2772	0.125
2771	2772	0.5
951	2773	0.25
952	2773	0.25
954	2773	0.5
1571	2773	0.25
1572	2773	0.5
1573	2773	0.25
2171	2773	0.125
2172	2773	0.125
2173	2773	0.125
2771	2773	0.5
2772	2773	0.5
956	2774	0.25
957	2774	0.25
959	2774	0.5
1574	2774	0.25
1575	2774	0.5
1576	2774	0.25
2174	2774	0.125
2175	2774	0.125
2176	2774	0.125
956	2775	0.25
957	2775	0.25
959	2775	0.5
1574	2775	0.25
1575	2775	0.5
1576	2775	0.25
2174	2775	0.125
2175	2775	0.125
2176	2775	0.125
2774	2775	0.5
956	2776	0.25
957	2776	0.25
959	2776	0.5
1574	2776	0.25
1575	2776	0.5
1576	2776	0.25
2174	2776	0.125
2175	2776	0.125
2176	2776	0.125
2774	2776	0.5
2775	2776	0.5
961	2777	0.25
962	2777	0.25
964	2777	0.5
1577	2777	0.25
1578	2777	0.5
1579	2777	0.25
2177	2777	0.125
2178	2777	0.125
2179	2777	0.125
961	2778	0.25
962	2778	0.25
964	2778	0.5
1577	2778	0.25
1578	2778	0.5
1579	2778	0.25
2177	2778	0.125
2178	2778	0.125
2179	2778	0.125
2777	2778	0.5
961	2779	0.25
962	2779	0.25
964	2779	0.5
1577	2779	0.25
1578	2779	0.5
1579	2779	0.25
2177	2779	0.125
2178	2779	0.125
2179	2779	0.125
2777	2779	0.5
2778	2779	0.5
966	2780	0.25
967	2780	0.25
969	2780	0.5
1580	2780	0.25
1581	2780	0.5
1582	2780	0.25
2180	2780	0.125
2181	2780	0.125
2182	2780	0.125
966	2781	0.25
967	2781	0.25
969	2781	0.5
1580	2781	0.25
1581	2781	0.5
1582	2781	0.25
2180	2781	0.125
2181	2781	0.125
2182	2781	0.125
2780	2781	0.5
966	2782	0.25
967	2782	0.25
969	2782	0.5
1580	2782	0.25
1581	2782	0.5
1582	2782	0.25
2180	2782	0.125
2181	2782	0.125
2182	2782	0.125
2780	2782	0.5
2781	2782	0.5
971	2783	0.25
972	2783	0.25
974	2783	0.5
1583	2783	0.25
1584	2783	0.5
1585	2783	0.25
2183	2783	0.125
2184	2783	0.125
2185	2783	0.125
971	2784	0.25
972	2784	0.25
974	2784	0.5
1583	2784	0.25
1584	2784	0.5
1585	2784	0.25
2183	2784	0.125
2184	2784	0.125
2185	2784	0.125
2783	2784	0.5
971	2785	0.25
972	2785	0.25
974	2785	0.5
1583	2785	0.25
1584	2785	0.5
1585	2785	0.25
2183	2785	0.125
2184	2785	0.125
2185	2785	0.125
2783	2785	0.5
2784	2785	0.5
976	2786	0.25
977	2786	0.25
979	2786	0.5
1586	2786	0.25
1587	2786	0.5
1588	2786	0.25
2186	2786	0.125
2187	2786	0.125
2188	2786	0.125
976	2787	0.25
977	2787	0.25
979	2787	0.5
1586	2787	0.25
1587	2787	0.5
1588	2787	0.25
2186	2787	0.125
2187	2787	0.125
2188	2787	0.125
2786	2787	0.5
976	2788	0.25
977	2788	0.25
979	2788	0.5
1586	2788	0.25
1587	2788	0.5
1588	2788	0.25
2186	2788	0.125
2187	2788	0.125
2188	2788	0.125
2786	2788	0.5
2787	2788	0.5
981	2789	0.25
982	2789	0.25
984	2789	0.5
1589	2789	0.25
1590	2789	0.5
1591	2789	0.25
2189	2789	0.125
2190	2789	0.125
2191	2789	0.125
981	2790	0.25
982	2790	0.25
984	2790	0.5
1589	2790	0.25
1590	2790	0.5
1591	2790	0.25
2189	2790	0.125
2190	2790	0.125
2191	2790	0.125
2789	2790	0.5
981	2791	0.25
982	2791	0.25
984	2791	0.5
1589	2791	0.25
1590	2791	0.5
1591	2791	0.25
2189	2791	0.125
2190	2791	0.125
2191	2791	0.125
2789	2791	0.5
2790	2791	0.5
986	2792	0.25
987	2792	0.25
989	2792	0.5
1592	2792	0.25
1593	2792	0.5
1594	2792	0.25
2192	2792	0.125
2193	2792	0.125
2194	2792	0.125
986	2793	0.25
987	2793	0.25
989	2793	0.5
1592	2793	0.25
1593	2793	0.5
1594	2793	0.25
2192	2793	0.125
2193	2793	0.125
2194	2793	0.125
2792	2793	0.5
986	2794	0.25
987	2794	0.25
989	2794	0.5
1592	2794	0.25
1593	2794	0.5
1594	2794	0.25
2192	2794	0.125
2193	2794	0.125
2194	2794	0.125
2792	2794	0.5
2793	2794	0.5
991	2795	0.25
992	2795	0.25
994	2795	0.5
1595	2795	0.25
1596	2795	0.5
1597	2795	0.25
2195	2795	0.125
2196	2795	0.125
2197	2795	0.125
991	2796	0.25
992	2796	0.25
994	2796	0.5
1595	2796	0.25
1596	2796	0.5
1597	2796	0.25
2195	2796	0.125
2196	2796	0.125
2197	2796	0.125
2795	2796	0.5
991	2797	0.25
992	2797	0.25
994	2797	0.5
1595	2797	0.25
1596	2797	0.5
1597	2797	0.25
2195	2797	0.125
2196	2797	0.125
2197	2797	0.125
2795	2797	0.5
2796	2797	0.5
996	2798	0.25
997	2798	0.25
999	2798	0.5
1598	2798	0.25
1599	2798	0.5
1600	2798	0.25
2198	2798	0.125
2199	2798	0.125
2200	2798	0.125
996	2799	0.25
997	2799	0.25
999	2799	0.5
1598	2799	0.25
1599	2799	0.5
1600	2799	0.25
2198	2799	0.125
2199	2799	0.125
2200	2799	0.125
2798	2799	0.5
996	2800	0.25
997	2800	0.25
999	2800	0.5
1598	2800	0.25
1599	2800	0.5
1600	2800	0.25
2198	2800	0.125
2199	2800	0.125
2200	2800	0.125
2798	2800	0.5
2799	2800	0.5
1	2801	0.25
2	2801	0.25
5	2801	0.5
1001	2801	0.25
1002	2801	0.25
1003	2801	0.5
1601	2801	0.125
1602	2801	0.125
1603	2801	0.125
2201	2801	0.125
2202	2801	0.125
2203	2801	0.125
1	2802	0.25
2	2802	0.25
5	2802	0.5
1001	2802	0.25
1002	2802	0.25
1003	2802	0.5
1601	2802	0.125
1602	2802	0.125
1603	2802	0.125
2201	2802	0.125
2202	2802	0.125
2203	2802	0.125
2801	2802	0.5
1	2803	0.25
2	2803	0.25
5	2803	0.5
1001	2803	0.25
1002	2803	0.25
1003	2803	0.5
1601	2803	0.125
1602	2803	0.125
1603	2803	0.125
2201	2803	0.125
2202	2803	0.125
2203	2803	0.125
2801	2803	0.5
2802	2803	0.5
6	2804	0.25
7	2804	0.25
10	2804	0.5
1004	2804	0.25
1005	2804	0.25
1006	2804	0.5
1604	2804	0.125
1605	2804	0.125
1606	2804	0.125
2204	2804	0.125
2205	2804	0.125
2206	2804	0.125
6	2805	0.25
7	2805	0.25
10	2805	0.5
1004	2805	0.25
1005	2805	0.25
1006	2805	0.5
1604	2805	0.125
1605	2805	0.125
1606	2805	0.125
2204	2805	0.125
2205	2805	0.125
2206	2805	0.125
2804	2805	0.5
6	2806	0.25
7	2806	0.25
10	2806	0.5
1004	2806	0.25
1005	2806	0.25
1006	2806	0.5
1604	2806	0.125
1605	2806	0.125
1606	2806	0.125
2204	2806	0.125
2205	2806	0.125
2206	2806	0.125
2804	2806	0.5
2805	2806	0.5
11	2807	0.25
12	2807	0.25
15	2807	0.5
1007	2807	0.25
1008	2807	0.25
1009	2807	0.5
1607	2807	0.125
1608	2807	0.125
1609	2807	0.125
2207	2807	0.125
2208	2807	0.125
2209	2807	0.125
11	2808	0.25
12	2808	0.25
15	2808	0.5
1007	2808	0.25
1008	2808	0.25
1009	2808	0.5
1607	2808	0.125
1608	2808	0.125
1609	2808	0.125
2207	2808	0.125
2208	2808	0.125
2209	2808	0.125
2807	2808	0.5
11	2809	0.25
12	2809	0.25
15	2809	0.5
1007	2809	0.25
1008	2809	0.25
1009	2809	0.5
1607	2809	0.125
1608	2809	0.125
1609	2809	0.125
2207	2809	0.125
2208	2809	0.125
2209	2809	0.125
2807	2809	0.5
2808	2809	0.5
16	2810	0.25
17	2810	0.25
20	2810	0.5
1010	2810	0.25
1011	2810	0.25
1012	2810	0.5
1610	2810	0.125
1611	2810	0.125
1612	2810	0.125
2210	2810	0.125
2211	2810	0.125
2212	2810	0.125
16	2811	0.25
17	2811	0.25
20	2811	0.5
1010	2811	0.25
1011	2811	0.25
1012	2811	0.5
1610	2811	0.125
1611	2811	0.125
1612	2811	0.125
2210	2811	0.125
2211	2811	0.125
2212	2811	0.125
2810	2811	0.5
16	2812	0.25
17	2812	0.25
20	2812	0.5
1010	2812	0.25
1011	2812	0.25
1012	2812	0.5
1610	2812	0.125
1611	2812	0.125
1612	2812	0.125
2210	2812	0.125
2211	2812	0.125
2212	2812	0.125
2810	2812	0.5
2811	2812	0.5
21	2813	0.25
22	2813	0.25
25	2813	0.5
1013	2813	0.25
1014	2813	0.25
1015	2813	0.5
1613	2813	0.125
1614	2813	0.125
1615	2813	0.125
2213	2813	0.125
2214	2813	0.125
2215	2813	0.125
21	2814	0.25
22	2814	0.25
25	2814	0.5
1013	2814	0.25
1014	2814	0.25
1015	2814	0.5
1613	2814	0.125
1614	2814	0.125
1615	2814	0.125
2213	2814	0.125
2214	2814	0.125
2215	2814	0.125
2813	2814	0.5
21	2815	0.25
22	2815	0.25
25	2815	0.5
1013	2815	0.25
1014	2815	0.25
1015	2815	0.5
1613	2815	0.125
1614	2815	0.125
1615	2815	0.125
2213	2815	0.125
2214	2815	0.125
2215	2815	0.125
2813	2815	0.5
2814	2815	0.5
26	2816	0.25
27	2816	0.25
30	2816	0.5
1016	2816	0.25
1017	2816	0.25
1018	2816	0.5
1616	2816	0.125
1617	2816	0.125
1618	2816	0.125
2216	2816	0.125
2217	2816	0.125
2218	2816	0.125
26	2817	0.25
27	2817	0.25
30	2817	0.5
1016	2817	0.25
1017	2817	0.25
1018	2817	0.5
1616	2817	0.125
1617	2817	0.125
1618	2817	0.125
2216	2817	0.125
2217	2817	0.125
2218	2817	0.125
2816	2817	0.5
26	2818	0.25
27	2818	0.25
30	2818	0.5
1016	2818	0.25
1017	2818	0.25
1018	2818	0.5
1616	2818	0.125
1617	2818	0.125
1618	2818	0.125
2216	2818	0.125
2217	2818	0.125
2218	2818	0.125
2816	2818	0.5
2817	2818	0.5
31	2819	0.25
32	2819	0.25
35	2819	0.5
1019	2819	0.25
1020	2819	0.25
1021	2819	0.5
1619	2819	0.125
1620	2819	0.125
1621	2819	0.125
2219	2819	0.125
2220	2819	0.125
2221	2819	0.125
31	2820	0.25
32	2820	0.25
35	2820	0.5
1019	2820	0.25
1020	2820	0.25
1021	2820	0.5
1619	2820	0.125
1620	2820	0.125
1621	2820	0.125
2219	2820	0.125
2220	2820	0.125
2221	2820	0.125
2819	2820	0.5
31	2821	0.25
32	2821	0.25
35	2821	0.5
1019	2821	0.25
1020	2821	0.25
1021	2821	0.5
1619	2821	0.125
1620	2821	0.125
1621	2821	0.125
2219	2821	0.125
2220	2821	0.125
2221	2821	0.125
2819	2821	0.5
2820	2821	0.5
36	2822	0.25
37	2822	0.25
40	2822	0.5
1022	2822	0.25
1023	2822	0.25
1024	2822	0.5
1622	2822	0.125
1623	2822	0.125
1624	2822	0.125
2222	2822	0.125
2223	2822	0.125
2224	2822	0.125
36	2823	0.25
37	2823	0.25
40	2823	0.5
1022	2823	0.25
1023	2823	0.25
1024	2823	0.5
1622	2823	0.125
1623	2823	0.125
1624	2823	0.125
2222	2823	0.125
2223	2823	0.125
2224	2823	0.125
2822	2823	0.5
36	2824	0.25
37	2824	0.25
40	2824	0.5
1022	2824	0.25
1023	2824	0.25
1024	2824	0.5
1622	2824	0.125
1623	2824	0.125
1624	2824	0.125
2222	2824	0.125
2223	2824	0.125
2224	2824	0.125
2822	2824	0.5
2823	2824	0.5
41	2825	0.25
42	2825	0.25
45	2825	0.5
1025	2825	0.25
1026	2825	0.25
1027	2825	0.5
1625	2825	0.125
1626	2825	0.125
1627	2825	0.125
2225	2825	0.125
2226	2825	0.125
2227	2825	0.125
41	2826	0.25
42	2826	0.25
45	2826	0.5
1025	2826	0.25
1026	2826	0.25
1027	2826	0.5
1625	2826	0.125
1626	2826	0.125
1627	2826	0.125
2225	2826	0.125
2226	2826	0.125
2227	2826	0.125
2825	2826	0.5
41	2827	0.25
42	2827	0.25
45	2827	0.5
1025	2827	0.25
1026	2827	0.25
1027	2827	0.5
1625	2827	0.125
1626	2827	0.125
1627	2827	0.125
2225	2827	0.125
2226	2827	0.125
2227	2827	0.125
2825	2827	0.5
2826	2827	0.5
46	2828	0.25
47	2828	0.25
50	2828	0.5
1028	2828	0.25
1029	2828	0.25
1030	2828	0.5
1628	2828	0.125
1629	2828	0.125
1630	2828	0.125
2228	2828	0.125
2229	2828	0.125
2230	2828	0.125
46	2829	0.25
47	2829	0.25
50	2829	0.5
1028	2829	0.25
1029	2829	0.25
1030	2829	0.5
1628	2829	0.125
1629	2829	0.125
1630	2829	0.125
2228	2829	0.125
2229	2829	0.125
2230	2829	0.125
2828	2829	0.5
46	2830	0.25
47	2830	0.25
50	2830	0.5
1028	2830	0.25
1029	2830	0.25
1030	2830	0.5
1628	2830	0.125
1629	2830	0.125
1630	2830	0.125
2228	2830	0.125
2229	2830	0.125
2230	2830	0.125
2828	2830	0.5
2829	2830	0.5
51	2831	0.25
52	2831	0.25
55	2831	0.5
1031	2831	0.25
1032	2831	0.25
1033	2831	0.5
1631	2831	0.125
1632	2831	0.125
1633	2831	0.125
2231	2831	0.125
2232	2831	0.125
2233	2831	0.125
51	2832	0.25
52	2832	0.25
55	2832	0.5
1031	2832	0.25
1032	2832	0.25
1033	2832	0.5
1631	2832	0.125
1632	2832	0.125
1633	2832	0.125
2231	2832	0.125
2232	2832	0.125
2233	2832	0.125
2831	2832	0.5
51	2833	0.25
52	2833	0.25
55	2833	0.5
1031	2833	0.25
1032	2833	0.25
1033	2833	0.5
1631	2833	0.125
1632	2833	0.125
1633	2833	0.125
2231	2833	0.125
2232	2833	0.125
2233	2833	0.125
2831	2833	0.5
2832	2833	0.5
56	2834	0.25
57	2834	0.25
60	2834	0.5
1034	2834	0.25
1035	2834	0.25
1036	2834	0.5
1634	2834	0.125
1635	2834	0.125
1636	2834	0.125
2234	2834	0.125
2235	2834	0.125
2236	2834	0.125
56	2835	0.25
57	2835	0.25
60	2835	0.5
1034	2835	0.25
1035	2835	0.25
1036	2835	0.5
1634	2835	0.125
1635	2835	0.125
1636	2835	0.125
2234	2835	0.125
2235	2835	0.125
2236	2835	0.125
2834	2835	0.5
56	2836	0.25
57	2836	0.25
60	2836	0.5
1034	2836	0.25
1035	2836	0.25
1036	2836	0.5
1634	2836	0.125
1635	2836	0.125
1636	2836	0.125
2234	2836	0.125
2235	2836	0.125
2236	2836	0.125
2834	2836	0.5
2835	2836	0.5
61	2837	0.25
62	2837	0.25
65	2837	0.5
1037	2837	0.25
1038	2837	0.25
1039	2837	0.5
1637	2837	0.125
1638	2837	0.125
1639	2837	0.125
2237	2837	0.125
2238	2837	0.125
2239	2837	0.125
61	2838	0.25
62	2838	0.25
65	2838	0.5
1037	2838	0.25
1038	2838	0.25
1039	2838	0.5
1637	2838	0.125
1638	2838	0.125
1639	2838	0.125
2237	2838	0.125
2238	2838	0.125
2239	2838	0.125
2837	2838	0.5
61	2839	0.25
62	2839	0.25
65	2839	0.5
1037	2839	0.25
1038	2839	0.25
1039	2839	0.5
1637	2839	0.125
1638	2839	0.125
1639	2839	0.125
2237	2839	0.125
2238	2839	0.125
2239	2839	0.125
2837	2839	0.5
2838	2839	0.5
66	2840	0.25
67	2840	0.25
70	2840	0.5
1040	2840	0.25
1041	2840	0.25
1042	2840	0.5
1640	2840	0.125
1641	2840	0.125
1642	2840	0.125
2240	2840	0.125
2241	2840	0.125
2242	2840	0.125
66	2841	0.25
67	2841	0.25
70	2841	0.5
1040	2841	0.25
1041	2841	0.25
1042	2841	0.5
1640	2841	0.125
1641	2841	0.125
1642	2841	0.125
2240	2841	0.125
2241	2841	0.125
2242	2841	0.125
2840	2841	0.5
66	2842	0.25
67	2842	0.25
70	2842	0.5
1040	2842	0.25
1041	2842	0.25
1042	2842	0.5
1640	2842	0.125
1641	2842	0.125
1642	2842	0.125
2240	2842	0.125
2241	2842	0.125
2242	2842	0.125
2840	2842	0.5
2841	2842	0.5
71	2843	0.25
72	2843	0.25
75	2843	0.5
1043	2843	0.25
1044	2843	0.25
1045	2843	0.5
1643	2843	0.125
1644	2843	0.125
1645	2843	0.125
2243	2843	0.125
2244	2843	0.125
2245	2843	0.125
71	2844	0.25
72	2844	0.25
75	2844	0.5
1043	2844	0.25
1044	2844	0.25
1045	2844	0.5
1643	2844	0.125
1644	2844	0.125
1645	2844	0.125
2243	2844	0.125
2244	2844	0.125
2245	2844	0.125
2843	2844	0.5
71	2845	0.25
72	2845	0.25
75	2845	0.5
1043	2845	0.25
1044	2845	0.25
1045	2845	0.5
1643	2845	0.125
1644	2845	0.125
1645	2845	0.125
2243	2845	0.125
2244	2845	0.125
2245	2845	0.125
2843	2845	0.5
2844	2845	0.5
76	2846	0.25
77	2846	0.25
80	2846	0.5
1046	2846	0.25
1047	2846	0.25
1048	2846	0.5
1646	2846	0.125
1647	2846	0.125
1648	2846	0.125
2246	2846	0.125
2247	2846	0.125
2248	2846	0.125
76	2847	0.25
77	2847	0.25
80	2847	0.5
1046	2847	0.25
1047	2847	0.25
1048	2847	0.5
1646	2847	0.125
1647	2847	0.125
1648	2847	0.125
2246	2847	0.125
2247	2847	0.125
2248	2847	0.125
2846	2847	0.5
76	2848	0.25
77	2848	0.25
80	2848	0.5
1046	2848	0.25
1047	2848	0.25
1048	2848	0.5
1646	2848	0.125
1647	2848	0.125
1648	2848	0.125
2246	2848	0.125
2247	2848	0.125
2248	2848	0.125
2846	2848	0.5
2847	2848	0.5
81	2849	0.25
82	2849	0.25
85	2849	0.5
1049	2849	0.25
1050	2849	0.25
1051	2849	0.5
1649	2849	0.125
1650	2849	0.125
1651	2849	0.125
2249	2849	0.125
2250	2849	0.125
2251	2849	0.125
81	2850	0.25
82	2850	0.25
85	2850	0.5
1049	2850	0.25
1050	2850	0.25
1051	2850	0.5
1649	2850	0.125
1650	2850	0.125
1651	2850	0.125
2249	2850	0.125
2250	2850	0.125
2251	2850	0.125
2849	2850	0.5
81	2851	0.25
82	2851	0.25
85	2851	0.5
1049	2851	0.25
1050	2851	0.25
1051	2851	0.5
1649	2851	0.125
1650	2851	0.125
1651	2851	0.125
2249	2851	0.125
2250	2851	0.125
2251	2851	0.125
2849	2851	0.5
2850	2851	0.5
86	2852	0.25
87	2852	0.25
90	2852	0.5
1052	2852	0.25
1053	2852	0.25
1054	2852	0.5
1652	2852	0.125
1653	2852	0.125
1654	2852	0.125
2252	2852	0.125
2253	2852	0.125
2254	2852	0.125
86	2853	0.25
87	2853	0.25
90	2853	0.5
1052	2853	0.25
1053	2853	0.25
1054	2853	0.5
1652	2853	0.125
1653	2853	0.125
1654	2853	0.125
2252	2853	0.125
2253	2853	0.125
2254	2853	0.125
2852	2853	0.5
86	2854	0.25
87	2854	0.25
90	2854	0.5
1052	2854	0.25
1053	2854	0.25
1054	2854	0.5
1652	2854	0.125
1653	2854	0.125
1654	2854	0.125
2252	2854	0.125
2253	2854	0.125
2254	2854	0.125
2852	2854	0.5
2853	2854	0.5
91	2855	0.25
92	2855	0.25
95	2855	0.5
1055	2855	0.25
1056	2855	0.25
1057	2855	0.5
1655	2855	0.125
1656	2855	0.125
1657	2855	0.125
2255	2855	0.125
2256	2855	0.125
2257	2855	0.125
91	2856	0.25
92	2856	0.25
95	2856	0.5
1055	2856	0.25
1056	2856	0.25
1057	2856	0.5
1655	2856	0.125
1656	2856	0.125
1657	2856	0.125
2255	2856	0.125
2256	2856	0.125
2257	2856	0.125
2855	2856	0.5
91	2857	0.25
92	2857	0.25
95	2857	0.5
1055	2857	0.25
1056	2857	0.25
1057	2857	0.5
1655	2857	0.125
1656	2857	0.125
1657	2857	0.125
2255	2857	0.125
2256	2857	0.125
2257	2857	0.125
2855	2857	0.5
2856	2857	0.5
96	2858	0.25
97	2858	0.25
100	2858	0.5
1058	2858	0.25
1059	2858	0.25
1060	2858	0.5
1658	2858	0.125
1659	2858	0.125
1660	2858	0.125
2258	2858	0.125
2259	2858	0.125
2260	2858	0.125
96	2859	0.25
97	2859	0.25
100	2859	0.5
1058	2859	0.25
1059	2859	0.25
1060	2859	0.5
1658	2859	0.125
1659	2859	0.125
1660	2859	0.125
2258	2859	0.125
2259	2859	0.125
2260	2859	0.125
2858	2859	0.5
96	2860	0.25
97	2860	0.25
100	2860	0.5
1058	2860	0.25
1059	2860	0.25
1060	2860	0.5
1658	2860	0.125
1659	2860	0.125
1660	2860	0.125
2258	2860	0.125
2259	2860	0.125
2260	2860	0.125
2858	2860	0.5
2859	2860	0.5
101	2861	0.25
102	2861	0.25
105	2861	0.5
1061	2861	0.25
1062	2861	0.25
1063	2861	0.5
1661	2861	0.125
1662	2861	0.125
1663	2861	0.125
2261	2861	0.125
2262	2861	0.125
2263	2861	0.125
101	2862	0.25
102	2862	0.25
105	2862	0.5
1061	2862	0.25
1062	2862	0.25
1063	2862	0.5
1661	2862	0.125
1662	2862	0.125
1663	2862	0.125
2261	2862	0.125
2262	2862	0.125
2263	2862	0.125
2861	2862	0.5
101	2863	0.25
102	2863	0.25
105	2863	0.5
1061	2863	0.25
1062	2863	0.25
1063	2863	0.5
1661	2863	0.125
1662	2863	0.125
1663	2863	0.125
2261	2863	0.125
2262	2863	0.125
2263	2863	0.125
2861	2863	0.5
2862	2863	0.5
106	2864	0.25
107	2864	0.25
110	2864	0.5
1064	2864	0.25
1065	2864	0.25
1066	2864	0.5
1664	2864	0.125
1665	2864	0.125
1666	2864	0.125
2264	2864	0.125
2265	2864	0.125
2266	2864	0.125
106	2865	0.25
107	2865	0.25
110	2865	0.5
1064	2865	0.25
1065	2865	0.25
1066	2865	0.5
1664	2865	0.125
1665	2865	0.125
1666	2865	0.125
2264	2865	0.125
2265	2865	0.125
2266	2865	0.125
2864	2865	0.5
106	2866	0.25
107	2866	0.25
110	2866	0.5
1064	2866	0.25
1065	2866	0.25
1066	2866	0.5
1664	2866	0.125
1665	2866	0.125
1666	2866	0.125
2264	2866	0.125
2265	2866	0.125
2266	2866	0.125
2864	2866	0.5
2865	2866	0.5
111	2867	0.25
112	2867	0.25
115	2867	0.5
1067	2867	0.25
1068	2867	0.25
1069	2867	0.5
1667	2867	0.125
1668	2867	0.125
1669	2867	0.125
2267	2867	0.125
2268	2867	0.125
2269	2867	0.125
111	2868	0.25
112	2868	0.25
115	2868	0.5
1067	2868	0.25
1068	2868	0.25
1069	2868	0.5
1667	2868	0.125
1668	2868	0.125
1669	2868	0.125
2267	2868	0.125
2268	2868	0.125
2269	2868	0.125
2867	2868	0.5
111	2869	0.25
112	2869	0.25
115	2869	0.5
1067	2869	0.25
1068	2869	0.25
1069	2869	0.5
1667	2869	0.125
1668	2869	0.125
1669	2869	0.125
2267	2869	0.125
2268	2869	0.125
2269	2869	0.125
2867	2869	0.5
2868	2869	0.5
116	2870	0.25
117	2870	0.25
120	2870	0.5
1070	2870	0.25
1071	2870	0.25
1072	2870	0.5
1670	2870	0.125
1671	2870	0.125
1672	2870	0.125
2270	2870	0.125
2271	2870	0.125
2272	2870	0.125
116	2871	0.25
117	2871	0.25
120	2871	0.5
1070	2871	0.25
1071	2871	0.25
1072	2871	0.5
1670	2871	0.125
1671	2871	0.125
1672	2871	0.125
2270	2871	0.125
2271	2871	0.125
2272	2871	0.125
2870	2871	0.5
116	2872	0.25
117	2872	0.25
120	2872	0.5
1070	2872	0.25
1071	2872	0.25
1072	2872	0.5
1670	2872	0.125
1671	2872	0.125
1672	2872	0.125
2270	2872	0.125
2271	2872	0.125
2272	2872	0.125
2870	2872	0.5
2871	2872	0.5
121	2873	0.25
122	2873	0.25
125	2873	0.5
1073	2873	0.25
1074	2873	0.25
1075	2873	0.5
1673	2873	0.125
1674	2873	0.125
1675	2873	0.125
2273	2873	0.125
2274	2873	0.125
2275	2873	0.125
121	2874	0.25
122	2874	0.25
125	2874	0.5
1073	2874	0.25
1074	2874	0.25
1075	2874	0.5
1673	2874	0.125
1674	2874	0.125
1675	2874	0.125
2273	2874	0.125
2274	2874	0.125
2275	2874	0.125
2873	2874	0.5
121	2875	0.25
122	2875	0.25
125	2875	0.5
1073	2875	0.25
1074	2875	0.25
1075	2875	0.5
1673	2875	0.125
1674	2875	0.125
1675	2875	0.125
2273	2875	0.125
2274	2875	0.125
2275	2875	0.125
2873	2875	0.5
2874	2875	0.5
126	2876	0.25
127	2876	0.25
130	2876	0.5
1076	2876	0.25
1077	2876	0.25
1078	2876	0.5
1676	2876	0.125
1677	2876	0.125
1678	2876	0.125
2276	2876	0.125
2277	2876	0.125
2278	2876	0.125
126	2877	0.25
127	2877	0.25
130	2877	0.5
1076	2877	0.25
1077	2877	0.25
1078	2877	0.5
1676	2877	0.125
1677	2877	0.125
1678	2877	0.125
2276	2877	0.125
2277	2877	0.125
2278	2877	0.125
2876	2877	0.5
126	2878	0.25
127	2878	0.25
130	2878	0.5
1076	2878	0.25
1077	2878	0.25
1078	2878	0.5
1676	2878	0.125
1677	2878	0.125
1678	2878	0.125
2276	2878	0.125
2277	2878	0.125
2278	2878	0.125
2876	2878	0.5
2877	2878	0.5
131	2879	0.25
132	2879	0.25
135	2879	0.5
1079	2879	0.25
1080	2879	0.25
1081	2879	0.5
1679	2879	0.125
1680	2879	0.125
1681	2879	0.125
2279	2879	0.125
2280	2879	0.125
2281	2879	0.125
131	2880	0.25
132	2880	0.25
135	2880	0.5
1079	2880	0.25
1080	2880	0.25
1081	2880	0.5
1679	2880	0.125
1680	2880	0.125
1681	2880	0.125
2279	2880	0.125
2280	2880	0.125
2281	2880	0.125
2879	2880	0.5
131	2881	0.25
132	2881	0.25
135	2881	0.5
1079	2881	0.25
1080	2881	0.25
1081	2881	0.5
1679	2881	0.125
1680	2881	0.125
1681	2881	0.125
2279	2881	0.125
2280	2881	0.125
2281	2881	0.125
2879	2881	0.5
2880	2881	0.5
136	2882	0.25
137	2882	0.25
140	2882	0.5
1082	2882	0.25
1083	2882	0.25
1084	2882	0.5
1682	2882	0.125
1683	2882	0.125
1684	2882	0.125
2282	2882	0.125
2283	2882	0.125
2284	2882	0.125
136	2883	0.25
137	2883	0.25
140	2883	0.5
1082	2883	0.25
1083	2883	0.25
1084	2883	0.5
1682	2883	0.125
1683	2883	0.125
1684	2883	0.125
2282	2883	0.125
2283	2883	0.125
2284	2883	0.125
2882	2883	0.5
136	2884	0.25
137	2884	0.25
140	2884	0.5
1082	2884	0.25
1083	2884	0.25
1084	2884	0.5
1682	2884	0.125
1683	2884	0.125
1684	2884	0.125
2282	2884	0.125
2283	2884	0.125
2284	2884	0.125
2882	2884	0.5
2883	2884	0.5
141	2885	0.25
142	2885	0.25
145	2885	0.5
1085	2885	0.25
1086	2885	0.25
1087	2885	0.5
1685	2885	0.125
1686	2885	0.125
1687	2885	0.125
2285	2885	0.125
2286	2885	0.125
2287	2885	0.125
141	2886	0.25
142	2886	0.25
145	2886	0.5
1085	2886	0.25
1086	2886	0.25
1087	2886	0.5
1685	2886	0.125
1686	2886	0.125
1687	2886	0.125
2285	2886	0.125
2286	2886	0.125
2287	2886	0.125
2885	2886	0.5
141	2887	0.25
142	2887	0.25
145	2887	0.5
1085	2887	0.25
1086	2887	0.25
1087	2887	0.5
1685	2887	0.125
1686	2887	0.125
1687	2887	0.125
2285	2887	0.125
2286	2887	0.125
2287	2887	0.125
2885	2887	0.5
2886	2887	0.5
146	2888	0.25
147	2888	0.25
150	2888	0.5
1088	2888	0.25
1089	2888	0.25
1090	2888	0.5
1688	2888	0.125
1689	2888	0.125
1690	2888	0.125
2288	2888	0.125
2289	2888	0.125
2290	2888	0.125
146	2889	0.25
147	2889	0.25
150	2889	0.5
1088	2889	0.25
1089	2889	0.25
1090	2889	0.5
1688	2889	0.125
1689	2889	0.125
1690	2889	0.125
2288	2889	0.125
2289	2889	0.125
2290	2889	0.125
2888	2889	0.5
146	2890	0.25
147	2890	0.25
150	2890	0.5
1088	2890	0.25
1089	2890	0.25
1090	2890	0.5
1688	2890	0.125
1689	2890	0.125
1690	2890	0.125
2288	2890	0.125
2289	2890	0.125
2290	2890	0.125
2888	2890	0.5
2889	2890	0.5
151	2891	0.25
152	2891	0.25
155	2891	0.5
1091	2891	0.25
1092	2891	0.25
1093	2891	0.5
1691	2891	0.125
1692	2891	0.125
1693	2891	0.125
2291	2891	0.125
2292	2891	0.125
2293	2891	0.125
151	2892	0.25
152	2892	0.25
155	2892	0.5
1091	2892	0.25
1092	2892	0.25
1093	2892	0.5
1691	2892	0.125
1692	2892	0.125
1693	2892	0.125
2291	2892	0.125
2292	2892	0.125
2293	2892	0.125
2891	2892	0.5
151	2893	0.25
152	2893	0.25
155	2893	0.5
1091	2893	0.25
1092	2893	0.25
1093	2893	0.5
1691	2893	0.125
1692	2893	0.125
1693	2893	0.125
2291	2893	0.125
2292	2893	0.125
2293	2893	0.125
2891	2893	0.5
2892	2893	0.5
156	2894	0.25
157	2894	0.25
160	2894	0.5
1094	2894	0.25
1095	2894	0.25
1096	2894	0.5
1694	2894	0.125
1695	2894	0.125
1696	2894	0.125
2294	2894	0.125
2295	2894	0.125
2296	2894	0.125
156	2895	0.25
157	2895	0.25
160	2895	0.5
1094	2895	0.25
1095	2895	0.25
1096	2895	0.5
1694	2895	0.125
1695	2895	0.125
1696	2895	0.125
2294	2895	0.125
2295	2895	0.125
2296	2895	0.125
2894	2895	0.5
156	2896	0.25
157	2896	0.25
160	2896	0.5
1094	2896	0.25
1095	2896	0.25
1096	2896	0.5
1694	2896	0.125
1695	2896	0.125
1696	2896	0.125
2294	2896	0.125
2295	2896	0.125
2296	2896	0.125
2894	2896	0.5
2895	2896	0.5
161	2897	0.25
162	2897	0.25
165	2897	0.5
1097	2897	0.25
1098	2897	0.25
1099	2897	0.5
1697	2897	0.125
1698	2897	0.125
1699	2897	0.125
2297	2897	0.125
2298	2897	0.125
2299	2897	0.125
161	2898	0.25
162	2898	0.25
165	2898	0.5
1097	2898	0.25
1098	2898	0.25
1099	2898	0.5
1697	2898	0.125
1698	2898	0.125
1699	2898	0.125
2297	2898	0.125
2298	2898	0.125
2299	2898	0.125
2897	2898	0.5
161	2899	0.25
162	2899	0.25
165	2899	0.5
1097	2899	0.25
1098	2899	0.25
1099	2899	0.5
1697	2899	0.125
1698	2899	0.125
1699	2899	0.125
2297	2899	0.125
2298	2899	0.125
2299	2899	0.125
2897	2899	0.5
2898	2899	0.5
166	2900	0.25
167	2900	0.25
170	2900	0.5
1100	2900	0.25
1101	2900	0.25
1102	2900	0.5
1700	2900	0.125
1701	2900	0.125
1702	2900	0.125
2300	2900	0.125
2301	2900	0.125
2302	2900	0.125
166	2901	0.25
167	2901	0.25
170	2901	0.5
1100	2901	0.25
1101	2901	0.25
1102	2901	0.5
1700	2901	0.125
1701	2901	0.125
1702	2901	0.125
2300	2901	0.125
2301	2901	0.125
2302	2901	0.125
2900	2901	0.5
166	2902	0.25
167	2902	0.25
170	2902	0.5
1100	2902	0.25
1101	2902	0.25
1102	2902	0.5
1700	2902	0.125
1701	2902	0.125
1702	2902	0.125
2300	2902	0.125
2301	2902	0.125
2302	2902	0.125
2900	2902	0.5
2901	2902	0.5
171	2903	0.25
172	2903	0.25
175	2903	0.5
1103	2903	0.25
1104	2903	0.25
1105	2903	0.5
1703	2903	0.125
1704	2903	0.125
1705	2903	0.125
2303	2903	0.125
2304	2903	0.125
2305	2903	0.125
171	2904	0.25
172	2904	0.25
175	2904	0.5
1103	2904	0.25
1104	2904	0.25
1105	2904	0.5
1703	2904	0.125
1704	2904	0.125
1705	2904	0.125
2303	2904	0.125
2304	2904	0.125
2305	2904	0.125
2903	2904	0.5
171	2905	0.25
172	2905	0.25
175	2905	0.5
1103	2905	0.25
1104	2905	0.25
1105	2905	0.5
1703	2905	0.125
1704	2905	0.125
1705	2905	0.125
2303	2905	0.125
2304	2905	0.125
2305	2905	0.125
2903	2905	0.5
2904	2905	0.5
176	2906	0.25
177	2906	0.25
180	2906	0.5
1106	2906	0.25
1107	2906	0.25
1108	2906	0.5
1706	2906	0.125
1707	2906	0.125
1708	2906	0.125
2306	2906	0.125
2307	2906	0.125
2308	2906	0.125
176	2907	0.25
177	2907	0.25
180	2907	0.5
1106	2907	0.25
1107	2907	0.25
1108	2907	0.5
1706	2907	0.125
1707	2907	0.125
1708	2907	0.125
2306	2907	0.125
2307	2907	0.125
2308	2907	0.125
2906	2907	0.5
176	2908	0.25
177	2908	0.25
180	2908	0.5
1106	2908	0.25
1107	2908	0.25
1108	2908	0.5
1706	2908	0.125
1707	2908	0.125
1708	2908	0.125
2306	2908	0.125
2307	2908	0.125
2308	2908	0.125
2906	2908	0.5
2907	2908	0.5
181	2909	0.25
182	2909	0.25
185	2909	0.5
1109	2909	0.25
1110	2909	0.25
1111	2909	0.5
1709	2909	0.125
1710	2909	0.125
1711	2909	0.125
2309	2909	0.125
2310	2909	0.125
2311	2909	0.125
181	2910	0.25
182	2910	0.25
185	2910	0.5
1109	2910	0.25
1110	2910	0.25
1111	2910	0.5
1709	2910	0.125
1710	2910	0.125
1711	2910	0.125
2309	2910	0.125
2310	2910	0.125
2311	2910	0.125
2909	2910	0.5
181	2911	0.25
182	2911	0.25
185	2911	0.5
1109	2911	0.25
1110	2911	0.25
1111	2911	0.5
1709	2911	0.125
1710	2911	0.125
1711	2911	0.125
2309	2911	0.125
2310	2911	0.125
2311	2911	0.125
2909	2911	0.5
2910	2911	0.5
186	2912	0.25
187	2912	0.25
190	2912	0.5
1112	2912	0.25
1113	2912	0.25
1114	2912	0.5
1712	2912	0.125
1713	2912	0.125
1714	2912	0.125
2312	2912	0.125
2313	2912	0.125
2314	2912	0.125
186	2913	0.25
187	2913	0.25
190	2913	0.5
1112	2913	0.25
1113	2913	0.25
1114	2913	0.5
1712	2913	0.125
1713	2913	0.125
1714	2913	0.125
2312	2913	0.125
2313	2913	0.125
2314	2913	0.125
2912	2913	0.5
186	2914	0.25
187	2914	0.25
190	2914	0.5
1112	2914	0.25
1113	2914	0.25
1114	2914	0.5
1712	2914	0.125
1713	2914	0.125
1714	2914	0.125
2312	2914	0.125
2313	2914	0.125
2314	2914	0.125
2912	2914	0.5
2913	2914	0.5
191	2915	0.25
192	2915	0.25
195	2915	0.5
1115	2915	0.25
1116	2915	0.25
1117	2915	0.5
1715	2915	0.125
1716	2915	0.125
1717	2915	0.125
2315	2915	0.125
2316	2915	0.125
2317	2915	0.125
191	2916	0.25
192	2916	0.25
195	2916	0.5
1115	2916	0.25
1116	2916	0.25
1117	2916	0.5
1715	2916	0.125
1716	2916	0.125
1717	2916	0.125
2315	2916	0.125
2316	2916	0.125
2317	2916	0.125
2915	2916	0.5
191	2917	0.25
192	2917	0.25
195	2917	0.5
1115	2917	0.25
1116	2917	0.25
1117	2917	0.5
1715	2917	0.125
1716	2917	0.125
1717	2917	0.125
2315	2917	0.125
2316	2917	0.125
2317	2917	0.125
2915	2917	0.5
2916	2917	0.5
196	2918	0.25
197	2918	0.25
200	2918	0.5
1118	2918	0.25
1119	2918	0.25
1120	2918	0.5
1718	2918	0.125
1719	2918	0.125
1720	2918	0.125
2318	2918	0.125
2319	2918	0.125
2320	2918	0.125
196	2919	0.25
197	2919	0.25
200	2919	0.5
1118	2919	0.25
1119	2919	0.25
1120	2919	0.5
1718	2919	0.125
1719	2919	0.125
1720	2919	0.125
2318	2919	0.125
2319	2919	0.125
2320	2919	0.125
2918	2919	0.5
196	2920	0.25
197	2920	0.25
200	2920	0.5
1118	2920	0.25
1119	2920	0.25
1120	2920	0.5
1718	2920	0.125
1719	2920	0.125
1720	2920	0.125
2318	2920	0.125
2319	2920	0.125
2320	2920	0.125
2918	2920	0.5
2919	2920	0.5
201	2921	0.25
202	2921	0.25
205	2921	0.5
1121	2921	0.25
1122	2921	0.25
1123	2921	0.5
1721	2921	0.125
1722	2921	0.125
1723	2921	0.125
2321	2921	0.125
2322	2921	0.125
2323	2921	0.125
201	2922	0.25
202	2922	0.25
205	2922	0.5
1121	2922	0.25
1122	2922	0.25
1123	2922	0.5
1721	2922	0.125
1722	2922	0.125
1723	2922	0.125
2321	2922	0.125
2322	2922	0.125
2323	2922	0.125
2921	2922	0.5
201	2923	0.25
202	2923	0.25
205	2923	0.5
1121	2923	0.25
1122	2923	0.25
1123	2923	0.5
1721	2923	0.125
1722	2923	0.125
1723	2923	0.125
2321	2923	0.125
2322	2923	0.125
2323	2923	0.125
2921	2923	0.5
2922	2923	0.5
206	2924	0.25
207	2924	0.25
210	2924	0.5
1124	2924	0.25
1125	2924	0.25
1126	2924	0.5
1724	2924	0.125
1725	2924	0.125
1726	2924	0.125
2324	2924	0.125
2325	2924	0.125
2326	2924	0.125
206	2925	0.25
207	2925	0.25
210	2925	0.5
1124	2925	0.25
1125	2925	0.25
1126	2925	0.5
1724	2925	0.125
1725	2925	0.125
1726	2925	0.125
2324	2925	0.125
2325	2925	0.125
2326	2925	0.125
2924	2925	0.5
206	2926	0.25
207	2926	0.25
210	2926	0.5
1124	2926	0.25
1125	2926	0.25
1126	2926	0.5
1724	2926	0.125
1725	2926	0.125
1726	2926	0.125
2324	2926	0.125
2325	2926	0.125
2326	2926	0.125
2924	2926	0.5
2925	2926	0.5
211	2927	0.25
212	2927	0.25
215	2927	0.5
1127	2927	0.25
1128	2927	0.25
1129	2927	0.5
1727	2927	0.125
1728	2927	0.125
1729	2927	0.125
2327	2927	0.125
2328	2927	0.125
2329	2927	0.125
211	2928	0.25
212	2928	0.25
215	2928	0.5
1127	2928	0.25
1128	2928	0.25
1129	2928	0.5
1727	2928	0.125
1728	2928	0.125
1729	2928	0.125
2327	2928	0.125
2328	2928	0.125
2329	2928	0.125
2927	2928	0.5
211	2929	0.25
212	2929	0.25
215	2929	0.5
1127	2929	0.25
1128	2929	0.25
1129	2929	0.5
1727	2929	0.125
1728	2929	0.125
1729	2929	0.125
2327	2929	0.125
2328	2929	0.125
2329	2929	0.125
2927	2929	0.5
2928	2929	0.5
216	2930	0.25
217	2930	0.25
220	2930	0.5
1130	2930	0.25
1131	2930	0.25
1132	2930	0.5
1730	2930	0.125
1731	2930	0.125
1732	2930	0.125
2330	2930	0.125
2331	2930	0.125
2332	2930	0.125
216	2931	0.25
217	2931	0.25
220	2931	0.5
1130	2931	0.25
1131	2931	0.25
1132	2931	0.5
1730	2931	0.125
1731	2931	0.125
1732	2931	0.125
2330	2931	0.125
2331	2931	0.125
2332	2931	0.125
2930	2931	0.5
216	2932	0.25
217	2932	0.25
220	2932	0.5
1130	2932	0.25
1131	2932	0.25
1132	2932	0.5
1730	2932	0.125
1731	2932	0.125
1732	2932	0.125
2330	2932	0.125
2331	2932	0.125
2332	2932	0.125
2930	2932	0.5
2931	2932	0.5
221	2933	0.25
222	2933	0.25
225	2933	0.5
1133	2933	0.25
1134	2933	0.25
1135	2933	0.5
1733	2933	0.125
1734	2933	0.125
1735	2933	0.125
2333	2933	0.125
2334	2933	0.125
2335	2933	0.125
221	2934	0.25
222	2934	0.25
225	2934	0.5
1133	2934	0.25
1134	2934	0.25
1135	2934	0.5
1733	2934	0.125
1734	2934	0.125
1735	2934	0.125
2333	2934	0.125
2334	2934	0.125
2335	2934	0.125
2933	2934	0.5
221	2935	0.25
222	2935	0.25
225	2935	0.5
1133	2935	0.25
1134	2935	0.25
1135	2935	0.5
1733	2935	0.125
1734	2935	0.125
1735	2935	0.125
2333	2935	0.125
2334	2935	0.125
2335	2935	0.125
2933	2935	0.5
2934	2935	0.5
226	2936	0.25
227	2936	0.25
230	2936	0.5
1136	2936	0.25
1137	2936	0.25
1138	2936	0.5
1736	2936	0.125
1737	2936	0.125
1738	2936	0.125
2336	2936	0.125
2337	2936	0.125
2338	2936	0.125
226	2937	0.25
227	2937	0.25
230	2937	0.5
1136	2937	0.25
1137	2937	0.25
1138	2937	0.5
1736	2937	0.125
1737	2937	0.125
1738	2937	0.125
2336	2937	0.125
2337	2937	0.125
2338	2937	0.125
2936	2937	0.5
226	2938	0.25
227	2938	0.25
230	2938	0.5
1136	2938	0.25
1137	2938	0.25
1138	2938	0.5
1736	2938	0.125
1737	2938	0.125
1738	2938	0.125
2336	2938	0.125
2337	2938	0.125
2338	2938	0.125
2936	2938	0.5
2937	2938	0.5
231	2939	0.25
232	2939	0.25
235	2939	0.5
1139	2939	0.25
1140	2939	0.25
1141	2939	0.5
1739	2939	0.125
1740	2939	0.125
1741	2939	0.125
2339	2939	0.125
2340	2939	0.125
2341	2939	0.125
231	2940	0.25
232	2940	0.25
235	2940	0.5
1139	2940	0.25
1140	2940	0.25
1141	2940	0.5
1739	2940	0.125
1740	2940	0.125
1741	2940	0.125
2339	2940	0.125
2340	2940	0.125
2341	2940	0.125
2939	2940	0.5
231	2941	0.25
232	2941	0.25
235	2941	0.5
1139	2941	0.25
1140	2941	0.25
1141	2941	0.5
1739	2941	0.125
1740	2941	0.125
1741	2941	0.125
2339	2941	0.125
2340	2941	0.125
2341	2941	0.125
2939	2941	0.5
2940	2941	0.5
236	2942	0.25
237	2942	0.25
240	2942	0.5
1142	2942	0.25
1143	2942	0.25
1144	2942	0.5
1742	2942	0.125
1743	2942	0.125
1744	2942	0.125
2342	2942	0.125
2343	2942	0.125
2344	2942	0.125
236	2943	0.25
237	2943	0.25
240	2943	0.5
1142	2943	0.25
1143	2943	0.25
1144	2943	0.5
1742	2943	0.125
1743	2943	0.125
1744	2943	0.125
2342	2943	0.125
2343	2943	0.125
2344	2943	0.125
2942	2943	0.5
236	2944	0.25
237	2944	0.25
240	2944	0.5
1142	2944	0.25
1143	2944	0.25
1144	2944	0.5
1742	2944	0.125
1743	2944	0.125
1744	2944	0.125
2342	2944	0.125
2343	2944	0.125
2344	2944	0.125
2942	2944	0.5
2943	2944	0.5
241	2945	0.25
242	2945	0.25
245	2945	0.5
1145	2945	0.25
1146	2945	0.25
1147	2945	0.5
1745	2945	0.125
1746	2945	0.125
1747	2945	0.125
2345	2945	0.125
2346	2945	0.125
2347	2945	0.125
241	2946	0.25
242	2946	0.25
245	2946	0.5
1145	2946	0.25
1146	2946	0.25
1147	2946	0.5
1745	2946	0.125
1746	2946	0.125
1747	2946	0.125
2345	2946	0.125
2346	2946	0.125
2347	2946	0.125
2945	2946	0.5
241	2947	0.25
242	2947	0.25
245	2947	0.5
1145	2947	0.25
1146	2947	0.25
1147	2947	0.5
1745	2947	0.125
1746	2947	0.125
1747	2947	0.125
2345	2947	0.125
2346	2947	0.125
2347	2947	0.125
2945	2947	0.5
2946	2947	0.5
246	2948	0.25
247	2948	0.25
250	2948	0.5
1148	2948	0.25
1149	2948	0.25
1150	2948	0.5
1748	2948	0.125
1749	2948	0.125
1750	2948	0.125
2348	2948	0.125
2349	2948	0.125
2350	2948	0.125
246	2949	0.25
247	2949	0.25
250	2949	0.5
1148	2949	0.25
1149	2949	0.25
1150	2949	0.5
1748	2949	0.125
1749	2949	0.125
1750	2949	0.125
2348	2949	0.125
2349	2949	0.125
2350	2949	0.125
2948	2949	0.5
246	2950	0.25
247	2950	0.25
250	2950	0.5
1148	2950	0.25
1149	2950	0.25
1150	2950	0.5
1748	2950	0.125
1749	2950	0.125
1750	2950	0.125
2348	2950	0.125
2349	2950	0.125
2350	2950	0.125
2948	2950	0.5
2949	2950	0.5
251	2951	0.25
252	2951	0.25
255	2951	0.5
1151	2951	0.25
1152	2951	0.25
1153	2951	0.5
1751	2951	0.125
1752	2951	0.125
1753	2951	0.125
2351	2951	0.125
2352	2951	0.125
2353	2951	0.125
251	2952	0.25
252	2952	0.25
255	2952	0.5
1151	2952	0.25
1152	2952	0.25
1153	2952	0.5
1751	2952	0.125
1752	2952	0.125
1753	2952	0.125
2351	2952	0.125
2352	2952	0.125
2353	2952	0.125
2951	2952	0.5
251	2953	0.25
252	2953	0.25
255	2953	0.5
1151	2953	0.25
1152	2953	0.25
1153	2953	0.5
1751	2953	0.125
1752	2953	0.125
1753	2953	0.125
2351	2953	0.125
2352	2953	0.125
2353	2953	0.125
2951	2953	0.5
2952	2953	0.5
256	2954	0.25
257	2954	0.25
260	2954	0.5
1154	2954	0.25
1155	2954	0.25
1156	2954	0.5
1754	2954	0.125
1755	2954	0.125
1756	2954	0.125
2354	2954	0.125
2355	2954	0.125
2356	2954	0.125
256	2955	0.25
257	2955	0.25
260	2955	0.5
1154	2955	0.25
1155	2955	0.25
1156	2955	0.5
1754	2955	0.125
1755	2955	0.125
1756	2955	0.125
2354	2955	0.125
2355	2955	0.125
2356	2955	0.125
2954	2955	0.5
256	2956	0.25
257	2956	0.25
260	2956	0.5
1154	2956	0.25
1155	2956	0.25
1156	2956	0.5
1754	2956	0.125
1755	2956	0.125
1756	2956	0.125
2354	2956	0.125
2355	2956	0.125
2356	2956	0.125
2954	2956	0.5
2955	2956	0.5
261	2957	0.25
262	2957	0.25
265	2957	0.5
1157	2957	0.25
1158	2957	0.25
1159	2957	0.5
1757	2957	0.125
1758	2957	0.125
1759	2957	0.125
2357	2957	0.125
2358	2957	0.125
2359	2957	0.125
261	2958	0.25
262	2958	0.25
265	2958	0.5
1157	2958	0.25
1158	2958	0.25
1159	2958	0.5
1757	2958	0.125
1758	2958	0.125
1759	2958	0.125
2357	2958	0.125
2358	2958	0.125
2359	2958	0.125
2957	2958	0.5
261	2959	0.25
262	2959	0.25
265	2959	0.5
1157	2959	0.25
1158	2959	0.25
1159	2959	0.5
1757	2959	0.125
1758	2959	0.125
1759	2959	0.125
2357	2959	0.125
2358	2959	0.125
2359	2959	0.125
2957	2959	0.5
2958	2959	0.5
266	2960	0.25
267	2960	0.25
270	2960	0.5
1160	2960	0.25
1161	2960	0.25
1162	2960	0.5
1760	2960	0.125
1761	2960	0.125
1762	2960	0.125
2360	2960	0.125
2361	2960	0.125
2362	2960	0.125
266	2961	0.25
267	2961	0.25
270	2961	0.5
1160	2961	0.25
1161	2961	0.25
1162	2961	0.5
1760	2961	0.125
1761	2961	0.125
1762	2961	0.125
2360	2961	0.125
2361	2961	0.125
2362	2961	0.125
2960	2961	0.5
266	2962	0.25
267	2962	0.25
270	2962	0.5
1160	2962	0.25
1161	2962	0.25
1162	2962	0.5
1760	2962	0.125
1761	2962	0.125
1762	2962	0.125
2360	2962	0.125
2361	2962	0.125
2362	2962	0.125
2960	2962	0.5
2961	2962	0.5
271	2963	0.25
272	2963	0.25
275	2963	0.5
1163	2963	0.25
1164	2963	0.25
1165	2963	0.5
1763	2963	0.125
1764	2963	0.125
1765	2963	0.125
2363	2963	0.125
2364	2963	0.125
2365	2963	0.125
271	2964	0.25
272	2964	0.25
275	2964	0.5
1163	2964	0.25
1164	2964	0.25
1165	2964	0.5
1763	2964	0.125
1764	2964	0.125
1765	2964	0.125
2363	2964	0.125
2364	2964	0.125
2365	2964	0.125
2963	2964	0.5
271	2965	0.25
272	2965	0.25
275	2965	0.5
1163	2965	0.25
1164	2965	0.25
1165	2965	0.5
1763	2965	0.125
1764	2965	0.125
1765	2965	0.125
2363	2965	0.125
2364	2965	0.125
2365	2965	0.125
2963	2965	0.5
2964	2965	0.5
276	2966	0.25
277	2966	0.25
280	2966	0.5
1166	2966	0.25
1167	2966	0.25
1168	2966	0.5
1766	2966	0.125
1767	2966	0.125
1768	2966	0.125
2366	2966	0.125
2367	2966	0.125
2368	2966	0.125
276	2967	0.25
277	2967	0.25
280	2967	0.5
1166	2967	0.25
1167	2967	0.25
1168	2967	0.5
1766	2967	0.125
1767	2967	0.125
1768	2967	0.125
2366	2967	0.125
2367	2967	0.125
2368	2967	0.125
2966	2967	0.5
276	2968	0.25
277	2968	0.25
280	2968	0.5
1166	2968	0.25
1167	2968	0.25
1168	2968	0.5
1766	2968	0.125
1767	2968	0.125
1768	2968	0.125
2366	2968	0.125
2367	2968	0.125
2368	2968	0.125
2966	2968	0.5
2967	2968	0.5
281	2969	0.25
282	2969	0.25
285	2969	0.5
1169	2969	0.25
1170	2969	0.25
1171	2969	0.5
1769	2969	0.125
1770	2969	0.125
1771	2969	0.125
2369	2969	0.125
2370	2969	0.125
2371	2969	0.125
281	2970	0.25
282	2970	0.25
285	2970	0.5
1169	2970	0.25
1170	2970	0.25
1171	2970	0.5
1769	2970	0.125
1770	2970	0.125
1771	2970	0.125
2369	2970	0.125
2370	2970	0.125
2371	2970	0.125
2969	2970	0.5
281	2971	0.25
282	2971	0.25
285	2971	0.5
1169	2971	0.25
1170	2971	0.25
1171	2971	0.5
1769	2971	0.125
1770	2971	0.125
1771	2971	0.125
2369	2971	0.125
2370	2971	0.125
2371	2971	0.125
2969	2971	0.5
2970	2971	0.5
286	2972	0.25
287	2972	0.25
290	2972	0.5
1172	2972	0.25
1173	2972	0.25
1174	2972	0.5
1772	2972	0.125
1773	2972	0.125
1774	2972	0.125
2372	2972	0.125
2373	2972	0.125
2374	2972	0.125
286	2973	0.25
287	2973	0.25
290	2973	0.5
1172	2973	0.25
1173	2973	0.25
1174	2973	0.5
1772	2973	0.125
1773	2973	0.125
1774	2973	0.125
2372	2973	0.125
2373	2973	0.125
2374	2973	0.125
2972	2973	0.5
286	2974	0.25
287	2974	0.25
290	2974	0.5
1172	2974	0.25
1173	2974	0.25
1174	2974	0.5
1772	2974	0.125
1773	2974	0.125
1774	2974	0.125
2372	2974	0.125
2373	2974	0.125
2374	2974	0.125
2972	2974	0.5
2973	2974	0.5
291	2975	0.25
292	2975	0.25
295	2975	0.5
1175	2975	0.25
1176	2975	0.25
1177	2975	0.5
1775	2975	0.125
1776	2975	0.125
1777	2975	0.125
2375	2975	0.125
2376	2975	0.125
2377	2975	0.125
291	2976	0.25
292	2976	0.25
295	2976	0.5
1175	2976	0.25
1176	2976	0.25
1177	2976	0.5
1775	2976	0.125
1776	2976	0.125
1777	2976	0.125
2375	2976	0.125
2376	2976	0.125
2377	2976	0.125
2975	2976	0.5
291	2977	0.25
292	2977	0.25
295	2977	0.5
1175	2977	0.25
1176	2977	0.25
1177	2977	0.5
1775	2977	0.125
1776	2977	0.125
1777	2977	0.125
2375	2977	0.125
2376	2977	0.125
2377	2977	0.125
2975	2977	0.5
2976	2977	0.5
296	2978	0.25
297	2978	0.25
300	2978	0.5
1178	2978	0.25
1179	2978	0.25
1180	2978	0.5
1778	2978	0.125
1779	2978	0.125
1780	2978	0.125
2378	2978	0.125
2379	2978	0.125
2380	2978	0.125
296	2979	0.25
297	2979	0.25
300	2979	0.5
1178	2979	0.25
1179	2979	0.25
1180	2979	0.5
1778	2979	0.125
1779	2979	0.125
1780	2979	0.125
2378	2979	0.125
2379	2979	0.125
2380	2979	0.125
2978	2979	0.5
296	2980	0.25
297	2980	0.25
300	2980	0.5
1178	2980	0.25
1179	2980	0.25
1180	2980	0.5
1778	2980	0.125
1779	2980	0.125
1780	2980	0.125
2378	2980	0.125
2379	2980	0.125
2380	2980	0.125
2978	2980	0.5
2979	2980	0.5
301	2981	0.25
302	2981	0.25
305	2981	0.5
1181	2981	0.25
1182	2981	0.25
1183	2981	0.5
1781	2981	0.125
1782	2981	0.125
1783	2981	0.125
2381	2981	0.125
2382	2981	0.125
2383	2981	0.125
301	2982	0.25
302	2982	0.25
305	2982	0.5
1181	2982	0.25
1182	2982	0.25
1183	2982	0.5
1781	2982	0.125
1782	2982	0.125
1783	2982	0.125
2381	2982	0.125
2382	2982	0.125
2383	2982	0.125
2981	2982	0.5
301	2983	0.25
302	2983	0.25
305	2983	0.5
1181	2983	0.25
1182	2983	0.25
1183	2983	0.5
1781	2983	0.125
1782	2983	0.125
1783	2983	0.125
2381	2983	0.125
2382	2983	0.125
2383	2983	0.125
2981	2983	0.5
2982	2983	0.5
306	2984	0.25
307	2984	0.25
310	2984	0.5
1184	2984	0.25
1185	2984	0.25
1186	2984	0.5
1784	2984	0.125
1785	2984	0.125
1786	2984	0.125
2384	2984	0.125
2385	2984	0.125
2386	2984	0.125
306	2985	0.25
307	2985	0.25
310	2985	0.5
1184	2985	0.25
1185	2985	0.25
1186	2985	0.5
1784	2985	0.125
1785	2985	0.125
1786	2985	0.125
2384	2985	0.125
2385	2985	0.125
2386	2985	0.125
2984	2985	0.5
306	2986	0.25
307	2986	0.25
310	2986	0.5
1184	2986	0.25
1185	2986	0.25
1186	2986	0.5
1784	2986	0.125
1785	2986	0.125
1786	2986	0.125
2384	2986	0.125
2385	2986	0.125
2386	2986	0.125
2984	2986	0.5
2985	2986	0.5
311	2987	0.25
312	2987	0.25
315	2987	0.5
1187	2987	0.25
1188	2987	0.25
1189	2987	0.5
1787	2987	0.125
1788	2987	0.125
1789	2987	0.125
2387	2987	0.125
2388	2987	0.125
2389	2987	0.125
311	2988	0.25
312	2988	0.25
315	2988	0.5
1187	2988	0.25
1188	2988	0.25
1189	2988	0.5
1787	2988	0.125
1788	2988	0.125
1789	2988	0.125
2387	2988	0.125
2388	2988	0.125
2389	2988	0.125
2987	2988	0.5
311	2989	0.25
312	2989	0.25
315	2989	0.5
1187	2989	0.25
1188	2989	0.25
1189	2989	0.5
1787	2989	0.125
1788	2989	0.125
1789	2989	0.125
2387	2989	0.125
2388	2989	0.125
2389	2989	0.125
2987	2989	0.5
2988	2989	0.5
316	2990	0.25
317	2990	0.25
320	2990	0.5
1190	2990	0.25
1191	2990	0.25
1192	2990	0.5
1790	2990	0.125
1791	2990	0.125
1792	2990	0.125
2390	2990	0.125
2391	2990	0.125
2392	2990	0.125
316	2991	0.25
317	2991	0.25
320	2991	0.5
1190	2991	0.25
1191	2991	0.25
1192	2991	0.5
1790	2991	0.125
1791	2991	0.125
1792	2991	0.125
2390	2991	0.125
2391	2991	0.125
2392	2991	0.125
2990	2991	0.5
316	2992	0.25
317	2992	0.25
320	2992	0.5
1190	2992	0.25
1191	2992	0.25
1192	2992	0.5
1790	2992	0.125
1791	2992	0.125
1792	2992	0.125
2390	2992	0.125
2391	2992	0.125
2392	2992	0.125
2990	2992	0.5
2991	2992	0.5
321	2993	0.25
322	2993	0.25
325	2993	0.5
1193	2993	0.25
1194	2993	0.25
1195	2993	0.5
1793	2993	0.125
1794	2993	0.125
1795	2993	0.125
2393	2993	0.125
2394	2993	0.125
2395	2993	0.125
321	2994	0.25
322	2994	0.25
325	2994	0.5
1193	2994	0.25
1194	2994	0.25
1195	2994	0.5
1793	2994	0.125
1794	2994	0.125
1795	2994	0.125
2393	2994	0.125
2394	2994	0.125
2395	2994	0.125
2993	2994	0.5
321	2995	0.25
322	2995	0.25
325	2995	0.5
1193	2995	0.25
1194	2995	0.25
1195	2995	0.5
1793	2995	0.125
1794	2995	0.125
1795	2995	0.125
2393	2995	0.125
2394	2995	0.125
2395	2995	0.125
2993	2995	0.5
2994	2995	0.5
326	2996	0.25
327	2996	0.25
330	2996	0.5
1196	2996	0.25
1197	2996	0.25
1198	2996	0.5
1796	2996	0.125
1797	2996	0.125
1798	2996	0.125
2396	2996	0.125
2397	2996	0.125
2398	2996	0.125
326	2997	0.25
327	2997	0.25
330	2997	0.5
1196	2997	0.25
1197	2997	0.25
1198	2997	0.5
1796	2997	0.125
1797	2997	0.125
1798	2997	0.125
2396	2997	0.125
2397	2997	0.125
2398	2997	0.125
2996	2997	0.5
326	2998	0.25
327	2998	0.25
330	2998	0.5
1196	2998	0.25
1197	2998	0.25
1198	2998	0.5
1796	2998	0.125
1797	2998	0.125
1798	2998	0.125
2396	2998	0.125
2397	2998	0.125
2398	2998	0.125
2996	2998	0.5
2997	2998	0.5
331	2999	0.25
332	2999	0.25
335	2999	0.5
1199	2999	0.25
1200	2999	0.25
1201	2999	0.5
1799	2999	0.125
1800	2999	0.125
1801	2999	0.125
2399	2999	0.125
2400	2999	0.125
2401	2999	0.125
331	3000	0.25
332	3000	0.25
335	3000	0.5
1199	3000	0.25
1200	3000	0.25
1201	3000	0.5
1799	3000	0.125
1800	3000	0.125
1801	3000	0.125
2399	3000	0.125
2400	3000	0.125
2401	3000	0.125
2999	3000	0.5
331	3001	0.25
332	3001	0.25
335	3001	0.5
1199	3001	0.25
1200	3001	0.25
1201	3001	0.5
1799	3001	0.125
1800	3001	0.125
1801	3001	0.125
2399	3001	0.125
2400	3001	0.125
2401	3001	0.125
2999	3001	0.5
3000	3001	0.5
336	3002	0.25
337	3002	0.25
340	3002	0.5
1202	3002	0.25
1203	3002	0.25
1204	3002	0.5
1802	3002	0.125
1803	3002	0.125
1804	3002	0.125
2402	3002	0.125
2403	3002	0.125
2404	3002	0.125
336	3003	0.25
337	3003	0.25
340	3003	0.5
1202	3003	0.25
1203	3003	0.25
1204	3003	0.5
1802	3003	0.125
1803	3003	0.125
1804	3003	0.125
2402	3003	0.125
2403	3003	0.125
2404	3003	0.125
3002	3003	0.5
336	3004	0.25
337	3004	0.25
340	3004	0.5
1202	3004	0.25
1203	3004	0.25
1204	3004	0.5
1802	3004	0.125
1803	3004	0.125
1804	3004	0.125
2402	3004	0.125
2403	3004	0.125
2404	3004	0.125
3002	3004	0.5
3003	3004	0.5
341	3005	0.25
342	3005	0.25
345	3005	0.5
1205	3005	0.25
1206	3005	0.25
1207	3005	0.5
1805	3005	0.125
1806	3005	0.125
1807	3005	0.125
2405	3005	0.125
2406	3005	0.125
2407	3005	0.125
341	3006	0.25
342	3006	0.25
345	3006	0.5
1205	3006	0.25
1206	3006	0.25
1207	3006	0.5
1805	3006	0.125
1806	3006	0.125
1807	3006	0.125
2405	3006	0.125
2406	3006	0.125
2407	3006	0.125
3005	3006	0.5
341	3007	0.25
342	3007	0.25
345	3007	0.5
1205	3007	0.25
1206	3007	0.25
1207	3007	0.5
1805	3007	0.125
1806	3007	0.125
1807	3007	0.125
2405	3007	0.125
2406	3007	0.125
2407	3007	0.125
3005	3007	0.5
3006	3007	0.5
346	3008	0.25
347	3008	0.25
350	3008	0.5
1208	3008	0.25
1209	3008	0.25
1210	3008	0.5
1808	3008	0.125
1809	3008	0.125
1810	3008	0.125
2408	3008	0.125
2409	3008	0.125
2410	3008	0.125
346	3009	0.25
347	3009	0.25
350	3009	0.5
1208	3009	0.25
1209	3009	0.25
1210	3009	0.5
1808	3009	0.125
1809	3009	0.125
1810	3009	0.125
2408	3009	0.125
2409	3009	0.125
2410	3009	0.125
3008	3009	0.5
346	3010	0.25
347	3010	0.25
350	3010	0.5
1208	3010	0.25
1209	3010	0.25
1210	3010	0.5
1808	3010	0.125
1809	3010	0.125
1810	3010	0.125
2408	3010	0.125
2409	3010	0.125
2410	3010	0.125
3008	3010	0.5
3009	3010	0.5
351	3011	0.25
352	3011	0.25
355	3011	0.5
1211	3011	0.25
1212	3011	0.25
1213	3011	0.5
1811	3011	0.125
1812	3011	0.125
1813	3011	0.125
2411	3011	0.125
2412	3011	0.125
2413	3011	0.125
351	3012	0.25
352	3012	0.25
355	3012	0.5
1211	3012	0.25
1212	3012	0.25
1213	3012	0.5
1811	3012	0.125
1812	3012	0.125
1813	3012	0.125
2411	3012	0.125
2412	3012	0.125
2413	3012	0.125
3011	3012	0.5
351	3013	0.25
352	3013	0.25
355	3013	0.5
1211	3013	0.25
1212	3013	0.25
1213	3013	0.5
1811	3013	0.125
1812	3013	0.125
1813	3013	0.125
2411	3013	0.125
2412	3013	0.125
2413	3013	0.125
3011	3013	0.5
3012	3013	0.5
356	3014	0.25
357	3014	0.25
360	3014	0.5
1214	3014	0.25
1215	3014	0.25
1216	3014	0.5
1814	3014	0.125
1815	3014	0.125
1816	3014	0.125
2414	3014	0.125
2415	3014	0.125
2416	3014	0.125
356	3015	0.25
357	3015	0.25
360	3015	0.5
1214	3015	0.25
1215	3015	0.25
1216	3015	0.5
1814	3015	0.125
1815	3015	0.125
1816	3015	0.125
2414	3015	0.125
2415	3015	0.125
2416	3015	0.125
3014	3015	0.5
356	3016	0.25
357	3016	0.25
360	3016	0.5
1214	3016	0.25
1215	3016	0.25
1216	3016	0.5
1814	3016	0.125
1815	3016	0.125
1816	3016	0.125
2414	3016	0.125
2415	3016	0.125
2416	3016	0.125
3014	3016	0.5
3015	3016	0.5
361	3017	0.25
362	3017	0.25
365	3017	0.5
1217	3017	0.25
1218	3017	0.25
1219	3017	0.5
1817	3017	0.125
1818	3017	0.125
1819	3017	0.125
2417	3017	0.125
2418	3017	0.125
2419	3017	0.125
361	3018	0.25
362	3018	0.25
365	3018	0.5
1217	3018	0.25
1218	3018	0.25
1219	3018	0.5
1817	3018	0.125
1818	3018	0.125
1819	3018	0.125
2417	3018	0.125
2418	3018	0.125
2419	3018	0.125
3017	3018	0.5
361	3019	0.25
362	3019	0.25
365	3019	0.5
1217	3019	0.25
1218	3019	0.25
1219	3019	0.5
1817	3019	0.125
1818	3019	0.125
1819	3019	0.125
2417	3019	0.125
2418	3019	0.125
2419	3019	0.125
3017	3019	0.5
3018	3019	0.5
366	3020	0.25
367	3020	0.25
370	3020	0.5
1220	3020	0.25
1221	3020	0.25
1222	3020	0.5
1820	3020	0.125
1821	3020	0.125
1822	3020	0.125
2420	3020	0.125
2421	3020	0.125
2422	3020	0.125
366	3021	0.25
367	3021	0.25
370	3021	0.5
1220	3021	0.25
1221	3021	0.25
1222	3021	0.5
1820	3021	0.125
1821	3021	0.125
1822	3021	0.125
2420	3021	0.125
2421	3021	0.125
2422	3021	0.125
3020	3021	0.5
366	3022	0.25
367	3022	0.25
370	3022	0.5
1220	3022	0.25
1221	3022	0.25
1222	3022	0.5
1820	3022	0.125
1821	3022	0.125
1822	3022	0.125
2420	3022	0.125
2421	3022	0.125
2422	3022	0.125
3020	3022	0.5
3021	3022	0.5
371	3023	0.25
372	3023	0.25
375	3023	0.5
1223	3023	0.25
1224	3023	0.25
1225	3023	0.5
1823	3023	0.125
1824	3023	0.125
1825	3023	0.125
2423	3023	0.125
2424	3023	0.125
2425	3023	0.125
371	3024	0.25
372	3024	0.25
375	3024	0.5
1223	3024	0.25
1224	3024	0.25
1225	3024	0.5
1823	3024	0.125
1824	3024	0.125
1825	3024	0.125
2423	3024	0.125
2424	3024	0.125
2425	3024	0.125
3023	3024	0.5
371	3025	0.25
372	3025	0.25
375	3025	0.5
1223	3025	0.25
1224	3025	0.25
1225	3025	0.5
1823	3025	0.125
1824	3025	0.125
1825	3025	0.125
2423	3025	0.125
2424	3025	0.125
2425	3025	0.125
3023	3025	0.5
3024	3025	0.5
376	3026	0.25
377	3026	0.25
380	3026	0.5
1226	3026	0.25
1227	3026	0.25
1228	3026	0.5
1826	3026	0.125
1827	3026	0.125
1828	3026	0.125
2426	3026	0.125
2427	3026	0.125
2428	3026	0.125
376	3027	0.25
377	3027	0.25
380	3027	0.5
1226	3027	0.25
1227	3027	0.25
1228	3027	0.5
1826	3027	0.125
1827	3027	0.125
1828	3027	0.125
2426	3027	0.125
2427	3027	0.125
2428	3027	0.125
3026	3027	0.5
376	3028	0.25
377	3028	0.25
380	3028	0.5
1226	3028	0.25
1227	3028	0.25
1228	3028	0.5
1826	3028	0.125
1827	3028	0.125
1828	3028	0.125
2426	3028	0.125
2427	3028	0.125
2428	3028	0.125
3026	3028	0.5
3027	3028	0.5
381	3029	0.25
382	3029	0.25
385	3029	0.5
1229	3029	0.25
1230	3029	0.25
1231	3029	0.5
1829	3029	0.125
1830	3029	0.125
1831	3029	0.125
2429	3029	0.125
2430	3029	0.125
2431	3029	0.125
381	3030	0.25
382	3030	0.25
385	3030	0.5
1229	3030	0.25
1230	3030	0.25
1231	3030	0.5
1829	3030	0.125
1830	3030	0.125
1831	3030	0.125
2429	3030	0.125
2430	3030	0.125
2431	3030	0.125
3029	3030	0.5
381	3031	0.25
382	3031	0.25
385	3031	0.5
1229	3031	0.25
1230	3031	0.25
1231	3031	0.5
1829	3031	0.125
1830	3031	0.125
1831	3031	0.125
2429	3031	0.125
2430	3031	0.125
2431	3031	0.125
3029	3031	0.5
3030	3031	0.5
386	3032	0.25
387	3032	0.25
390	3032	0.5
1232	3032	0.25
1233	3032	0.25
1234	3032	0.5
1832	3032	0.125
1833	3032	0.125
1834	3032	0.125
2432	3032	0.125
2433	3032	0.125
2434	3032	0.125
386	3033	0.25
387	3033	0.25
390	3033	0.5
1232	3033	0.25
1233	3033	0.25
1234	3033	0.5
1832	3033	0.125
1833	3033	0.125
1834	3033	0.125
2432	3033	0.125
2433	3033	0.125
2434	3033	0.125
3032	3033	0.5
386	3034	0.25
387	3034	0.25
390	3034	0.5
1232	3034	0.25
1233	3034	0.25
1234	3034	0.5
1832	3034	0.125
1833	3034	0.125
1834	3034	0.125
2432	3034	0.125
2433	3034	0.125
2434	3034	0.125
3032	3034	0.5
3033	3034	0.5
391	3035	0.25
392	3035	0.25
395	3035	0.5
1235	3035	0.25
1236	3035	0.25
1237	3035	0.5
1835	3035	0.125
1836	3035	0.125
1837	3035	0.125
2435	3035	0.125
2436	3035	0.125
2437	3035	0.125
391	3036	0.25
392	3036	0.25
395	3036	0.5
1235	3036	0.25
1236	3036	0.25
1237	3036	0.5
1835	3036	0.125
1836	3036	0.125
1837	3036	0.125
2435	3036	0.125
2436	3036	0.125
2437	3036	0.125
3035	3036	0.5
391	3037	0.25
392	3037	0.25
395	3037	0.5
1235	3037	0.25
1236	3037	0.25
1237	3037	0.5
1835	3037	0.125
1836	3037	0.125
1837	3037	0.125
2435	3037	0.125
2436	3037	0.125
2437	3037	0.125
3035	3037	0.5
3036	3037	0.5
396	3038	0.25
397	3038	0.25
400	3038	0.5
1238	3038	0.25
1239	3038	0.25
1240	3038	0.5
1838	3038	0.125
1839	3038	0.125
1840	3038	0.125
2438	3038	0.125
2439	3038	0.125
2440	3038	0.125
396	3039	0.25
397	3039	0.25
400	3039	0.5
1238	3039	0.25
1239	3039	0.25
1240	3039	0.5
1838	3039	0.125
1839	3039	0.125
1840	3039	0.125
2438	3039	0.125
2439	3039	0.125
2440	3039	0.125
3038	3039	0.5
396	3040	0.25
397	3040	0.25
400	3040	0.5
1238	3040	0.25
1239	3040	0.25
1240	3040	0.5
1838	3040	0.125
1839	3040	0.125
1840	3040	0.125
2438	3040	0.125
2439	3040	0.125
2440	3040	0.125
3038	3040	0.5
3039	3040	0.5
401	3041	0.25
402	3041	0.25
405	3041	0.5
1241	3041	0.25
1242	3041	0.25
1243	3041	0.5
1841	3041	0.125
1842	3041	0.125
1843	3041	0.125
2441	3041	0.125
2442	3041	0.125
2443	3041	0.125
401	3042	0.25
402	3042	0.25
405	3042	0.5
1241	3042	0.25
1242	3042	0.25
1243	3042	0.5
1841	3042	0.125
1842	3042	0.125
1843	3042	0.125
2441	3042	0.125
2442	3042	0.125
2443	3042	0.125
3041	3042	0.5
401	3043	0.25
402	3043	0.25
405	3043	0.5
1241	3043	0.25
1242	3043	0.25
1243	3043	0.5
1841	3043	0.125
1842	3043	0.125
1843	3043	0.125
2441	3043	0.125
2442	3043	0.125
2443	3043	0.125
3041	3043	0.5
3042	3043	0.5
406	3044	0.25
407	3044	0.25
410	3044	0.5
1244	3044	0.25
1245	3044	0.25
1246	3044	0.5
1844	3044	0.125
1845	3044	0.125
1846	3044	0.125
2444	3044	0.125
2445	3044	0.125
2446	3044	0.125
406	3045	0.25
407	3045	0.25
410	3045	0.5
1244	3045	0.25
1245	3045	0.25
1246	3045	0.5
1844	3045	0.125
1845	3045	0.125
1846	3045	0.125
2444	3045	0.125
2445	3045	0.125
2446	3045	0.125
3044	3045	0.5
406	3046	0.25
407	3046	0.25
410	3046	0.5
1244	3046	0.25
1245	3046	0.25
1246	3046	0.5
1844	3046	0.125
1845	3046	0.125
1846	3046	0.125
2444	3046	0.125
2445	3046	0.125
2446	3046	0.125
3044	3046	0.5
3045	3046	0.5
411	3047	0.25
412	3047	0.25
415	3047	0.5
1247	3047	0.25
1248	3047	0.25
1249	3047	0.5
1847	3047	0.125
1848	3047	0.125
1849	3047	0.125
2447	3047	0.125
2448	3047	0.125
2449	3047	0.125
411	3048	0.25
412	3048	0.25
415	3048	0.5
1247	3048	0.25
1248	3048	0.25
1249	3048	0.5
1847	3048	0.125
1848	3048	0.125
1849	3048	0.125
2447	3048	0.125
2448	3048	0.125
2449	3048	0.125
3047	3048	0.5
411	3049	0.25
412	3049	0.25
415	3049	0.5
1247	3049	0.25
1248	3049	0.25
1249	3049	0.5
1847	3049	0.125
1848	3049	0.125
1849	3049	0.125
2447	3049	0.125
2448	3049	0.125
2449	3049	0.125
3047	3049	0.5
3048	3049	0.5
416	3050	0.25
417	3050	0.25
420	3050	0.5
1250	3050	0.25
1251	3050	0.25
1252	3050	0.5
1850	3050	0.125
1851	3050	0.125
1852	3050	0.125
2450	3050	0.125
2451	3050	0.125
2452	3050	0.125
416	3051	0.25
417	3051	0.25
420	3051	0.5
1250	3051	0.25
1251	3051	0.25
1252	3051	0.5
1850	3051	0.125
1851	3051	0.125
1852	3051	0.125
2450	3051	0.125
2451	3051	0.125
2452	3051	0.125
3050	3051	0.5
416	3052	0.25
417	3052	0.25
420	3052	0.5
1250	3052	0.25
1251	3052	0.25
1252	3052	0.5
1850	3052	0.125
1851	3052	0.125
1852	3052	0.125
2450	3052	0.125
2451	3052	0.125
2452	3052	0.125
3050	3052	0.5
3051	3052	0.5
421	3053	0.25
422	3053	0.25
425	3053	0.5
1253	3053	0.25
1254	3053	0.25
1255	3053	0.5
1853	3053	0.125
1854	3053	0.125
1855	3053	0.125
2453	3053	0.125
2454	3053	0.125
2455	3053	0.125
421	3054	0.25
422	3054	0.25
425	3054	0.5
1253	3054	0.25
1254	3054	0.25
1255	3054	0.5
1853	3054	0.125
1854	3054	0.125
1855	3054	0.125
2453	3054	0.125
2454	3054	0.125
2455	3054	0.125
3053	3054	0.5
421	3055	0.25
422	3055	0.25
425	3055	0.5
1253	3055	0.25
1254	3055	0.25
1255	3055	0.5
1853	3055	0.125
1854	3055	0.125
1855	3055	0.125
2453	3055	0.125
2454	3055	0.125
2455	3055	0.125
3053	3055	0.5
3054	3055	0.5
426	3056	0.25
427	3056	0.25
430	3056	0.5
1256	3056	0.25
1257	3056	0.25
1258	3056	0.5
1856	3056	0.125
1857	3056	0.125
1858	3056	0.125
2456	3056	0.125
2457	3056	0.125
2458	3056	0.125
426	3057	0.25
427	3057	0.25
430	3057	0.5
1256	3057	0.25
1257	3057	0.25
1258	3057	0.5
1856	3057	0.125
1857	3057	0.125
1858	3057	0.125
2456	3057	0.125
2457	3057	0.125
2458	3057	0.125
3056	3057	0.5
426	3058	0.25
427	3058	0.25
430	3058	0.5
1256	3058	0.25
1257	3058	0.25
1258	3058	0.5
1856	3058	0.125
1857	3058	0.125
1858	3058	0.125
2456	3058	0.125
2457	3058	0.125
2458	3058	0.125
3056	3058	0.5
3057	3058	0.5
431	3059	0.25
432	3059	0.25
435	3059	0.5
1259	3059	0.25
1260	3059	0.25
1261	3059	0.5
1859	3059	0.125
1860	3059	0.125
1861	3059	0.125
2459	3059	0.125
2460	3059	0.125
2461	3059	0.125
431	3060	0.25
432	3060	0.25
435	3060	0.5
1259	3060	0.25
1260	3060	0.25
1261	3060	0.5
1859	3060	0.125
1860	3060	0.125
1861	3060	0.125
2459	3060	0.125
2460	3060	0.125
2461	3060	0.125
3059	3060	0.5
431	3061	0.25
432	3061	0.25
435	3061	0.5
1259	3061	0.25
1260	3061	0.25
1261	3061	0.5
1859	3061	0.125
1860	3061	0.125
1861	3061	0.125
2459	3061	0.125
2460	3061	0.125
2461	3061	0.125
3059	3061	0.5
3060	3061	0.5
436	3062	0.25
437	3062	0.25
440	3062	0.5
1262	3062	0.25
1263	3062	0.25
1264	3062	0.5
1862	3062	0.125
1863	3062	0.125
1864	3062	0.125
2462	3062	0.125
2463	3062	0.125
2464	3062	0.125
436	3063	0.25
437	3063	0.25
440	3063	0.5
1262	3063	0.25
1263	3063	0.25
1264	3063	0.5
1862	3063	0.125
1863	3063	0.125
1864	3063	0.125
2462	3063	0.125
2463	3063	0.125
2464	3063	0.125
3062	3063	0.5
436	3064	0.25
437	3064	0.25
440	3064	0.5
1262	3064	0.25
1263	3064	0.25
1264	3064	0.5
1862	3064	0.125
1863	3064	0.125
1864	3064	0.125
2462	3064	0.125
2463	3064	0.125
2464	3064	0.125
3062	3064	0.5
3063	3064	0.5
441	3065	0.25
442	3065	0.25
445	3065	0.5
1265	3065	0.25
1266	3065	0.25
1267	3065	0.5
1865	3065	0.125
1866	3065	0.125
1867	3065	0.125
2465	3065	0.125
2466	3065	0.125
2467	3065	0.125
441	3066	0.25
442	3066	0.25
445	3066	0.5
1265	3066	0.25
1266	3066	0.25
1267	3066	0.5
1865	3066	0.125
1866	3066	0.125
1867	3066	0.125
2465	3066	0.125
2466	3066	0.125
2467	3066	0.125
3065	3066	0.5
441	3067	0.25
442	3067	0.25
445	3067	0.5
1265	3067	0.25
1266	3067	0.25
1267	3067	0.5
1865	3067	0.125
1866	3067	0.125
1867	3067	0.125
2465	3067	0.125
2466	3067	0.125
2467	3067	0.125
3065	3067	0.5
3066	3067	0.5
446	3068	0.25
447	3068	0.25
450	3068	0.5
1268	3068	0.25
1269	3068	0.25
1270	3068	0.5
1868	3068	0.125
1869	3068	0.125
1870	3068	0.125
2468	3068	0.125
2469	3068	0.125
2470	3068	0.125
446	3069	0.25
447	3069	0.25
450	3069	0.5
1268	3069	0.25
1269	3069	0.25
1270	3069	0.5
1868	3069	0.125
1869	3069	0.125
1870	3069	0.125
2468	3069	0.125
2469	3069	0.125
2470	3069	0.125
3068	3069	0.5
446	3070	0.25
447	3070	0.25
450	3070	0.5
1268	3070	0.25
1269	3070	0.25
1270	3070	0.5
1868	3070	0.125
1869	3070	0.125
1870	3070	0.125
2468	3070	0.125
2469	3070	0.125
2470	3070	0.125
3068	3070	0.5
3069	3070	0.5
451	3071	0.25
452	3071	0.25
455	3071	0.5
1271	3071	0.25
1272	3071	0.25
1273	3071	0.5
1871	3071	0.125
1872	3071	0.125
1873	3071	0.125
2471	3071	0.125
2472	3071	0.125
2473	3071	0.125
451	3072	0.25
452	3072	0.25
455	3072	0.5
1271	3072	0.25
1272	3072	0.25
1273	3072	0.5
1871	3072	0.125
1872	3072	0.125
1873	3072	0.125
2471	3072	0.125
2472	3072	0.125
2473	3072	0.125
3071	3072	0.5
451	3073	0.25
452	3073	0.25
455	3073	0.5
1271	3073	0.25
1272	3073	0.25
1273	3073	0.5
1871	3073	0.125
1872	3073	0.125
1873	3073	0.125
2471	3073	0.125
2472	3073	0.125
2473	3073	0.125
3071	3073	0.5
3072	3073	0.5
456	3074	0.25
457	3074	0.25
460	3074	0.5
1274	3074	0.25
1275	3074	0.25
1276	3074	0.5
1874	3074	0.125
1875	3074	0.125
1876	3074	0.125
2474	3074	0.125
2475	3074	0.125
2476	3074	0.125
456	3075	0.25
457	3075	0.25
460	3075	0.5
1274	3075	0.25
1275	3075	0.25
1276	3075	0.5
1874	3075	0.125
1875	3075	0.125
1876	3075	0.125
2474	3075	0.125
2475	3075	0.125
2476	3075	0.125
3074	3075	0.5
456	3076	0.25
457	3076	0.25
460	3076	0.5
1274	3076	0.25
1275	3076	0.25
1276	3076	0.5
1874	3076	0.125
1875	3076	0.125
1876	3076	0.125
2474	3076	0.125
2475	3076	0.125
2476	3076	0.125
3074	3076	0.5
3075	3076	0.5
461	3077	0.25
462	3077	0.25
465	3077	0.5
1277	3077	0.25
1278	3077	0.25
1279	3077	0.5
1877	3077	0.125
1878	3077	0.125
1879	3077	0.125
2477	3077	0.125
2478	3077	0.125
2479	3077	0.125
461	3078	0.25
462	3078	0.25
465	3078	0.5
1277	3078	0.25
1278	3078	0.25
1279	3078	0.5
1877	3078	0.125
1878	3078	0.125
1879	3078	0.125
2477	3078	0.125
2478	3078	0.125
2479	3078	0.125
3077	3078	0.5
461	3079	0.25
462	3079	0.25
465	3079	0.5
1277	3079	0.25
1278	3079	0.25
1279	3079	0.5
1877	3079	0.125
1878	3079	0.125
1879	3079	0.125
2477	3079	0.125
2478	3079	0.125
2479	3079	0.125
3077	3079	0.5
3078	3079	0.5
466	3080	0.25
467	3080	0.25
470	3080	0.5
1280	3080	0.25
1281	3080	0.25
1282	3080	0.5
1880	3080	0.125
1881	3080	0.125
1882	3080	0.125
2480	3080	0.125
2481	3080	0.125
2482	3080	0.125
466	3081	0.25
467	3081	0.25
470	3081	0.5
1280	3081	0.25
1281	3081	0.25
1282	3081	0.5
1880	3081	0.125
1881	3081	0.125
1882	3081	0.125
2480	3081	0.125
2481	3081	0.125
2482	3081	0.125
3080	3081	0.5
466	3082	0.25
467	3082	0.25
470	3082	0.5
1280	3082	0.25
1281	3082	0.25
1282	3082	0.5
1880	3082	0.125
1881	3082	0.125
1882	3082	0.125
2480	3082	0.125
2481	3082	0.125
2482	3082	0.125
3080	3082	0.5
3081	3082	0.5
471	3083	0.25
472	3083	0.25
475	3083	0.5
1283	3083	0.25
1284	3083	0.25
1285	3083	0.5
1883	3083	0.125
1884	3083	0.125
1885	3083	0.125
2483	3083	0.125
2484	3083	0.125
2485	3083	0.125
471	3084	0.25
472	3084	0.25
475	3084	0.5
1283	3084	0.25
1284	3084	0.25
1285	3084	0.5
1883	3084	0.125
1884	3084	0.125
1885	3084	0.125
2483	3084	0.125
2484	3084	0.125
2485	3084	0.125
3083	3084	0.5
471	3085	0.25
472	3085	0.25
475	3085	0.5
1283	3085	0.25
1284	3085	0.25
1285	3085	0.5
1883	3085	0.125
1884	3085	0.125
1885	3085	0.125
2483	3085	0.125
2484	3085	0.125
2485	3085	0.125
3083	3085	0.5
3084	3085	0.5
476	3086	0.25
477	3086	0.25
480	3086	0.5
1286	3086	0.25
1287	3086	0.25
1288	3086	0.5
1886	3086	0.125
1887	3086	0.125
1888	3086	0.125
2486	3086	0.125
2487	3086	0.125
2488	3086	0.125
476	3087	0.25
477	3087	0.25
480	3087	0.5
1286	3087	0.25
1287	3087	0.25
1288	3087	0.5
1886	3087	0.125
1887	3087	0.125
1888	3087	0.125
2486	3087	0.125
2487	3087	0.125
2488	3087	0.125
3086	3087	0.5
476	3088	0.25
477	3088	0.25
480	3088	0.5
1286	3088	0.25
1287	3088	0.25
1288	3088	0.5
1886	3088	0.125
1887	3088	0.125
1888	3088	0.125
2486	3088	0.125
2487	3088	0.125
2488	3088	0.125
3086	3088	0.5
3087	3088	0.5
481	3089	0.25
482	3089	0.25
485	3089	0.5
1289	3089	0.25
1290	3089	0.25
1291	3089	0.5
1889	3089	0.125
1890	3089	0.125
1891	3089	0.125
2489	3089	0.125
2490	3089	0.125
2491	3089	0.125
481	3090	0.25
482	3090	0.25
485	3090	0.5
1289	3090	0.25
1290	3090	0.25
1291	3090	0.5
1889	3090	0.125
1890	3090	0.125
1891	3090	0.125
2489	3090	0.125
2490	3090	0.125
2491	3090	0.125
3089	3090	0.5
481	3091	0.25
482	3091	0.25
485	3091	0.5
1289	3091	0.25
1290	3091	0.25
1291	3091	0.5
1889	3091	0.125
1890	3091	0.125
1891	3091	0.125
2489	3091	0.125
2490	3091	0.125
2491	3091	0.125
3089	3091	0.5
3090	3091	0.5
486	3092	0.25
487	3092	0.25
490	3092	0.5
1292	3092	0.25
1293	3092	0.25
1294	3092	0.5
1892	3092	0.125
1893	3092	0.125
1894	3092	0.125
2492	3092	0.125
2493	3092	0.125
2494	3092	0.125
486	3093	0.25
487	3093	0.25
490	3093	0.5
1292	3093	0.25
1293	3093	0.25
1294	3093	0.5
1892	3093	0.125
1893	3093	0.125
1894	3093	0.125
2492	3093	0.125
2493	3093	0.125
2494	3093	0.125
3092	3093	0.5
486	3094	0.25
487	3094	0.25
490	3094	0.5
1292	3094	0.25
1293	3094	0.25
1294	3094	0.5
1892	3094	0.125
1893	3094	0.125
1894	3094	0.125
2492	3094	0.125
2493	3094	0.125
2494	3094	0.125
3092	3094	0.5
3093	3094	0.5
491	3095	0.25
492	3095	0.25
495	3095	0.5
1295	3095	0.25
1296	3095	0.25
1297	3095	0.5
1895	3095	0.125
1896	3095	0.125
1897	3095	0.125
2495	3095	0.125
2496	3095	0.125
2497	3095	0.125
491	3096	0.25
492	3096	0.25
495	3096	0.5
1295	3096	0.25
1296	3096	0.25
1297	3096	0.5
1895	3096	0.125
1896	3096	0.125
1897	3096	0.125
2495	3096	0.125
2496	3096	0.125
2497	3096	0.125
3095	3096	0.5
491	3097	0.25
492	3097	0.25
495	3097	0.5
1295	3097	0.25
1296	3097	0.25
1297	3097	0.5
1895	3097	0.125
1896	3097	0.125
1897	3097	0.125
2495	3097	0.125
2496	3097	0.125
2497	3097	0.125
3095	3097	0.5
3096	3097	0.5
496	3098	0.25
497	3098	0.25
500	3098	0.5
1298	3098	0.25
1299	3098	0.25
1300	3098	0.5
1898	3098	0.125
1899	3098	0.125
1900	3098	0.125
2498	3098	0.125
2499	3098	0.125
2500	3098	0.125
496	3099	0.25
497	3099	0.25
500	3099	0.5
1298	3099	0.25
1299	3099	0.25
1300	3099	0.5
1898	3099	0.125
1899	3099	0.125
1900	3099	0.125
2498	3099	0.125
2499	3099	0.125
2500	3099	0.125
3098	3099	0.5
496	3100	0.25
497	3100	0.25
500	3100	0.5
1298	3100	0.25
1299	3100	0.25
1300	3100	0.5
1898	3100	0.125
1899	3100	0.125
1900	3100	0.125
2498	3100	0.125
2499	3100	0.125
2500	3100	0.125
3098	3100	0.5
3099	3100	0.5
501	3101	0.25
502	3101	0.25
505	3101	0.5
1301	3101	0.25
1302	3101	0.25
1303	3101	0.5
1901	3101	0.125
1902	3101	0.125
1903	3101	0.125
2501	3101	0.125
2502	3101	0.125
2503	3101	0.125
501	3102	0.25
502	3102	0.25
505	3102	0.5
1301	3102	0.25
1302	3102	0.25
1303	3102	0.5
1901	3102	0.125
1902	3102	0.125
1903	3102	0.125
2501	3102	0.125
2502	3102	0.125
2503	3102	0.125
3101	3102	0.5
501	3103	0.25
502	3103	0.25
505	3103	0.5
1301	3103	0.25
1302	3103	0.25
1303	3103	0.5
1901	3103	0.125
1902	3103	0.125
1903	3103	0.125
2501	3103	0.125
2502	3103	0.125
2503	3103	0.125
3101	3103	0.5
3102	3103	0.5
506	3104	0.25
507	3104	0.25
510	3104	0.5
1304	3104	0.25
1305	3104	0.25
1306	3104	0.5
1904	3104	0.125
1905	3104	0.125
1906	3104	0.125
2504	3104	0.125
2505	3104	0.125
2506	3104	0.125
506	3105	0.25
507	3105	0.25
510	3105	0.5
1304	3105	0.25
1305	3105	0.25
1306	3105	0.5
1904	3105	0.125
1905	3105	0.125
1906	3105	0.125
2504	3105	0.125
2505	3105	0.125
2506	3105	0.125
3104	3105	0.5
506	3106	0.25
507	3106	0.25
510	3106	0.5
1304	3106	0.25
1305	3106	0.25
1306	3106	0.5
1904	3106	0.125
1905	3106	0.125
1906	3106	0.125
2504	3106	0.125
2505	3106	0.125
2506	3106	0.125
3104	3106	0.5
3105	3106	0.5
511	3107	0.25
512	3107	0.25
515	3107	0.5
1307	3107	0.25
1308	3107	0.25
1309	3107	0.5
1907	3107	0.125
1908	3107	0.125
1909	3107	0.125
2507	3107	0.125
2508	3107	0.125
2509	3107	0.125
511	3108	0.25
512	3108	0.25
515	3108	0.5
1307	3108	0.25
1308	3108	0.25
1309	3108	0.5
1907	3108	0.125
1908	3108	0.125
1909	3108	0.125
2507	3108	0.125
2508	3108	0.125
2509	3108	0.125
3107	3108	0.5
511	3109	0.25
512	3109	0.25
515	3109	0.5
1307	3109	0.25
1308	3109	0.25
1309	3109	0.5
1907	3109	0.125
1908	3109	0.125
1909	3109	0.125
2507	3109	0.125
2508	3109	0.125
2509	3109	0.125
3107	3109	0.5
3108	3109	0.5
516	3110	0.25
517	3110	0.25
520	3110	0.5
1310	3110	0.25
1311	3110	0.25
1312	3110	0.5
1910	3110	0.125
1911	3110	0.125
1912	3110	0.125
2510	3110	0.125
2511	3110	0.125
2512	3110	0.125
516	3111	0.25
517	3111	0.25
520	3111	0.5
1310	3111	0.25
1311	3111	0.25
1312	3111	0.5
1910	3111	0.125
1911	3111	0.125
1912	3111	0.125
2510	3111	0.125
2511	3111	0.125
2512	3111	0.125
3110	3111	0.5
516	3112	0.25
517	3112	0.25
520	3112	0.5
1310	3112	0.25
1311	3112	0.25
1312	3112	0.5
1910	3112	0.125
1911	3112	0.125
1912	3112	0.125
2510	3112	0.125
2511	3112	0.125
2512	3112	0.125
3110	3112	0.5
3111	3112	0.5
521	3113	0.25
522	3113	0.25
525	3113	0.5
1313	3113	0.25
1314	3113	0.25
1315	3113	0.5
1913	3113	0.125
1914	3113	0.125
1915	3113	0.125
2513	3113	0.125
2514	3113	0.125
2515	3113	0.125
521	3114	0.25
522	3114	0.25
525	3114	0.5
1313	3114	0.25
1314	3114	0.25
1315	3114	0.5
1913	3114	0.125
1914	3114	0.125
1915	3114	0.125
2513	3114	0.125
2514	3114	0.125
2515	3114	0.125
3113	3114	0.5
521	3115	0.25
522	3115	0.25
525	3115	0.5
1313	3115	0.25
1314	3115	0.25
1315	3115	0.5
1913	3115	0.125
1914	3115	0.125
1915	3115	0.125
2513	3115	0.125
2514	3115	0.125
2515	3115	0.125
3113	3115	0.5
3114	3115	0.5
526	3116	0.25
527	3116	0.25
530	3116	0.5
1316	3116	0.25
1317	3116	0.25
1318	3116	0.5
1916	3116	0.125
1917	3116	0.125
1918	3116	0.125
2516	3116	0.125
2517	3116	0.125
2518	3116	0.125
526	3117	0.25
527	3117	0.25
530	3117	0.5
1316	3117	0.25
1317	3117	0.25
1318	3117	0.5
1916	3117	0.125
1917	3117	0.125
1918	3117	0.125
2516	3117	0.125
2517	3117	0.125
2518	3117	0.125
3116	3117	0.5
526	3118	0.25
527	3118	0.25
530	3118	0.5
1316	3118	0.25
1317	3118	0.25
1318	3118	0.5
1916	3118	0.125
1917	3118	0.125
1918	3118	0.125
2516	3118	0.125
2517	3118	0.125
2518	3118	0.125
3116	3118	0.5
3117	3118	0.5
531	3119	0.25
532	3119	0.25
535	3119	0.5
1319	3119	0.25
1320	3119	0.25
1321	3119	0.5
1919	3119	0.125
1920	3119	0.125
1921	3119	0.125
2519	3119	0.125
2520	3119	0.125
2521	3119	0.125
531	3120	0.25
532	3120	0.25
535	3120	0.5
1319	3120	0.25
1320	3120	0.25
1321	3120	0.5
1919	3120	0.125
1920	3120	0.125
1921	3120	0.125
2519	3120	0.125
2520	3120	0.125
2521	3120	0.125
3119	3120	0.5
531	3121	0.25
532	3121	0.25
535	3121	0.5
1319	3121	0.25
1320	3121	0.25
1321	3121	0.5
1919	3121	0.125
1920	3121	0.125
1921	3121	0.125
2519	3121	0.125
2520	3121	0.125
2521	3121	0.125
3119	3121	0.5
3120	3121	0.5
536	3122	0.25
537	3122	0.25
540	3122	0.5
1322	3122	0.25
1323	3122	0.25
1324	3122	0.5
1922	3122	0.125
1923	3122	0.125
1924	3122	0.125
2522	3122	0.125
2523	3122	0.125
2524	3122	0.125
536	3123	0.25
537	3123	0.25
540	3123	0.5
1322	3123	0.25
1323	3123	0.25
1324	3123	0.5
1922	3123	0.125
1923	3123	0.125
1924	3123	0.125
2522	3123	0.125
2523	3123	0.125
2524	3123	0.125
3122	3123	0.5
536	3124	0.25
537	3124	0.25
540	3124	0.5
1322	3124	0.25
1323	3124	0.25
1324	3124	0.5
1922	3124	0.125
1923	3124	0.125
1924	3124	0.125
2522	3124	0.125
2523	3124	0.125
2524	3124	0.125
3122	3124	0.5
3123	3124	0.5
541	3125	0.25
542	3125	0.25
545	3125	0.5
1325	3125	0.25
1326	3125	0.25
1327	3125	0.5
1925	3125	0.125
1926	3125	0.125
1927	3125	0.125
2525	3125	0.125
2526	3125	0.125
2527	3125	0.125
541	3126	0.25
542	3126	0.25
545	3126	0.5
1325	3126	0.25
1326	3126	0.25
1327	3126	0.5
1925	3126	0.125
1926	3126	0.125
1927	3126	0.125
2525	3126	0.125
2526	3126	0.125
2527	3126	0.125
3125	3126	0.5
541	3127	0.25
542	3127	0.25
545	3127	0.5
1325	3127	0.25
1326	3127	0.25
1327	3127	0.5
1925	3127	0.125
1926	3127	0.125
1927	3127	0.125
2525	3127	0.125
2526	3127	0.125
2527	3127	0.125
3125	3127	0.5
3126	3127	0.5
546	3128	0.25
547	3128	0.25
550	3128	0.5
1328	3128	0.25
1329	3128	0.25
1330	3128	0.5
1928	3128	0.125
1929	3128	0.125
1930	3128	0.125
2528	3128	0.125
2529	3128	0.125
2530	3128	0.125
546	3129	0.25
547	3129	0.25
550	3129	0.5
1328	3129	0.25
1329	3129	0.25
1330	3129	0.5
1928	3129	0.125
1929	3129	0.125
1930	3129	0.125
2528	3129	0.125
2529	3129	0.125
2530	3129	0.125
3128	3129	0.5
546	3130	0.25
547	3130	0.25
550	3130	0.5
1328	3130	0.25
1329	3130	0.25
1330	3130	0.5
1928	3130	0.125
1929	3130	0.125
1930	3130	0.125
2528	3130	0.125
2529	3130	0.125
2530	3130	0.125
3128	3130	0.5
3129	3130	0.5
551	3131	0.25
552	3131	0.25
555	3131	0.5
1331	3131	0.25
1332	3131	0.25
1333	3131	0.5
1931	3131	0.125
1932	3131	0.125
1933	3131	0.125
2531	3131	0.125
2532	3131	0.125
2533	3131	0.125
551	3132	0.25
552	3132	0.25
555	3132	0.5
1331	3132	0.25
1332	3132	0.25
1333	3132	0.5
1931	3132	0.125
1932	3132	0.125
1933	3132	0.125
2531	3132	0.125
2532	3132	0.125
2533	3132	0.125
3131	3132	0.5
551	3133	0.25
552	3133	0.25
555	3133	0.5
1331	3133	0.25
1332	3133	0.25
1333	3133	0.5
1931	3133	0.125
1932	3133	0.125
1933	3133	0.125
2531	3133	0.125
2532	3133	0.125
2533	3133	0.125
3131	3133	0.5
3132	3133	0.5
556	3134	0.25
557	3134	0.25
560	3134	0.5
1334	3134	0.25
1335	3134	0.25
1336	3134	0.5
1934	3134	0.125
1935	3134	0.125
1936	3134	0.125
2534	3134	0.125
2535	3134	0.125
2536	3134	0.125
556	3135	0.25
557	3135	0.25
560	3135	0.5
1334	3135	0.25
1335	3135	0.25
1336	3135	0.5
1934	3135	0.125
1935	3135	0.125
1936	3135	0.125
2534	3135	0.125
2535	3135	0.125
2536	3135	0.125
3134	3135	0.5
556	3136	0.25
557	3136	0.25
560	3136	0.5
1334	3136	0.25
1335	3136	0.25
1336	3136	0.5
1934	3136	0.125
1935	3136	0.125
1936	3136	0.125
2534	3136	0.125
2535	3136	0.125
2536	3136	0.125
3134	3136	0.5
3135	3136	0.5
561	3137	0.25
562	3137	0.25
565	3137	0.5
1337	3137	0.25
1338	3137	0.25
1339	3137	0.5
1937	3137	0.125
1938	3137	0.125
1939	3137	0.125
2537	3137	0.125
2538	3137	0.125
2539	3137	0.125
561	3138	0.25
562	3138	0.25
565	3138	0.5
1337	3138	0.25
1338	3138	0.25
1339	3138	0.5
1937	3138	0.125
1938	3138	0.125
1939	3138	0.125
2537	3138	0.125
2538	3138	0.125
2539	3138	0.125
3137	3138	0.5
561	3139	0.25
562	3139	0.25
565	3139	0.5
1337	3139	0.25
1338	3139	0.25
1339	3139	0.5
1937	3139	0.125
1938	3139	0.125
1939	3139	0.125
2537	3139	0.125
2538	3139	0.125
2539	3139	0.125
3137	3139	0.5
3138	3139	0.5
566	3140	0.25
567	3140	0.25
570	3140	0.5
1340	3140	0.25
1341	3140	0.25
1342	3140	0.5
1940	3140	0.125
1941	3140	0.125
1942	3140	0.125
2540	3140	0.125
2541	3140	0.125
2542	3140	0.125
566	3141	0.25
567	3141	0.25
570	3141	0.5
1340	3141	0.25
1341	3141	0.25
1342	3141	0.5
1940	3141	0.125
1941	3141	0.125
1942	3141	0.125
2540	3141	0.125
2541	3141	0.125
2542	3141	0.125
3140	3141	0.5
566	3142	0.25
567	3142	0.25
570	3142	0.5
1340	3142	0.25
1341	3142	0.25
1342	3142	0.5
1940	3142	0.125
1941	3142	0.125
1942	3142	0.125
2540	3142	0.125
2541	3142	0.125
2542	3142	0.125
3140	3142	0.5
3141	3142	0.5
571	3143	0.25
572	3143	0.25
575	3143	0.5
1343	3143	0.25
1344	3143	0.25
1345	3143	0.5
1943	3143	0.125
1944	3143	0.125
1945	3143	0.125
2543	3143	0.125
2544	3143	0.125
2545	3143	0.125
571	3144	0.25
572	3144	0.25
575	3144	0.5
1343	3144	0.25
1344	3144	0.25
1345	3144	0.5
1943	3144	0.125
1944	3144	0.125
1945	3144	0.125
2543	3144	0.125
2544	3144	0.125
2545	3144	0.125
3143	3144	0.5
571	3145	0.25
572	3145	0.25
575	3145	0.5
1343	3145	0.25
1344	3145	0.25
1345	3145	0.5
1943	3145	0.125
1944	3145	0.125
1945	3145	0.125
2543	3145	0.125
2544	3145	0.125
2545	3145	0.125
3143	3145	0.5
3144	3145	0.5
576	3146	0.25
577	3146	0.25
580	3146	0.5
1346	3146	0.25
1347	3146	0.25
1348	3146	0.5
1946	3146	0.125
1947	3146	0.125
1948	3146	0.125
2546	3146	0.125
2547	3146	0.125
2548	3146	0.125
576	3147	0.25
577	3147	0.25
580	3147	0.5
1346	3147	0.25
1347	3147	0.25
1348	3147	0.5
1946	3147	0.125
1947	3147	0.125
1948	3147	0.125
2546	3147	0.125
2547	3147	0.125
2548	3147	0.125
3146	3147	0.5
576	3148	0.25
577	3148	0.25
580	3148	0.5
1346	3148	0.25
1347	3148	0.25
1348	3148	0.5
1946	3148	0.125
1947	3148	0.125
1948	3148	0.125
2546	3148	0.125
2547	3148	0.125
2548	3148	0.125
3146	3148	0.5
3147	3148	0.5
581	3149	0.25
582	3149	0.25
585	3149	0.5
1349	3149	0.25
1350	3149	0.25
1351	3149	0.5
1949	3149	0.125
1950	3149	0.125
1951	3149	0.125
2549	3149	0.125
2550	3149	0.125
2551	3149	0.125
581	3150	0.25
582	3150	0.25
585	3150	0.5
1349	3150	0.25
1350	3150	0.25
1351	3150	0.5
1949	3150	0.125
1950	3150	0.125
1951	3150	0.125
2549	3150	0.125
2550	3150	0.125
2551	3150	0.125
3149	3150	0.5
581	3151	0.25
582	3151	0.25
585	3151	0.5
1349	3151	0.25
1350	3151	0.25
1351	3151	0.5
1949	3151	0.125
1950	3151	0.125
1951	3151	0.125
2549	3151	0.125
2550	3151	0.125
2551	3151	0.125
3149	3151	0.5
3150	3151	0.5
586	3152	0.25
587	3152	0.25
590	3152	0.5
1352	3152	0.25
1353	3152	0.25
1354	3152	0.5
1952	3152	0.125
1953	3152	0.125
1954	3152	0.125
2552	3152	0.125
2553	3152	0.125
2554	3152	0.125
586	3153	0.25
587	3153	0.25
590	3153	0.5
1352	3153	0.25
1353	3153	0.25
1354	3153	0.5
1952	3153	0.125
1953	3153	0.125
1954	3153	0.125
2552	3153	0.125
2553	3153	0.125
2554	3153	0.125
3152	3153	0.5
586	3154	0.25
587	3154	0.25
590	3154	0.5
1352	3154	0.25
1353	3154	0.25
1354	3154	0.5
1952	3154	0.125
1953	3154	0.125
1954	3154	0.125
2552	3154	0.125
2553	3154	0.125
2554	3154	0.125
3152	3154	0.5
3153	3154	0.5
591	3155	0.25
592	3155	0.25
595	3155	0.5
1355	3155	0.25
1356	3155	0.25
1357	3155	0.5
1955	3155	0.125
1956	3155	0.125
1957	3155	0.125
2555	3155	0.125
2556	3155	0.125
2557	3155	0.125
591	3156	0.25
592	3156	0.25
595	3156	0.5
1355	3156	0.25
1356	3156	0.25
1357	3156	0.5
1955	3156	0.125
1956	3156	0.125
1957	3156	0.125
2555	3156	0.125
2556	3156	0.125
2557	3156	0.125
3155	3156	0.5
591	3157	0.25
592	3157	0.25
595	3157	0.5
1355	3157	0.25
1356	3157	0.25
1357	3157	0.5
1955	3157	0.125
1956	3157	0.125
1957	3157	0.125
2555	3157	0.125
2556	3157	0.125
2557	3157	0.125
3155	3157	0.5
3156	3157	0.5
596	3158	0.25
597	3158	0.25
600	3158	0.5
1358	3158	0.25
1359	3158	0.25
1360	3158	0.5
1958	3158	0.125
1959	3158	0.125
1960	3158	0.125
2558	3158	0.125
2559	3158	0.125
2560	3158	0.125
596	3159	0.25
597	3159	0.25
600	3159	0.5
1358	3159	0.25
1359	3159	0.25
1360	3159	0.5
1958	3159	0.125
1959	3159	0.125
1960	3159	0.125
2558	3159	0.125
2559	3159	0.125
2560	3159	0.125
3158	3159	0.5
596	3160	0.25
597	3160	0.25
600	3160	0.5
1358	3160	0.25
1359	3160	0.25
1360	3160	0.5
1958	3160	0.125
1959	3160	0.125
1960	3160	0.125
2558	3160	0.125
2559	3160	0.125
2560	3160	0.125
3158	3160	0.5
3159	3160	0.5
601	3161	0.25
602	3161	0.25
605	3161	0.5
1361	3161	0.25
1362	3161	0.25
1363	3161	0.5
1961	3161	0.125
1962	3161	0.125
1963	3161	0.125
2561	3161	0.125
2562	3161	0.125
2563	3161	0.125
601	3162	0.25
602	3162	0.25
605	3162	0.5
1361	3162	0.25
1362	3162	0.25
1363	3162	0.5
1961	3162	0.125
1962	3162	0.125
1963	3162	0.125
2561	3162	0.125
2562	3162	0.125
2563	3162	0.125
3161	3162	0.5
601	3163	0.25
602	3163	0.25
605	3163	0.5
1361	3163	0.25
1362	3163	0.25
1363	3163	0.5
1961	3163	0.125
1962	3163	0.125
1963	3163	0.125
2561	3163	0.125
2562	3163	0.125
2563	3163	0.125
3161	3163	0.5
3162	3163	0.5
606	3164	0.25
607	3164	0.25
610	3164	0.5
1364	3164	0.25
1365	3164	0.25
1366	3164	0.5
1964	3164	0.125
1965	3164	0.125
1966	3164	0.125
2564	3164	0.125
2565	3164	0.125
2566	3164	0.125
606	3165	0.25
607	3165	0.25
610	3165	0.5
1364	3165	0.25
1365	3165	0.25
1366	3165	0.5
1964	3165	0.125
1965	3165	0.125
1966	3165	0.125
2564	3165	0.125
2565	3165	0.125
2566	3165	0.125
3164	3165	0.5
606	3166	0.25
607	3166	0.25
610	3166	0.5
1364	3166	0.25
1365	3166	0.25
1366	3166	0.5
1964	3166	0.125
1965	3166	0.125
1966	3166	0.125
2564	3166	0.125
2565	3166	0.125
2566	3166	0.125
3164	3166	0.5
3165	3166	0.5
611	3167	0.25
612	3167	0.25
615	3167	0.5
1367	3167	0.25
1368	3167	0.25
1369	3167	0.5
1967	3167	0.125
1968	3167	0.125
1969	3167	0.125
2567	3167	0.125
2568	3167	0.125
2569	3167	0.125
611	3168	0.25
612	3168	0.25
615	3168	0.5
1367	3168	0.25
1368	3168	0.25
1369	3168	0.5
1967	3168	0.125
1968	3168	0.125
1969	3168	0.125
2567	3168	0.125
2568	3168	0.125
2569	3168	0.125
3167	3168	0.5
611	3169	0.25
612	3169	0.25
615	3169	0.5
1367	3169	0.25
1368	3169	0.25
1369	3169	0.5
1967	3169	0.125
1968	3169	0.125
1969	3169	0.125
2567	3169	0.125
2568	3169	0.125
2569	3169	0.125
3167	3169	0.5
3168	3169	0.5
616	3170	0.25
617	3170	0.25
620	3170	0.5
1370	3170	0.25
1371	3170	0.25
1372	3170	0.5
1970	3170	0.125
1971	3170	0.125
1972	3170	0.125
2570	3170	0.125
2571	3170	0.125
2572	3170	0.125
616	3171	0.25
617	3171	0.25
620	3171	0.5
1370	3171	0.25
1371	3171	0.25
1372	3171	0.5
1970	3171	0.125
1971	3171	0.125
1972	3171	0.125
2570	3171	0.125
2571	3171	0.125
2572	3171	0.125
3170	3171	0.5
616	3172	0.25
617	3172	0.25
620	3172	0.5
1370	3172	0.25
1371	3172	0.25
1372	3172	0.5
1970	3172	0.125
1971	3172	0.125
1972	3172	0.125
2570	3172	0.125
2571	3172	0.125
2572	3172	0.125
3170	3172	0.5
3171	3172	0.5
621	3173	0.25
622	3173	0.25
625	3173	0.5
1373	3173	0.25
1374	3173	0.25
1375	3173	0.5
1973	3173	0.125
1974	3173	0.125
1975	3173	0.125
2573	3173	0.125
2574	3173	0.125
2575	3173	0.125
621	3174	0.25
622	3174	0.25
625	3174	0.5
1373	3174	0.25
1374	3174	0.25
1375	3174	0.5
1973	3174	0.125
1974	3174	0.125
1975	3174	0.125
2573	3174	0.125
2574	3174	0.125
2575	3174	0.125
3173	3174	0.5
621	3175	0.25
622	3175	0.25
625	3175	0.5
1373	3175	0.25
1374	3175	0.25
1375	3175	0.5
1973	3175	0.125
1974	3175	0.125
1975	3175	0.125
2573	3175	0.125
2574	3175	0.125
2575	3175	0.125
3173	3175	0.5
3174	3175	0.5
626	3176	0.25
627	3176	0.25
630	3176	0.5
1376	3176	0.25
1377	3176	0.25
1378	3176	0.5
1976	3176	0.125
1977	3176	0.125
1978	3176	0.125
2576	3176	0.125
2577	3176	0.125
2578	3176	0.125
626	3177	0.25
627	3177	0.25
630	3177	0.5
1376	3177	0.25
1377	3177	0.25
1378	3177	0.5
1976	3177	0.125
1977	3177	0.125
1978	3177	0.125
2576	3177	0.125
2577	3177	0.125
2578	3177	0.125
3176	3177	0.5
626	3178	0.25
627	3178	0.25
630	3178	0.5
1376	3178	0.25
1377	3178	0.25
1378	3178	0.5
1976	3178	0.125
1977	3178	0.125
1978	3178	0.125
2576	3178	0.125
2577	3178	0.125
2578	3178	0.125
3176	3178	0.5
3177	3178	0.5
631	3179	0.25
632	3179	0.25
635	3179	0.5
1379	3179	0.25
1380	3179	0.25
1381	3179	0.5
1979	3179	0.125
1980	3179	0.125
1981	3179	0.125
2579	3179	0.125
2580	3179	0.125
2581	3179	0.125
631	3180	0.25
632	3180	0.25
635	3180	0.5
1379	3180	0.25
1380	3180	0.25
1381	3180	0.5
1979	3180	0.125
1980	3180	0.125
1981	3180	0.125
2579	3180	0.125
2580	3180	0.125
2581	3180	0.125
3179	3180	0.5
631	3181	0.25
632	3181	0.25
635	3181	0.5
1379	3181	0.25
1380	3181	0.25
1381	3181	0.5
1979	3181	0.125
1980	3181	0.125
1981	3181	0.125
2579	3181	0.125
2580	3181	0.125
2581	3181	0.125
3179	3181	0.5
3180	3181	0.5
636	3182	0.25
637	3182	0.25
640	3182	0.5
1382	3182	0.25
1383	3182	0.25
1384	3182	0.5
1982	3182	0.125
1983	3182	0.125
1984	3182	0.125
2582	3182	0.125
2583	3182	0.125
2584	3182	0.125
636	3183	0.25
637	3183	0.25
640	3183	0.5
1382	3183	0.25
1383	3183	0.25
1384	3183	0.5
1982	3183	0.125
1983	3183	0.125
1984	3183	0.125
2582	3183	0.125
2583	3183	0.125
2584	3183	0.125
3182	3183	0.5
636	3184	0.25
637	3184	0.25
640	3184	0.5
1382	3184	0.25
1383	3184	0.25
1384	3184	0.5
1982	3184	0.125
1983	3184	0.125
1984	3184	0.125
2582	3184	0.125
2583	3184	0.125
2584	3184	0.125
3182	3184	0.5
3183	3184	0.5
641	3185	0.25
642	3185	0.25
645	3185	0.5
1385	3185	0.25
1386	3185	0.25
1387	3185	0.5
1985	3185	0.125
1986	3185	0.125
1987	3185	0.125
2585	3185	0.125
2586	3185	0.125
2587	3185	0.125
641	3186	0.25
642	3186	0.25
645	3186	0.5
1385	3186	0.25
1386	3186	0.25
1387	3186	0.5
1985	3186	0.125
1986	3186	0.125
1987	3186	0.125
2585	3186	0.125
2586	3186	0.125
2587	3186	0.125
3185	3186	0.5
641	3187	0.25
642	3187	0.25
645	3187	0.5
1385	3187	0.25
1386	3187	0.25
1387	3187	0.5
1985	3187	0.125
1986	3187	0.125
1987	3187	0.125
2585	3187	0.125
2586	3187	0.125
2587	3187	0.125
3185	3187	0.5
3186	3187	0.5
646	3188	0.25
647	3188	0.25
650	3188	0.5
1388	3188	0.25
1389	3188	0.25
1390	3188	0.5
1988	3188	0.125
1989	3188	0.125
1990	3188	0.125
2588	3188	0.125
2589	3188	0.125
2590	3188	0.125
646	3189	0.25
647	3189	0.25
650	3189	0.5
1388	3189	0.25
1389	3189	0.25
1390	3189	0.5
1988	3189	0.125
1989	3189	0.125
1990	3189	0.125
2588	3189	0.125
2589	3189	0.125
2590	3189	0.125
3188	3189	0.5
646	3190	0.25
647	3190	0.25
650	3190	0.5
1388	3190	0.25
1389	3190	0.25
1390	3190	0.5
1988	3190	0.125
1989	3190	0.125
1990	3190	0.125
2588	3190	0.125
2589	3190	0.125
2590	3190	0.125
3188	3190	0.5
3189	3190	0.5
651	3191	0.25
652	3191	0.25
655	3191	0.5
1391	3191	0.25
1392	3191	0.25
1393	3191	0.5
1991	3191	0.125
1992	3191	0.125
1993	3191	0.125
2591	3191	0.125
2592	3191	0.125
2593	3191	0.125
651	3192	0.25
652	3192	0.25
655	3192	0.5
1391	3192	0.25
1392	3192	0.25
1393	3192	0.5
1991	3192	0.125
1992	3192	0.125
1993	3192	0.125
2591	3192	0.125
2592	3192	0.125
2593	3192	0.125
3191	3192	0.5
651	3193	0.25
652	3193	0.25
655	3193	0.5
1391	3193	0.25
1392	3193	0.25
1393	3193	0.5
1991	3193	0.125
1992	3193	0.125
1993	3193	0.125
2591	3193	0.125
2592	3193	0.125
2593	3193	0.125
3191	3193	0.5
3192	3193	0.5
656	3194	0.25
657	3194	0.25
660	3194	0.5
1394	3194	0.25
1395	3194	0.25
1396	3194	0.5
1994	3194	0.125
1995	3194	0.125
1996	3194	0.125
2594	3194	0.125
2595	3194	0.125
2596	3194	0.125
656	3195	0.25
657	3195	0.25
660	3195	0.5
1394	3195	0.25
1395	3195	0.25
1396	3195	0.5
1994	3195	0.125
1995	3195	0.125
1996	3195	0.125
2594	3195	0.125
2595	3195	0.125
2596	3195	0.125
3194	3195	0.5
656	3196	0.25
657	3196	0.25
660	3196	0.5
1394	3196	0.25
1395	3196	0.25
1396	3196	0.5
1994	3196	0.125
1995	3196	0.125
1996	3196	0.125
2594	3196	0.125
2595	3196	0.125
2596	3196	0.125
3194	3196	0.5
3195	3196	0.5
661	3197	0.25
662	3197	0.25
665	3197	0.5
1397	3197	0.25
1398	3197	0.25
1399	3197	0.5
1997	3197	0.125
1998	3197	0.125
1999	3197	0.125
2597	3197	0.125
2598	3197	0.125
2599	3197	0.125
661	3198	0.25
662	3198	0.25
665	3198	0.5
1397	3198	0.25
1398	3198	0.25
1399	3198	0.5
1997	3198	0.125
1998	3198	0.125
1999	3198	0.125
2597	3198	0.125
2598	3198	0.125
2599	3198	0.125
3197	3198	0.5
661	3199	0.25
662	3199	0.25
665	3199	0.5
1397	3199	0.25
1398	3199	0.25
1399	3199	0.5
1997	3199	0.125
1998	3199	0.125
1999	3199	0.125
2597	3199	0.125
2598	3199	0.125
2599	3199	0.125
3197	3199	0.5
3198	3199	0.5
666	3200	0.25
667	3200	0.25
670	3200	0.5
1400	3200	0.25
1401	3200	0.25
1402	3200	0.5
2000	3200	0.125
2001	3200	0.125
2002	3200	0.125
2600	3200	0.125
2601	3200	0.125
2602	3200	0.125
666	3201	0.25
667	3201	0.25
670	3201	0.5
1400	3201	0.25
1401	3201	0.25
1402	3201	0.5
2000	3201	0.125
2001	3201	0.125
2002	3201	0.125
2600	3201	0.125
2601	3201	0.125
2602	3201	0.125
3200	3201	0.5
666	3202	0.25
667	3202	0.25
670	3202	0.5
1400	3202	0.25
1401	3202	0.25
1402	3202	0.5
2000	3202	0.125
2001	3202	0.125
2002	3202	0.125
2600	3202	0.125
2601	3202	0.125
2602	3202	0.125
3200	3202	0.5
3201	3202	0.5
671	3203	0.25
672	3203	0.25
675	3203	0.5
1403	3203	0.25
1404	3203	0.25
1405	3203	0.5
2003	3203	0.125
2004	3203	0.125
2005	3203	0.125
2603	3203	0.125
2604	3203	0.125
2605	3203	0.125
671	3204	0.25
672	3204	0.25
675	3204	0.5
1403	3204	0.25
1404	3204	0.25
1405	3204	0.5
2003	3204	0.125
2004	3204	0.125
2005	3204	0.125
2603	3204	0.125
2604	3204	0.125
2605	3204	0.125
3203	3204	0.5
671	3205	0.25
672	3205	0.25
675	3205	0.5
1403	3205	0.25
1404	3205	0.25
1405	3205	0.5
2003	3205	0.125
2004	3205	0.125
2005	3205	0.125
2603	3205	0.125
2604	3205	0.125
2605	3205	0.125
3203	3205	0.5
3204	3205	0.5
676	3206	0.25
677	3206	0.25
680	3206	0.5
1406	3206	0.25
1407	3206	0.25
1408	3206	0.5
2006	3206	0.125
2007	3206	0.125
2008	3206	0.125
2606	3206	0.125
2607	3206	0.125
2608	3206	0.125
676	3207	0.25
677	3207	0.25
680	3207	0.5
1406	3207	0.25
1407	3207	0.25
1408	3207	0.5
2006	3207	0.125
2007	3207	0.125
2008	3207	0.125
2606	3207	0.125
2607	3207	0.125
2608	3207	0.125
3206	3207	0.5
676	3208	0.25
677	3208	0.25
680	3208	0.5
1406	3208	0.25
1407	3208	0.25
1408	3208	0.5
2006	3208	0.125
2007	3208	0.125
2008	3208	0.125
2606	3208	0.125
2607	3208	0.125
2608	3208	0.125
3206	3208	0.5
3207	3208	0.5
681	3209	0.25
682	3209	0.25
685	3209	0.5
1409	3209	0.25
1410	3209	0.25
1411	3209	0.5
2009	3209	0.125
2010	3209	0.125
2011	3209	0.125
2609	3209	0.125
2610	3209	0.125
2611	3209	0.125
681	3210	0.25
682	3210	0.25
685	3210	0.5
1409	3210	0.25
1410	3210	0.25
1411	3210	0.5
2009	3210	0.125
2010	3210	0.125
2011	3210	0.125
2609	3210	0.125
2610	3210	0.125
2611	3210	0.125
3209	3210	0.5
681	3211	0.25
682	3211	0.25
685	3211	0.5
1409	3211	0.25
1410	3211	0.25
1411	3211	0.5
2009	3211	0.125
2010	3211	0.125
2011	3211	0.125
2609	3211	0.125
2610	3211	0.125
2611	3211	0.125
3209	3211	0.5
3210	3211	0.5
686	3212	0.25
687	3212	0.25
690	3212	0.5
1412	3212	0.25
1413	3212	0.25
1414	3212	0.5
2012	3212	0.125
2013	3212	0.125
2014	3212	0.125
2612	3212	0.125
2613	3212	0.125
2614	3212	0.125
686	3213	0.25
687	3213	0.25
690	3213	0.5
1412	3213	0.25
1413	3213	0.25
1414	3213	0.5
2012	3213	0.125
2013	3213	0.125
2014	3213	0.125
2612	3213	0.125
2613	3213	0.125
2614	3213	0.125
3212	3213	0.5
686	3214	0.25
687	3214	0.25
690	3214	0.5
1412	3214	0.25
1413	3214	0.25
1414	3214	0.5
2012	3214	0.125
2013	3214	0.125
2014	3214	0.125
2612	3214	0.125
2613	3214	0.125
2614	3214	0.125
3212	3214	0.5
3213	3214	0.5
691	3215	0.25
692	3215	0.25
695	3215	0.5
1415	3215	0.25
1416	3215	0.25
1417	3215	0.5
2015	3215	0.125
2016	3215	0.125
2017	3215	0.125
2615	3215	0.125
2616	3215	0.125
2617	3215	0.125
691	3216	0.25
692	3216	0.25
695	3216	0.5
1415	3216	0.25
1416	3216	0.25
1417	3216	0.5
2015	3216	0.125
2016	3216	0.125
2017	3216	0.125
2615	3216	0.125
2616	3216	0.125
2617	3216	0.125
3215	3216	0.5
691	3217	0.25
692	3217	0.25
695	3217	0.5
1415	3217	0.25
1416	3217	0.25
1417	3217	0.5
2015	3217	0.125
2016	3217	0.125
2017	3217	0.125
2615	3217	0.125
2616	3217	0.125
2617	3217	0.125
3215	3217	0.5
3216	3217	0.5
696	3218	0.25
697	3218	0.25
700	3218	0.5
1418	3218	0.25
1419	3218	0.25
1420	3218	0.5
2018	3218	0.125
2019	3218	0.125
2020	3218	0.125
2618	3218	0.125
2619	3218	0.125
2620	3218	0.125
696	3219	0.25
697	3219	0.25
700	3219	0.5
1418	3219	0.25
1419	3219	0.25
1420	3219	0.5
2018	3219	0.125
2019	3219	0.125
2020	3219	0.125
2618	3219	0.125
2619	3219	0.125
2620	3219	0.125
3218	3219	0.5
696	3220	0.25
697	3220	0.25
700	3220	0.5
1418	3220	0.25
1419	3220	0.25
1420	3220	0.5
2018	3220	0.125
2019	3220	0.125
2020	3220	0.125
2618	3220	0.125
2619	3220	0.125
2620	3220	0.125
3218	3220	0.5
3219	3220	0.5
701	3221	0.25
702	3221	0.25
705	3221	0.5
1421	3221	0.25
1422	3221	0.25
1423	3221	0.5
2021	3221	0.125
2022	3221	0.125
2023	3221	0.125
2621	3221	0.125
2622	3221	0.125
2623	3221	0.125
701	3222	0.25
702	3222	0.25
705	3222	0.5
1421	3222	0.25
1422	3222	0.25
1423	3222	0.5
2021	3222	0.125
2022	3222	0.125
2023	3222	0.125
2621	3222	0.125
2622	3222	0.125
2623	3222	0.125
3221	3222	0.5
701	3223	0.25
702	3223	0.25
705	3223	0.5
1421	3223	0.25
1422	3223	0.25
1423	3223	0.5
2021	3223	0.125
2022	3223	0.125
2023	3223	0.125
2621	3223	0.125
2622	3223	0.125
2623	3223	0.125
3221	3223	0.5
3222	3223	0.5
706	3224	0.25
707	3224	0.25
710	3224	0.5
1424	3224	0.25
1425	3224	0.25
1426	3224	0.5
2024	3224	0.125
2025	3224	0.125
2026	3224	0.125
2624	3224	0.125
2625	3224	0.125
2626	3224	0.125
706	3225	0.25
707	3225	0.25
710	3225	0.5
1424	3225	0.25
1425	3225	0.25
1426	3225	0.5
2024	3225	0.125
2025	3225	0.125
2026	3225	0.125
2624	3225	0.125
2625	3225	0.125
2626	3225	0.125
3224	3225	0.5
706	3226	0.25
707	3226	0.25
710	3226	0.5
1424	3226	0.25
1425	3226	0.25
1426	3226	0.5
2024	3226	0.125
2025	3226	0.125
2026	3226	0.125
2624	3226	0.125
2625	3226	0.125
2626	3226	0.125
3224	3226	0.5
3225	3226	0.5
711	3227	0.25
712	3227	0.25
715	3227	0.5
1427	3227	0.25
1428	3227	0.25
1429	3227	0.5
2027	3227	0.125
2028	3227	0.125
2029	3227	0.125
2627	3227	0.125
2628	3227	0.125
2629	3227	0.125
711	3228	0.25
712	3228	0.25
715	3228	0.5
1427	3228	0.25
1428	3228	0.25
1429	3228	0.5
2027	3228	0.125
2028	3228	0.125
2029	3228	0.125
2627	3228	0.125
2628	3228	0.125
2629	3228	0.125
3227	3228	0.5
711	3229	0.25
712	3229	0.25
715	3229	0.5
1427	3229	0.25
1428	3229	0.25
1429	3229	0.5
2027	3229	0.125
2028	3229	0.125
2029	3229	0.125
2627	3229	0.125
2628	3229	0.125
2629	3229	0.125
3227	3229	0.5
3228	3229	0.5
716	3230	0.25
717	3230	0.25
720	3230	0.5
1430	3230	0.25
1431	3230	0.25
1432	3230	0.5
2030	3230	0.125
2031	3230	0.125
2032	3230	0.125
2630	3230	0.125
2631	3230	0.125
2632	3230	0.125
716	3231	0.25
717	3231	0.25
720	3231	0.5
1430	3231	0.25
1431	3231	0.25
1432	3231	0.5
2030	3231	0.125
2031	3231	0.125
2032	3231	0.125
2630	3231	0.125
2631	3231	0.125
2632	3231	0.125
3230	3231	0.5
716	3232	0.25
717	3232	0.25
720	3232	0.5
1430	3232	0.25
1431	3232	0.25
1432	3232	0.5
2030	3232	0.125
2031	3232	0.125
2032	3232	0.125
2630	3232	0.125
2631	3232	0.125
2632	3232	0.125
3230	3232	0.5
3231	3232	0.5
721	3233	0.25
722	3233	0.25
725	3233	0.5
1433	3233	0.25
1434	3233	0.25
1435	3233	0.5
2033	3233	0.125
2034	3233	0.125
2035	3233	0.125
2633	3233	0.125
2634	3233	0.125
2635	3233	0.125
721	3234	0.25
722	3234	0.25
725	3234	0.5
1433	3234	0.25
1434	3234	0.25
1435	3234	0.5
2033	3234	0.125
2034	3234	0.125
2035	3234	0.125
2633	3234	0.125
2634	3234	0.125
2635	3234	0.125
3233	3234	0.5
721	3235	0.25
722	3235	0.25
725	3235	0.5
1433	3235	0.25
1434	3235	0.25
1435	3235	0.5
2033	3235	0.125
2034	3235	0.125
2035	3235	0.125
2633	3235	0.125
2634	3235	0.125
2635	3235	0.125
3233	3235	0.5
3234	3235	0.5
726	3236	0.25
727	3236	0.25
730	3236	0.5
1436	3236	0.25
1437	3236	0.25
1438	3236	0.5
2036	3236	0.125
2037	3236	0.125
2038	3236	0.125
2636	3236	0.125
2637	3236	0.125
2638	3236	0.125
726	3237	0.25
727	3237	0.25
730	3237	0.5
1436	3237	0.25
1437	3237	0.25
1438	3237	0.5
2036	3237	0.125
2037	3237	0.125
2038	3237	0.125
2636	3237	0.125
2637	3237	0.125
2638	3237	0.125
3236	3237	0.5
726	3238	0.25
727	3238	0.25
730	3238	0.5
1436	3238	0.25
1437	3238	0.25
1438	3238	0.5
2036	3238	0.125
2037	3238	0.125
2038	3238	0.125
2636	3238	0.125
2637	3238	0.125
2638	3238	0.125
3236	3238	0.5
3237	3238	0.5
731	3239	0.25
732	3239	0.25
735	3239	0.5
1439	3239	0.25
1440	3239	0.25
1441	3239	0.5
2039	3239	0.125
2040	3239	0.125
2041	3239	0.125
2639	3239	0.125
2640	3239	0.125
2641	3239	0.125
731	3240	0.25
732	3240	0.25
735	3240	0.5
1439	3240	0.25
1440	3240	0.25
1441	3240	0.5
2039	3240	0.125
2040	3240	0.125
2041	3240	0.125
2639	3240	0.125
2640	3240	0.125
2641	3240	0.125
3239	3240	0.5
731	3241	0.25
732	3241	0.25
735	3241	0.5
1439	3241	0.25
1440	3241	0.25
1441	3241	0.5
2039	3241	0.125
2040	3241	0.125
2041	3241	0.125
2639	3241	0.125
2640	3241	0.125
2641	3241	0.125
3239	3241	0.5
3240	3241	0.5
736	3242	0.25
737	3242	0.25
740	3242	0.5
1442	3242	0.25
1443	3242	0.25
1444	3242	0.5
2042	3242	0.125
2043	3242	0.125
2044	3242	0.125
2642	3242	0.125
2643	3242	0.125
2644	3242	0.125
736	3243	0.25
737	3243	0.25
740	3243	0.5
1442	3243	0.25
1443	3243	0.25
1444	3243	0.5
2042	3243	0.125
2043	3243	0.125
2044	3243	0.125
2642	3243	0.125
2643	3243	0.125
2644	3243	0.125
3242	3243	0.5
736	3244	0.25
737	3244	0.25
740	3244	0.5
1442	3244	0.25
1443	3244	0.25
1444	3244	0.5
2042	3244	0.125
2043	3244	0.125
2044	3244	0.125
2642	3244	0.125
2643	3244	0.125
2644	3244	0.125
3242	3244	0.5
3243	3244	0.5
741	3245	0.25
742	3245	0.25
745	3245	0.5
1445	3245	0.25
1446	3245	0.25
1447	3245	0.5
2045	3245	0.125
2046	3245	0.125
2047	3245	0.125
2645	3245	0.125
2646	3245	0.125
2647	3245	0.125
741	3246	0.25
742	3246	0.25
745	3246	0.5
1445	3246	0.25
1446	3246	0.25
1447	3246	0.5
2045	3246	0.125
2046	3246	0.125
2047	3246	0.125
2645	3246	0.125
2646	3246	0.125
2647	3246	0.125
3245	3246	0.5
741	3247	0.25
742	3247	0.25
745	3247	0.5
1445	3247	0.25
1446	3247	0.25
1447	3247	0.5
2045	3247	0.125
2046	3247	0.125
2047	3247	0.125
2645	3247	0.125
2646	3247	0.125
2647	3247	0.125
3245	3247	0.5
3246	3247	0.5
746	3248	0.25
747	3248	0.25
750	3248	0.5
1448	3248	0.25
1449	3248	0.25
1450	3248	0.5
2048	3248	0.125
2049	3248	0.125
2050	3248	0.125
2648	3248	0.125
2649	3248	0.125
2650	3248	0.125
746	3249	0.25
747	3249	0.25
750	3249	0.5
1448	3249	0.25
1449	3249	0.25
1450	3249	0.5
2048	3249	0.125
2049	3249	0.125
2050	3249	0.125
2648	3249	0.125
2649	3249	0.125
2650	3249	0.125
3248	3249	0.5
746	3250	0.25
747	3250	0.25
750	3250	0.5
1448	3250	0.25
1449	3250	0.25
1450	3250	0.5
2048	3250	0.125
2049	3250	0.125
2050	3250	0.125
2648	3250	0.125
2649	3250	0.125
2650	3250	0.125
3248	3250	0.5
3249	3250	0.5
751	3251	0.25
752	3251	0.25
755	3251	0.5
1451	3251	0.25
1452	3251	0.25
1453	3251	0.5
2051	3251	0.125
2052	3251	0.125
2053	3251	0.125
2651	3251	0.125
2652	3251	0.125
2653	3251	0.125
751	3252	0.25
752	3252	0.25
755	3252	0.5
1451	3252	0.25
1452	3252	0.25
1453	3252	0.5
2051	3252	0.125
2052	3252	0.125
2053	3252	0.125
2651	3252	0.125
2652	3252	0.125
2653	3252	0.125
3251	3252	0.5
751	3253	0.25
752	3253	0.25
755	3253	0.5
1451	3253	0.25
1452	3253	0.25
1453	3253	0.5
2051	3253	0.125
2052	3253	0.125
2053	3253	0.125
2651	3253	0.125
2652	3253	0.125
2653	3253	0.125
3251	3253	0.5
3252	3253	0.5
756	3254	0.25
757	3254	0.25
760	3254	0.5
1454	3254	0.25
1455	3254	0.25
1456	3254	0.5
2054	3254	0.125
2055	3254	0.125
2056	3254	0.125
2654	3254	0.125
2655	3254	0.125
2656	3254	0.125
756	3255	0.25
757	3255	0.25
760	3255	0.5
1454	3255	0.25
1455	3255	0.25
1456	3255	0.5
2054	3255	0.125
2055	3255	0.125
2056	3255	0.125
2654	3255	0.125
2655	3255	0.125
2656	3255	0.125
3254	3255	0.5
756	3256	0.25
757	3256	0.25
760	3256	0.5
1454	3256	0.25
1455	3256	0.25
1456	3256	0.5
2054	3256	0.125
2055	3256	0.125
2056	3256	0.125
2654	3256	0.125
2655	3256	0.125
2656	3256	0.125
3254	3256	0.5
3255	3256	0.5
761	3257	0.25
762	3257	0.25
765	3257	0.5
1457	3257	0.25
1458	3257	0.25
1459	3257	0.5
2057	3257	0.125
2058	3257	0.125
2059	3257	0.125
2657	3257	0.125
2658	3257	0.125
2659	3257	0.125
761	3258	0.25
762	3258	0.25
765	3258	0.5
1457	3258	0.25
1458	3258	0.25
1459	3258	0.5
2057	3258	0.125
2058	3258	0.125
2059	3258	0.125
2657	3258	0.125
2658	3258	0.125
2659	3258	0.125
3257	3258	0.5
761	3259	0.25
762	3259	0.25
765	3259	0.5
1457	3259	0.25
1458	3259	0.25
1459	3259	0.5
2057	3259	0.125
2058	3259	0.125
2059	3259	0.125
2657	3259	0.125
2658	3259	0.125
2659	3259	0.125
3257	3259	0.5
3258	3259	0.5
766	3260	0.25
767	3260	0.25
770	3260	0.5
1460	3260	0.25
1461	3260	0.25
1462	3260	0.5
2060	3260	0.125
2061	3260	0.125
2062	3260	0.125
2660	3260	0.125
2661	3260	0.125
2662	3260	0.125
766	3261	0.25
767	3261	0.25
770	3261	0.5
1460	3261	0.25
1461	3261	0.25
1462	3261	0.5
2060	3261	0.125
2061	3261	0.125
2062	3261	0.125
2660	3261	0.125
2661	3261	0.125
2662	3261	0.125
3260	3261	0.5
766	3262	0.25
767	3262	0.25
770	3262	0.5
1460	3262	0.25
1461	3262	0.25
1462	3262	0.5
2060	3262	0.125
2061	3262	0.125
2062	3262	0.125
2660	3262	0.125
2661	3262	0.125
2662	3262	0.125
3260	3262	0.5
3261	3262	0.5
771	3263	0.25
772	3263	0.25
775	3263	0.5
1463	3263	0.25
1464	3263	0.25
1465	3263	0.5
2063	3263	0.125
2064	3263	0.125
2065	3263	0.125
2663	3263	0.125
2664	3263	0.125
2665	3263	0.125
771	3264	0.25
772	3264	0.25
775	3264	0.5
1463	3264	0.25
1464	3264	0.25
1465	3264	0.5
2063	3264	0.125
2064	3264	0.125
2065	3264	0.125
2663	3264	0.125
2664	3264	0.125
2665	3264	0.125
3263	3264	0.5
771	3265	0.25
772	3265	0.25
775	3265	0.5
1463	3265	0.25
1464	3265	0.25
1465	3265	0.5
2063	3265	0.125
2064	3265	0.125
2065	3265	0.125
2663	3265	0.125
2664	3265	0.125
2665	3265	0.125
3263	3265	0.5
3264	3265	0.5
776	3266	0.25
777	3266	0.25
780	3266	0.5
1466	3266	0.25
1467	3266	0.25
1468	3266	0.5
2066	3266	0.125
2067	3266	0.125
2068	3266	0.125
2666	3266	0.125
2667	3266	0.125
2668	3266	0.125
776	3267	0.25
777	3267	0.25
780	3267	0.5
1466	3267	0.25
1467	3267	0.25
1468	3267	0.5
2066	3267	0.125
2067	3267	0.125
2068	3267	0.125
2666	3267	0.125
2667	3267	0.125
2668	3267	0.125
3266	3267	0.5
776	3268	0.25
777	3268	0.25
780	3268	0.5
1466	3268	0.25
1467	3268	0.25
1468	3268	0.5
2066	3268	0.125
2067	3268	0.125
2068	3268	0.125
2666	3268	0.125
2667	3268	0.125
2668	3268	0.125
3266	3268	0.5
3267	3268	0.5
781	3269	0.25
782	3269	0.25
785	3269	0.5
1469	3269	0.25
1470	3269	0.25
1471	3269	0.5
2069	3269	0.125
2070	3269	0.125
2071	3269	0.125
2669	3269	0.125
2670	3269	0.125
2671	3269	0.125
781	3270	0.25
782	3270	0.25
785	3270	0.5
1469	3270	0.25
1470	3270	0.25
1471	3270	0.5
2069	3270	0.125
2070	3270	0.125
2071	3270	0.125
2669	3270	0.125
2670	3270	0.125
2671	3270	0.125
3269	3270	0.5
781	3271	0.25
782	3271	0.25
785	3271	0.5
1469	3271	0.25
1470	3271	0.25
1471	3271	0.5
2069	3271	0.125
2070	3271	0.125
2071	3271	0.125
2669	3271	0.125
2670	3271	0.125
2671	3271	0.125
3269	3271	0.5
3270	3271	0.5
786	3272	0.25
787	3272	0.25
790	3272	0.5
1472	3272	0.25
1473	3272	0.25
1474	3272	0.5
2072	3272	0.125
2073	3272	0.125
2074	3272	0.125
2672	3272	0.125
2673	3272	0.125
2674	3272	0.125
786	3273	0.25
787	3273	0.25
790	3273	0.5
1472	3273	0.25
1473	3273	0.25
1474	3273	0.5
2072	3273	0.125
2073	3273	0.125
2074	3273	0.125
2672	3273	0.125
2673	3273	0.125
2674	3273	0.125
3272	3273	0.5
786	3274	0.25
787	3274	0.25
790	3274	0.5
1472	3274	0.25
1473	3274	0.25
1474	3274	0.5
2072	3274	0.125
2073	3274	0.125
2074	3274	0.125
2672	3274	0.125
2673	3274	0.125
2674	3274	0.125
3272	3274	0.5
3273	3274	0.5
791	3275	0.25
792	3275	0.25
795	3275	0.5
1475	3275	0.25
1476	3275	0.25
1477	3275	0.5
2075	3275	0.125
2076	3275	0.125
2077	3275	0.125
2675	3275	0.125
2676	3275	0.125
2677	3275	0.125
791	3276	0.25
792	3276	0.25
795	3276	0.5
1475	3276	0.25
1476	3276	0.25
1477	3276	0.5
2075	3276	0.125
2076	3276	0.125
2077	3276	0.125
2675	3276	0.125
2676	3276	0.125
2677	3276	0.125
3275	3276	0.5
791	3277	0.25
792	3277	0.25
795	3277	0.5
1475	3277	0.25
1476	3277	0.25
1477	3277	0.5
2075	3277	0.125
2076	3277	0.125
2077	3277	0.125
2675	3277	0.125
2676	3277	0.125
2677	3277	0.125
3275	3277	0.5
3276	3277	0.5
796	3278	0.25
797	3278	0.25
800	3278	0.5
1478	3278	0.25
1479	3278	0.25
1480	3278	0.5
2078	3278	0.125
2079	3278	0.125
2080	3278	0.125
2678	3278	0.125
2679	3278	0.125
2680	3278	0.125
796	3279	0.25
797	3279	0.25
800	3279	0.5
1478	3279	0.25
1479	3279	0.25
1480	3279	0.5
2078	3279	0.125
2079	3279	0.125
2080	3279	0.125
2678	3279	0.125
2679	3279	0.125
2680	3279	0.125
3278	3279	0.5
796	3280	0.25
797	3280	0.25
800	3280	0.5
1478	3280	0.25
1479	3280	0.25
1480	3280	0.5
2078	3280	0.125
2079	3280	0.125
2080	3280	0.125
2678	3280	0.125
2679	3280	0.125
2680	3280	0.125
3278	3280	0.5
3279	3280	0.5
801	3281	0.25
802	3281	0.25
805	3281	0.5
1481	3281	0.25
1482	3281	0.25
1483	3281	0.5
2081	3281	0.125
2082	3281	0.125
2083	3281	0.125
2681	3281	0.125
2682	3281	0.125
2683	3281	0.125
801	3282	0.25
802	3282	0.25
805	3282	0.5
1481	3282	0.25
1482	3282	0.25
1483	3282	0.5
2081	3282	0.125
2082	3282	0.125
2083	3282	0.125
2681	3282	0.125
2682	3282	0.125
2683	3282	0.125
3281	3282	0.5
801	3283	0.25
802	3283	0.25
805	3283	0.5
1481	3283	0.25
1482	3283	0.25
1483	3283	0.5
2081	3283	0.125
2082	3283	0.125
2083	3283	0.125
2681	3283	0.125
2682	3283	0.125
2683	3283	0.125
3281	3283	0.5
3282	3283	0.5
806	3284	0.25
807	3284	0.25
810	3284	0.5
1484	3284	0.25
1485	3284	0.25
1486	3284	0.5
2084	3284	0.125
2085	3284	0.125
2086	3284	0.125
2684	3284	0.125
2685	3284	0.125
2686	3284	0.125
806	3285	0.25
807	3285	0.25
810	3285	0.5
1484	3285	0.25
1485	3285	0.25
1486	3285	0.5
2084	3285	0.125
2085	3285	0.125
2086	3285	0.125
2684	3285	0.125
2685	3285	0.125
2686	3285	0.125
3284	3285	0.5
806	3286	0.25
807	3286	0.25
810	3286	0.5
1484	3286	0.25
1485	3286	0.25
1486	3286	0.5
2084	3286	0.125
2085	3286	0.125
2086	3286	0.125
2684	3286	0.125
2685	3286	0.125
2686	3286	0.125
3284	3286	0.5
3285	3286	0.5
811	3287	0.25
812	3287	0.25
815	3287	0.5
1487	3287	0.25
1488	3287	0.25
1489	3287	0.5
2087	3287	0.125
2088	3287	0.125
2089	3287	0.125
2687	3287	0.125
2688	3287	0.125
2689	3287	0.125
811	3288	0.25
812	3288	0.25
815	3288	0.5
1487	3288	0.25
1488	3288	0.25
1489	3288	0.5
2087	3288	0.125
2088	3288	0.125
2089	3288	0.125
2687	3288	0.125
2688	3288	0.125
2689	3288	0.125
3287	3288	0.5
811	3289	0.25
812	3289	0.25
815	3289	0.5
1487	3289	0.25
1488	3289	0.25
1489	3289	0.5
2087	3289	0.125
2088	3289	0.125
2089	3289	0.125
2687	3289	0.125
2688	3289	0.125
2689	3289	0.125
3287	3289	0.5
3288	3289	0.5
816	3290	0.25
817	3290	0.25
820	3290	0.5
1490	3290	0.25
1491	3290	0.25
1492	3290	0.5
2090	3290	0.125
2091	3290	0.125
2092	3290	0.125
2690	3290	0.125
2691	3290	0.125
2692	3290	0.125
816	3291	0.25
817	3291	0.25
820	3291	0.5
1490	3291	0.25
1491	3291	0.25
1492	3291	0.5
2090	3291	0.125
2091	3291	0.125
2092	3291	0.125
2690	3291	0.125
2691	3291	0.125
2692	3291	0.125
3290	3291	0.5
816	3292	0.25
817	3292	0.25
820	3292	0.5
1490	3292	0.25
1491	3292	0.25
1492	3292	0.5
2090	3292	0.125
2091	3292	0.125
2092	3292	0.125
2690	3292	0.125
2691	3292	0.125
2692	3292	0.125
3290	3292	0.5
3291	3292	0.5
821	3293	0.25
822	3293	0.25
825	3293	0.5
1493	3293	0.25
1494	3293	0.25
1495	3293	0.5
2093	3293	0.125
2094	3293	0.125
2095	3293	0.125
2693	3293	0.125
2694	3293	0.125
2695	3293	0.125
821	3294	0.25
822	3294	0.25
825	3294	0.5
1493	3294	0.25
1494	3294	0.25
1495	3294	0.5
2093	3294	0.125
2094	3294	0.125
2095	3294	0.125
2693	3294	0.125
2694	3294	0.125
2695	3294	0.125
3293	3294	0.5
821	3295	0.25
822	3295	0.25
825	3295	0.5
1493	3295	0.25
1494	3295	0.25
1495	3295	0.5
2093	3295	0.125
2094	3295	0.125
2095	3295	0.125
2693	3295	0.125
2694	3295	0.125
2695	3295	0.125
3293	3295	0.5
3294	3295	0.5
826	3296	0.25
827	3296	0.25
830	3296	0.5
1496	3296	0.25
1497	3296	0.25
1498	3296	0.5
2096	3296	0.125
2097	3296	0.125
2098	3296	0.125
2696	3296	0.125
2697	3296	0.125
2698	3296	0.125
826	3297	0.25
827	3297	0.25
830	3297	0.5
1496	3297	0.25
1497	3297	0.25
1498	3297	0.5
2096	3297	0.125
2097	3297	0.125
2098	3297	0.125
2696	3297	0.125
2697	3297	0.125
2698	3297	0.125
3296	3297	0.5
826	3298	0.25
827	3298	0.25
830	3298	0.5
1496	3298	0.25
1497	3298	0.25
1498	3298	0.5
2096	3298	0.125
2097	3298	0.125
2098	3298	0.125
2696	3298	0.125
2697	3298	0.125
2698	3298	0.125
3296	3298	0.5
3297	3298	0.5
831	3299	0.25
832	3299	0.25
835	3299	0.5
1499	3299	0.25
1500	3299	0.25
1501	3299	0.5
2099	3299	0.125
2100	3299	0.125
2101	3299	0.125
2699	3299	0.125
2700	3299	0.125
2701	3299	0.125
831	3300	0.25
832	3300	0.25
835	3300	0.5
1499	3300	0.25
1500	3300	0.25
1501	3300	0.5
2099	3300	0.125
2100	3300	0.125
2101	3300	0.125
2699	3300	0.125
2700	3300	0.125
2701	3300	0.125
3299	3300	0.5
831	3301	0.25
832	3301	0.25
835	3301	0.5
1499	3301	0.25
1500	3301	0.25
1501	3301	0.5
2099	3301	0.125
2100	3301	0.125
2101	3301	0.125
2699	3301	0.125
2700	3301	0.125
2701	3301	0.125
3299	3301	0.5
3300	3301	0.5
836	3302	0.25
837	3302	0.25
840	3302	0.5
1502	3302	0.25
1503	3302	0.25
1504	3302	0.5
2102	3302	0.125
2103	3302	0.125
2104	3302	0.125
2702	3302	0.125
2703	3302	0.125
2704	3302	0.125
836	3303	0.25
837	3303	0.25
840	3303	0.5
1502	3303	0.25
1503	3303	0.25
1504	3303	0.5
2102	3303	0.125
2103	3303	0.125
2104	3303	0.125
2702	3303	0.125
2703	3303	0.125
2704	3303	0.125
3302	3303	0.5
836	3304	0.25
837	3304	0.25
840	3304	0.5
1502	3304	0.25
1503	3304	0.25
1504	3304	0.5
2102	3304	0.125
2103	3304	0.125
2104	3304	0.125
2702	3304	0.125
2703	3304	0.125
2704	3304	0.125
3302	3304	0.5
3303	3304	0.5
841	3305	0.25
842	3305	0.25
845	3305	0.5
1505	3305	0.25
1506	3305	0.25
1507	3305	0.5
2105	3305	0.125
2106	3305	0.125
2107	3305	0.125
2705	3305	0.125
2706	3305	0.125
2707	3305	0.125
841	3306	0.25
842	3306	0.25
845	3306	0.5
1505	3306	0.25
1506	3306	0.25
1507	3306	0.5
2105	3306	0.125
2106	3306	0.125
2107	3306	0.125
2705	3306	0.125
2706	3306	0.125
2707	3306	0.125
3305	3306	0.5
841	3307	0.25
842	3307	0.25
845	3307	0.5
1505	3307	0.25
1506	3307	0.25
1507	3307	0.5
2105	3307	0.125
2106	3307	0.125
2107	3307	0.125
2705	3307	0.125
2706	3307	0.125
2707	3307	0.125
3305	3307	0.5
3306	3307	0.5
846	3308	0.25
847	3308	0.25
850	3308	0.5
1508	3308	0.25
1509	3308	0.25
1510	3308	0.5
2108	3308	0.125
2109	3308	0.125
2110	3308	0.125
2708	3308	0.125
2709	3308	0.125
2710	3308	0.125
846	3309	0.25
847	3309	0.25
850	3309	0.5
1508	3309	0.25
1509	3309	0.25
1510	3309	0.5
2108	3309	0.125
2109	3309	0.125
2110	3309	0.125
2708	3309	0.125
2709	3309	0.125
2710	3309	0.125
3308	3309	0.5
846	3310	0.25
847	3310	0.25
850	3310	0.5
1508	3310	0.25
1509	3310	0.25
1510	3310	0.5
2108	3310	0.125
2109	3310	0.125
2110	3310	0.125
2708	3310	0.125
2709	3310	0.125
2710	3310	0.125
3308	3310	0.5
3309	3310	0.5
851	3311	0.25
852	3311	0.25
855	3311	0.5
1511	3311	0.25
1512	3311	0.25
1513	3311	0.5
2111	3311	0.125
2112	3311	0.125
2113	3311	0.125
2711	3311	0.125
2712	3311	0.125
2713	3311	0.125
851	3312	0.25
852	3312	0.25
855	3312	0.5
1511	3312	0.25
1512	3312	0.25
1513	3312	0.5
2111	3312	0.125
2112	3312	0.125
2113	3312	0.125
2711	3312	0.125
2712	3312	0.125
2713	3312	0.125
3311	3312	0.5
851	3313	0.25
852	3313	0.25
855	3313	0.5
1511	3313	0.25
1512	3313	0.25
1513	3313	0.5
2111	3313	0.125
2112	3313	0.125
2113	3313	0.125
2711	3313	0.125
2712	3313	0.125
2713	3313	0.125
3311	3313	0.5
3312	3313	0.5
856	3314	0.25
857	3314	0.25
860	3314	0.5
1514	3314	0.25
1515	3314	0.25
1516	3314	0.5
2114	3314	0.125
2115	3314	0.125
2116	3314	0.125
2714	3314	0.125
2715	3314	0.125
2716	3314	0.125
856	3315	0.25
857	3315	0.25
860	3315	0.5
1514	3315	0.25
1515	3315	0.25
1516	3315	0.5
2114	3315	0.125
2115	3315	0.125
2116	3315	0.125
2714	3315	0.125
2715	3315	0.125
2716	3315	0.125
3314	3315	0.5
856	3316	0.25
857	3316	0.25
860	3316	0.5
1514	3316	0.25
1515	3316	0.25
1516	3316	0.5
2114	3316	0.125
2115	3316	0.125
2116	3316	0.125
2714	3316	0.125
2715	3316	0.125
2716	3316	0.125
3314	3316	0.5
3315	3316	0.5
861	3317	0.25
862	3317	0.25
865	3317	0.5
1517	3317	0.25
1518	3317	0.25
1519	3317	0.5
2117	3317	0.125
2118	3317	0.125
2119	3317	0.125
2717	3317	0.125
2718	3317	0.125
2719	3317	0.125
861	3318	0.25
862	3318	0.25
865	3318	0.5
1517	3318	0.25
1518	3318	0.25
1519	3318	0.5
2117	3318	0.125
2118	3318	0.125
2119	3318	0.125
2717	3318	0.125
2718	3318	0.125
2719	3318	0.125
3317	3318	0.5
861	3319	0.25
862	3319	0.25
865	3319	0.5
1517	3319	0.25
1518	3319	0.25
1519	3319	0.5
2117	3319	0.125
2118	3319	0.125
2119	3319	0.125
2717	3319	0.125
2718	3319	0.125
2719	3319	0.125
3317	3319	0.5
3318	3319	0.5
866	3320	0.25
867	3320	0.25
870	3320	0.5
1520	3320	0.25
1521	3320	0.25
1522	3320	0.5
2120	3320	0.125
2121	3320	0.125
2122	3320	0.125
2720	3320	0.125
2721	3320	0.125
2722	3320	0.125
866	3321	0.25
867	3321	0.25
870	3321	0.5
1520	3321	0.25
1521	3321	0.25
1522	3321	0.5
2120	3321	0.125
2121	3321	0.125
2122	3321	0.125
2720	3321	0.125
2721	3321	0.125
2722	3321	0.125
3320	3321	0.5
866	3322	0.25
867	3322	0.25
870	3322	0.5
1520	3322	0.25
1521	3322	0.25
1522	3322	0.5
2120	3322	0.125
2121	3322	0.125
2122	3322	0.125
2720	3322	0.125
2721	3322	0.125
2722	3322	0.125
3320	3322	0.5
3321	3322	0.5
871	3323	0.25
872	3323	0.25
875	3323	0.5
1523	3323	0.25
1524	3323	0.25
1525	3323	0.5
2123	3323	0.125
2124	3323	0.125
2125	3323	0.125
2723	3323	0.125
2724	3323	0.125
2725	3323	0.125
871	3324	0.25
872	3324	0.25
875	3324	0.5
1523	3324	0.25
1524	3324	0.25
1525	3324	0.5
2123	3324	0.125
2124	3324	0.125
2125	3324	0.125
2723	3324	0.125
2724	3324	0.125
2725	3324	0.125
3323	3324	0.5
871	3325	0.25
872	3325	0.25
875	3325	0.5
1523	3325	0.25
1524	3325	0.25
1525	3325	0.5
2123	3325	0.125
2124	3325	0.125
2125	3325	0.125
2723	3325	0.125
2724	3325	0.125
2725	3325	0.125
3323	3325	0.5
3324	3325	0.5
876	3326	0.25
877	3326	0.25
880	3326	0.5
1526	3326	0.25
1527	3326	0.25
1528	3326	0.5
2126	3326	0.125
2127	3326	0.125
2128	3326	0.125
2726	3326	0.125
2727	3326	0.125
2728	3326	0.125
876	3327	0.25
877	3327	0.25
880	3327	0.5
1526	3327	0.25
1527	3327	0.25
1528	3327	0.5
2126	3327	0.125
2127	3327	0.125
2128	3327	0.125
2726	3327	0.125
2727	3327	0.125
2728	3327	0.125
3326	3327	0.5
876	3328	0.25
877	3328	0.25
880	3328	0.5
1526	3328	0.25
1527	3328	0.25
1528	3328	0.5
2126	3328	0.125
2127	3328	0.125
2128	3328	0.125
2726	3328	0.125
2727	3328	0.125
2728	3328	0.125
3326	3328	0.5
3327	3328	0.5
881	3329	0.25
882	3329	0.25
885	3329	0.5
1529	3329	0.25
1530	3329	0.25
1531	3329	0.5
2129	3329	0.125
2130	3329	0.125
2131	3329	0.125
2729	3329	0.125
2730	3329	0.125
2731	3329	0.125
881	3330	0.25
882	3330	0.25
885	3330	0.5
1529	3330	0.25
1530	3330	0.25
1531	3330	0.5
2129	3330	0.125
2130	3330	0.125
2131	3330	0.125
2729	3330	0.125
2730	3330	0.125
2731	3330	0.125
3329	3330	0.5
881	3331	0.25
882	3331	0.25
885	3331	0.5
1529	3331	0.25
1530	3331	0.25
1531	3331	0.5
2129	3331	0.125
2130	3331	0.125
2131	3331	0.125
2729	3331	0.125
2730	3331	0.125
2731	3331	0.125
3329	3331	0.5
3330	3331	0.5
886	3332	0.25
887	3332	0.25
890	3332	0.5
1532	3332	0.25
1533	3332	0.25
1534	3332	0.5
2132	3332	0.125
2133	3332	0.125
2134	3332	0.125
2732	3332	0.125
2733	3332	0.125
2734	3332	0.125
886	3333	0.25
887	3333	0.25
890	3333	0.5
1532	3333	0.25
1533	3333	0.25
1534	3333	0.5
2132	3333	0.125
2133	3333	0.125
2134	3333	0.125
2732	3333	0.125
2733	3333	0.125
2734	3333	0.125
3332	3333	0.5
886	3334	0.25
887	3334	0.25
890	3334	0.5
1532	3334	0.25
1533	3334	0.25
1534	3334	0.5
2132	3334	0.125
2133	3334	0.125
2134	3334	0.125
2732	3334	0.125
2733	3334	0.125
2734	3334	0.125
3332	3334	0.5
3333	3334	0.5
891	3335	0.25
892	3335	0.25
895	3335	0.5
1535	3335	0.25
1536	3335	0.25
1537	3335	0.5
2135	3335	0.125
2136	3335	0.125
2137	3335	0.125
2735	3335	0.125
2736	3335	0.125
2737	3335	0.125
891	3336	0.25
892	3336	0.25
895	3336	0.5
1535	3336	0.25
1536	3336	0.25
1537	3336	0.5
2135	3336	0.125
2136	3336	0.125
2137	3336	0.125
2735	3336	0.125
2736	3336	0.125
2737	3336	0.125
3335	3336	0.5
891	3337	0.25
892	3337	0.25
895	3337	0.5
1535	3337	0.25
1536	3337	0.25
1537	3337	0.5
2135	3337	0.125
2136	3337	0.125
2137	3337	0.125
2735	3337	0.125
2736	3337	0.125
2737	3337	0.125
3335	3337	0.5
3336	3337	0.5
896	3338	0.25
897	3338	0.25
900	3338	0.5
1538	3338	0.25
1539	3338	0.25
1540	3338	0.5
2138	3338	0.125
2139	3338	0.125
2140	3338	0.125
2738	3338	0.125
2739	3338	0.125
2740	3338	0.125
896	3339	0.25
897	3339	0.25
900	3339	0.5
1538	3339	0.25
1539	3339	0.25
1540	3339	0.5
2138	3339	0.125
2139	3339	0.125
2140	3339	0.125
2738	3339	0.125
2739	3339	0.125
2740	3339	0.125
3338	3339	0.5
896	3340	0.25
897	3340	0.25
900	3340	0.5
1538	3340	0.25
1539	3340	0.25
1540	3340	0.5
2138	3340	0.125
2139	3340	0.125
2140	3340	0.125
2738	3340	0.125
2739	3340	0.125
2740	3340	0.125
3338	3340	0.5
3339	3340	0.5
901	3341	0.25
902	3341	0.25
905	3341	0.5
1541	3341	0.25
1542	3341	0.25
1543	3341	0.5
2141	3341	0.125
2142	3341	0.125
2143	3341	0.125
2741	3341	0.125
2742	3341	0.125
2743	3341	0.125
901	3342	0.25
902	3342	0.25
905	3342	0.5
1541	3342	0.25
1542	3342	0.25
1543	3342	0.5
2141	3342	0.125
2142	3342	0.125
2143	3342	0.125
2741	3342	0.125
2742	3342	0.125
2743	3342	0.125
3341	3342	0.5
901	3343	0.25
902	3343	0.25
905	3343	0.5
1541	3343	0.25
1542	3343	0.25
1543	3343	0.5
2141	3343	0.125
2142	3343	0.125
2143	3343	0.125
2741	3343	0.125
2742	3343	0.125
2743	3343	0.125
3341	3343	0.5
3342	3343	0.5
906	3344	0.25
907	3344	0.25
910	3344	0.5
1544	3344	0.25
1545	3344	0.25
1546	3344	0.5
2144	3344	0.125
2145	3344	0.125
2146	3344	0.125
2744	3344	0.125
2745	3344	0.125
2746	3344	0.125
906	3345	0.25
907	3345	0.25
910	3345	0.5
1544	3345	0.25
1545	3345	0.25
1546	3345	0.5
2144	3345	0.125
2145	3345	0.125
2146	3345	0.125
2744	3345	0.125
2745	3345	0.125
2746	3345	0.125
3344	3345	0.5
906	3346	0.25
907	3346	0.25
910	3346	0.5
1544	3346	0.25
1545	3346	0.25
1546	3346	0.5
2144	3346	0.125
2145	3346	0.125
2146	3346	0.125
2744	3346	0.125
2745	3346	0.125
2746	3346	0.125
3344	3346	0.5
3345	3346	0.5
911	3347	0.25
912	3347	0.25
915	3347	0.5
1547	3347	0.25
1548	3347	0.25
1549	3347	0.5
2147	3347	0.125
2148	3347	0.125
2149	3347	0.125
2747	3347	0.125
2748	3347	0.125
2749	3347	0.125
911	3348	0.25
912	3348	0.25
915	3348	0.5
1547	3348	0.25
1548	3348	0.25
1549	3348	0.5
2147	3348	0.125
2148	3348	0.125
2149	3348	0.125
2747	3348	0.125
2748	3348	0.125
2749	3348	0.125
3347	3348	0.5
911	3349	0.25
912	3349	0.25
915	3349	0.5
1547	3349	0.25
1548	3349	0.25
1549	3349	0.5
2147	3349	0.125
2148	3349	0.125
2149	3349	0.125
2747	3349	0.125
2748	3349	0.125
2749	3349	0.125
3347	3349	0.5
3348	3349	0.5
916	3350	0.25
917	3350	0.25
920	3350	0.5
1550	3350	0.25
1551	3350	0.25
1552	3350	0.5
2150	3350	0.125
2151	3350	0.125
2152	3350	0.125
2750	3350	0.125
2751	3350	0.125
2752	3350	0.125
916	3351	0.25
917	3351	0.25
920	3351	0.5
1550	3351	0.25
1551	3351	0.25
1552	3351	0.5
2150	3351	0.125
2151	3351	0.125
2152	3351	0.125
2750	3351	0.125
2751	3351	0.125
2752	3351	0.125
3350	3351	0.5
916	3352	0.25
917	3352	0.25
920	3352	0.5
1550	3352	0.25
1551	3352	0.25
1552	3352	0.5
2150	3352	0.125
2151	3352	0.125
2152	3352	0.125
2750	3352	0.125
2751	3352	0.125
2752	3352	0.125
3350	3352	0.5
3351	3352	0.5
921	3353	0.25
922	3353	0.25
925	3353	0.5
1553	3353	0.25
1554	3353	0.25
1555	3353	0.5
2153	3353	0.125
2154	3353	0.125
2155	3353	0.125
2753	3353	0.125
2754	3353	0.125
2755	3353	0.125
921	3354	0.25
922	3354	0.25
925	3354	0.5
1553	3354	0.25
1554	3354	0.25
1555	3354	0.5
2153	3354	0.125
2154	3354	0.125
2155	3354	0.125
2753	3354	0.125
2754	3354	0.125
2755	3354	0.125
3353	3354	0.5
921	3355	0.25
922	3355	0.25
925	3355	0.5
1553	3355	0.25
1554	3355	0.25
1555	3355	0.5
2153	3355	0.125
2154	3355	0.125
2155	3355	0.125
2753	3355	0.125
2754	3355	0.125
2755	3355	0.125
3353	3355	0.5
3354	3355	0.5
926	3356	0.25
927	3356	0.25
930	3356	0.5
1556	3356	0.25
1557	3356	0.25
1558	3356	0.5
2156	3356	0.125
2157	3356	0.125
2158	3356	0.125
2756	3356	0.125
2757	3356	0.125
2758	3356	0.125
926	3357	0.25
927	3357	0.25
930	3357	0.5
1556	3357	0.25
1557	3357	0.25
1558	3357	0.5
2156	3357	0.125
2157	3357	0.125
2158	3357	0.125
2756	3357	0.125
2757	3357	0.125
2758	3357	0.125
3356	3357	0.5
926	3358	0.25
927	3358	0.25
930	3358	0.5
1556	3358	0.25
1557	3358	0.25
1558	3358	0.5
2156	3358	0.125
2157	3358	0.125
2158	3358	0.125
2756	3358	0.125
2757	3358	0.125
2758	3358	0.125
3356	3358	0.5
3357	3358	0.5
931	3359	0.25
932	3359	0.25
935	3359	0.5
1559	3359	0.25
1560	3359	0.25
1561	3359	0.5
2159	3359	0.125
2160	3359	0.125
2161	3359	0.125
2759	3359	0.125
2760	3359	0.125
2761	3359	0.125
931	3360	0.25
932	3360	0.25
935	3360	0.5
1559	3360	0.25
1560	3360	0.25
1561	3360	0.5
2159	3360	0.125
2160	3360	0.125
2161	3360	0.125
2759	3360	0.125
2760	3360	0.125
2761	3360	0.125
3359	3360	0.5
931	3361	0.25
932	3361	0.25
935	3361	0.5
1559	3361	0.25
1560	3361	0.25
1561	3361	0.5
2159	3361	0.125
2160	3361	0.125
2161	3361	0.125
2759	3361	0.125
2760	3361	0.125
2761	3361	0.125
3359	3361	0.5
3360	3361	0.5
936	3362	0.25
937	3362	0.25
940	3362	0.5
1562	3362	0.25
1563	3362	0.25
1564	3362	0.5
2162	3362	0.125
2163	3362	0.125
2164	3362	0.125
2762	3362	0.125
2763	3362	0.125
2764	3362	0.125
936	3363	0.25
937	3363	0.25
940	3363	0.5
1562	3363	0.25
1563	3363	0.25
1564	3363	0.5
2162	3363	0.125
2163	3363	0.125
2164	3363	0.125
2762	3363	0.125
2763	3363	0.125
2764	3363	0.125
3362	3363	0.5
936	3364	0.25
937	3364	0.25
940	3364	0.5
1562	3364	0.25
1563	3364	0.25
1564	3364	0.5
2162	3364	0.125
2163	3364	0.125
2164	3364	0.125
2762	3364	0.125
2763	3364	0.125
2764	3364	0.125
3362	3364	0.5
3363	3364	0.5
941	3365	0.25
942	3365	0.25
945	3365	0.5
1565	3365	0.25
1566	3365	0.25
1567	3365	0.5
2165	3365	0.125
2166	3365	0.125
2167	3365	0.125
2765	3365	0.125
2766	3365	0.125
2767	3365	0.125
941	3366	0.25
942	3366	0.25
945	3366	0.5
1565	3366	0.25
1566	3366	0.25
1567	3366	0.5
2165	3366	0.125
2166	3366	0.125
2167	3366	0.125
2765	3366	0.125
2766	3366	0.125
2767	3366	0.125
3365	3366	0.5
941	3367	0.25
942	3367	0.25
945	3367	0.5
1565	3367	0.25
1566	3367	0.25
1567	3367	0.5
2165	3367	0.125
2166	3367	0.125
2167	3367	0.125
2765	3367	0.125
2766	3367	0.125
2767	3367	0.125
3365	3367	0.5
3366	3367	0.5
946	3368	0.25
947	3368	0.25
950	3368	0.5
1568	3368	0.25
1569	3368	0.25
1570	3368	0.5
2168	3368	0.125
2169	3368	0.125
2170	3368	0.125
2768	3368	0.125
2769	3368	0.125
2770	3368	0.125
946	3369	0.25
947	3369	0.25
950	3369	0.5
1568	3369	0.25
1569	3369	0.25
1570	3369	0.5
2168	3369	0.125
2169	3369	0.125
2170	3369	0.125
2768	3369	0.125
2769	3369	0.125
2770	3369	0.125
3368	3369	0.5
946	3370	0.25
947	3370	0.25
950	3370	0.5
1568	3370	0.25
1569	3370	0.25
1570	3370	0.5
2168	3370	0.125
2169	3370	0.125
2170	3370	0.125
2768	3370	0.125
2769	3370	0.125
2770	3370	0.125
3368	3370	0.5
3369	3370	0.5
951	3371	0.25
952	3371	0.25
955	3371	0.5
1571	3371	0.25
1572	3371	0.25
1573	3371	0.5
2171	3371	0.125
2172	3371	0.125
2173	3371	0.125
2771	3371	0.125
2772	3371	0.125
2773	3371	0.125
951	3372	0.25
952	3372	0.25
955	3372	0.5
1571	3372	0.25
1572	3372	0.25
1573	3372	0.5
2171	3372	0.125
2172	3372	0.125
2173	3372	0.125
2771	3372	0.125
2772	3372	0.125
2773	3372	0.125
3371	3372	0.5
951	3373	0.25
952	3373	0.25
955	3373	0.5
1571	3373	0.25
1572	3373	0.25
1573	3373	0.5
2171	3373	0.125
2172	3373	0.125
2173	3373	0.125
2771	3373	0.125
2772	3373	0.125
2773	3373	0.125
3371	3373	0.5
3372	3373	0.5
956	3374	0.25
957	3374	0.25
960	3374	0.5
1574	3374	0.25
1575	3374	0.25
1576	3374	0.5
2174	3374	0.125
2175	3374	0.125
2176	3374	0.125
2774	3374	0.125
2775	3374	0.125
2776	3374	0.125
956	3375	0.25
957	3375	0.25
960	3375	0.5
1574	3375	0.25
1575	3375	0.25
1576	3375	0.5
2174	3375	0.125
2175	3375	0.125
2176	3375	0.125
2774	3375	0.125
2775	3375	0.125
2776	3375	0.125
3374	3375	0.5
956	3376	0.25
957	3376	0.25
960	3376	0.5
1574	3376	0.25
1575	3376	0.25
1576	3376	0.5
2174	3376	0.125
2175	3376	0.125
2176	3376	0.125
2774	3376	0.125
2775	3376	0.125
2776	3376	0.125
3374	3376	0.5
3375	3376	0.5
961	3377	0.25
962	3377	0.25
965	3377	0.5
1577	3377	0.25
1578	3377	0.25
1579	3377	0.5
2177	3377	0.125
2178	3377	0.125
2179	3377	0.125
2777	3377	0.125
2778	3377	0.125
2779	3377	0.125
961	3378	0.25
962	3378	0.25
965	3378	0.5
1577	3378	0.25
1578	3378	0.25
1579	3378	0.5
2177	3378	0.125
2178	3378	0.125
2179	3378	0.125
2777	3378	0.125
2778	3378	0.125
2779	3378	0.125
3377	3378	0.5
961	3379	0.25
962	3379	0.25
965	3379	0.5
1577	3379	0.25
1578	3379	0.25
1579	3379	0.5
2177	3379	0.125
2178	3379	0.125
2179	3379	0.125
2777	3379	0.125
2778	3379	0.125
2779	3379	0.125
3377	3379	0.5
3378	3379	0.5
966	3380	0.25
967	3380	0.25
970	3380	0.5
1580	3380	0.25
1581	3380	0.25
1582	3380	0.5
2180	3380	0.125
2181	3380	0.125
2182	3380	0.125
2780	3380	0.125
2781	3380	0.125
2782	3380	0.125
966	3381	0.25
967	3381	0.25
970	3381	0.5
1580	3381	0.25
1581	3381	0.25
1582	3381	0.5
2180	3381	0.125
2181	3381	0.125
2182	3381	0.125
2780	3381	0.125
2781	3381	0.125
2782	3381	0.125
3380	3381	0.5
966	3382	0.25
967	3382	0.25
970	3382	0.5
1580	3382	0.25
1581	3382	0.25
1582	3382	0.5
2180	3382	0.125
2181	3382	0.125
2182	3382	0.125
2780	3382	0.125
2781	3382	0.125
2782	3382	0.125
3380	3382	0.5
3381	3382	0.5
971	3383	0.25
972	3383	0.25
975	3383	0.5
1583	3383	0.25
1584	3383	0.25
1585	3383	0.5
2183	3383	0.125
2184	3383	0.125
2185	3383	0.125
2783	3383	0.125
2784	3383	0.125
2785	3383	0.125
971	3384	0.25
972	3384	0.25
975	3384	0.5
1583	3384	0.25
1584	3384	0.25
1585	3384	0.5
2183	3384	0.125
2184	3384	0.125
2185	3384	0.125
2783	3384	0.125
2784	3384	0.125
2785	3384	0.125
3383	3384	0.5
971	3385	0.25
972	3385	0.25
975	3385	0.5
1583	3385	0.25
1584	3385	0.25
1585	3385	0.5
2183	3385	0.125
2184	3385	0.125
2185	3385	0.125
2783	3385	0.125
2784	3385	0.125
2785	3385	0.125
3383	3385	0.5
3384	3385	0.5
976	3386	0.25
977	3386	0.25
980	3386	0.5
1586	3386	0.25
1587	3386	0.25
1588	3386	0.5
2186	3386	0.125
2187	3386	0.125
2188	3386	0.125
2786	3386	0.125
2787	3386	0.125
2788	3386	0.125
976	3387	0.25
977	3387	0.25
980	3387	0.5
1586	3387	0.25
1587	3387	0.25
1588	3387	0.5
2186	3387	0.125
2187	3387	0.125
2188	3387	0.125
2786	3387	0.125
2787	3387	0.125
2788	3387	0.125
3386	3387	0.5
976	3388	0.25
977	3388	0.25
980	3388	0.5
1586	3388	0.25
1587	3388	0.25
1588	3388	0.5
2186	3388	0.125
2187	3388	0.125
2188	3388	0.125
2786	3388	0.125
2787	3388	0.125
2788	3388	0.125
3386	3388	0.5
3387	3388	0.5
981	3389	0.25
982	3389	0.25
985	3389	0.5
1589	3389	0.25
1590	3389	0.25
1591	3389	0.5
2189	3389	0.125
2190	3389	0.125
2191	3389	0.125
2789	3389	0.125
2790	3389	0.125
2791	3389	0.125
981	3390	0.25
982	3390	0.25
985	3390	0.5
1589	3390	0.25
1590	3390	0.25
1591	3390	0.5
2189	3390	0.125
2190	3390	0.125
2191	3390	0.125
2789	3390	0.125
2790	3390	0.125
2791	3390	0.125
3389	3390	0.5
981	3391	0.25
982	3391	0.25
985	3391	0.5
1589	3391	0.25
1590	3391	0.25
1591	3391	0.5
2189	3391	0.125
2190	3391	0.125
2191	3391	0.125
2789	3391	0.125
2790	3391	0.125
2791	3391	0.125
3389	3391	0.5
3390	3391	0.5
986	3392	0.25
987	3392	0.25
990	3392	0.5
1592	3392	0.25
1593	3392	0.25
1594	3392	0.5
2192	3392	0.125
2193	3392	0.125
2194	3392	0.125
2792	3392	0.125
2793	3392	0.125
2794	3392	0.125
986	3393	0.25
987	3393	0.25
990	3393	0.5
1592	3393	0.25
1593	3393	0.25
1594	3393	0.5
2192	3393	0.125
2193	3393	0.125
2194	3393	0.125
2792	3393	0.125
2793	3393	0.125
2794	3393	0.125
3392	3393	0.5
986	3394	0.25
987	3394	0.25
990	3394	0.5
1592	3394	0.25
1593	3394	0.25
1594	3394	0.5
2192	3394	0.125
2193	3394	0.125
2194	3394	0.125
2792	3394	0.125
2793	3394	0.125
2794	3394	0.125
3392	3394	0.5
3393	3394	0.5
991	3395	0.25
992	3395	0.25
995	3395	0.5
1595	3395	0.25
1596	3395	0.25
1597	3395	0.5
2195	3395	0.125
2196	3395	0.125
2197	3395	0.125
2795	3395	0.125
2796	3395	0.125
2797	3395	0.125
991	3396	0.25
992	3396	0.25
995	3396	0.5
1595	3396	0.25
1596	3396	0.25
1597	3396	0.5
2195	3396	0.125
2196	3396	0.125
2197	3396	0.125
2795	3396	0.125
2796	3396	0.125
2797	3396	0.125
3395	3396	0.5
991	3397	0.25
992	3397	0.25
995	3397	0.5
1595	3397	0.25
1596	3397	0.25
1597	3397	0.5
2195	3397	0.125
2196	3397	0.125
2197	3397	0.125
2795	3397	0.125
2796	3397	0.125
2797	3397	0.125
3395	3397	0.5
3396	3397	0.5
996	3398	0.25
997	3398	0.25
1000	3398	0.5
1598	3398	0.25
1599	3398	0.25
1600	3398	0.5
2198	3398	0.125
2199	3398	0.125
2200	3398	0.125
2798	3398	0.125
2799	3398	0.125
2800	3398	0.125
996	3399	0.25
997	3399	0.25
1000	3399	0.5
1598	3399	0.25
1599	3399	0.25
1600	3399	0.5
2198	3399	0.125
2199	3399	0.125
2200	3399	0.125
2798	3399	0.125
2799	3399	0.125
2800	3399	0.125
3398	3399	0.5
996	3400	0.25
997	3400	0.25
1000	3400	0.5
1598	3400	0.25
1599	3400	0.25
1600	3400	0.5
2198	3400	0.125
2199	3400	0.125
2200	3400	0.125
2798	3400	0.125
2799	3400	0.125
2800	3400	0.125
3398	3400	0.5
3399	3400	0.5
3401	5951	0.5
3402	5951	0.5
3401	5952	0.5
3402	5952	0.5
5951	5952	0.5
3403	5953	0.5
3404	5953	0.5
3403	5954	0.5
3404	5954	0.5
5953	5954	0.5
3405	5955	0.5
3406	5955	0.5
3405	5956	0.5
3406	5956	0.5
5955	5956	0.5
3407	5957	0.5
3408	5957	0.5
3407	5958	0.5
3408	5958	0.5
5957	5958	0.5
3409	5959	0.5
3410	5959	0.5
3409	5960	0.5
3410	5960	0.5
5959	5960	0.5
3411	5961	0.5
3412	5961	0.5
3411	5962	0.5
3412	5962	0.5
5961	5962	0.5
3413	5963	0.5
3414	5963	0.5
3413	5964	0.5
3414	5964	0.5
5963	5964	0.5
3415	5965	0.5
3416	5965	0.5
3415	5966	0.5
3416	5966	0.5
5965	5966	0.5
3417	5967	0.5
3418	5967	0.5
3417	5968	0.5
3418	5968	0.5
5967	5968	0.5
3419	5969	0.5
3420	5969	0.5
3419	5970	0.5
3420	5970	0.5
5969	5970	0.5
3421	5971	0.5
3422	5971	0.5
3421	5972	0.5
3422	5972	0.5
5971	5972	0.5
3423	5973	0.5
3424	5973	0.5
3423	5974	0.5
3424	5974	0.5
5973	5974	0.5
3425	5975	0.5
3426	5975	0.5
3425	5976	0.5
3426	5976	0.5
5975	5976	0.5
3427	5977	0.5
3428	5977	0.5
3427	5978	0.5
3428	5978	0.5
5977	5978	0.5
3429	5979	0.5
3430	5979	0.5
3429	5980	0.5
3430	5980	0.5
5979	5980	0.5
3431	5981	0.5
3432	5981	0.5
3431	5982	0.5
3432	5982	0.5
5981	5982	0.5
3433	5983	0.5
3434	5983	0.5
3433	5984	0.5
3434	5984	0.5
5983	5984	0.5
3435	5985	0.5
3436	5985	0.5
3435	5986	0.5
3436	5986	0.5
5985	5986	0.5
3437	5987	0.5
3438	5987	0.5
3437	5988	0.5
3438	5988	0.5
5987	5988	0.5
3439	5989	0.5
3440	5989	0.5
3439	5990	0.5
3440	5990	0.5
5989	5990	0.5
3441	5991	0.5
3442	5991	0.5
3441	5992	0.5
3442	5992	0.5
5991	5992	0.5
3443	5993	0.5
3444	5993	0.5
3443	5994	0.5
3444	5994	0.5
5993	5994	0.5
3445	5995	0.5
3446	5995	0.5
3445	5996	0.5
3446	5996	0.5
5995	5996	0.5
3447	5997	0.5
3448	5997	0.5
3447	5998	0.5
3448	5998	0.5
5997	5998	0.5
3449	5999	0.5
3450	5999	0.5
3449	6000	0.5
3450	6000	0.5
5999	6000	0.5
3451	6001	0.5
3452	6001	0.5
3451	6002	0.5
3452	6002	0.5
6001	6002	0.5
3453	6003	0.5
3454	6003	0.5
3453	6004	0.5
3454	6004	0.5
6003	6004	0.5
3455	6005	0.5
3456	6005	0.5
3455	6006	0.5
3456	6006	0.5
6005	6006	0.5
3457	6007	0.5
3458	6007	0.5
3457	6008	0.5
3458	6008	0.5
6007	6008	0.5
3459	6009	0.5
3460	6009	0.5
3459	6010	0.5
3460	6010	0.5
6009	6010	0.5
3461	6011	0.5
3462	6011	0.5
3461	6012	0.5
3462	6012	0.5
6011	6012	0.5
3463	6013	0.5
3464	6013	0.5
3463	6014	0.5
3464	6014	0.5
6013	6014	0.5
3465	6015	0.5
3466	6015	0.5
3465	6016	0.5
3466	6016	0.5
6015	6016	0.5
3467	6017	0.5
3468	6017	0.5
3467	6018	0.5
3468	6018	0.5
6017	6018	0.5
3469	6019	0.5
3470	6019	0.5
3469	6020	0.5
3470	6020	0.5
6019	6020	0.5
3471	6021	0.5
3472	6021	0.5
3471	6022	0.5
3472	6022	0.5
6021	6022	0.5
3473	6023	0.5
3474	6023	0.5
3473	6024	0.5
3474	6024	0.5
6023	6024	0.5
3475	6025	0.5
3476	6025	0.5
3475	6026	0.5
3476	6026	0.5
6025	6026	0.5
3477	6027	0.5
3478	6027	0.5
3477	6028	0.5
3478	6028	0.5
6027	6028	0.5
3479	6029	0.5
3480	6029	0.5
3479	6030	0.5
3480	6030	0.5
6029	6030	0.5
3481	6031	0.5
3482	6031	0.5
3481	6032	0.5
3482	6032	0.5
6031	6032	0.5
3483	6033	0.5
3484	6033	0.5
3483	6034	0.5
3484	6034	0.5
6033	6034	0.5
3485	6035	0.5
3486	6035	0.5
3485	6036	0.5
3486	6036	0.5
6035	6036	0.5
3487	6037	0.5
3488	6037	0.5
3487	6038	0.5
3488	6038	0.5
6037	6038	0.5
3489	6039	0.5
3490	6039	0.5
3489	6040	0.5
3490	6040	0.5
6039	6040	0.5
3491	6041	0.5
3492	6041	0.5
3491	6042	0.5
3492	6042	0.5
6041	6042	0.5
3493	6043	0.5
3494	6043	0.5
3493	6044	0.5
3494	6044	0.5
6043	6044	0.5
3495	6045	0.5
3496	6045	0.5
3495	6046	0.5
3496	6046	0.5
6045	6046	0.5
3497	6047	0.5
3498	6047	0.5
3497	6048	0.5
3498	6048	0.5
6047	6048	0.5
3499	6049	0.5
3500	6049	0.5
3499	6050	0.5
3500	6050	0.5
6049	6050	0.5
3501	6051	0.5
3502	6051	0.5
3501	6052	0.5
3502	6052	0.5
6051	6052	0.5
3503	6053	0.5
3504	6053	0.5
3503	6054	0.5
3504	6054	0.5
6053	6054	0.5
3505	6055	0.5
3506	6055	0.5
3505	6056	0.5
3506	6056	0.5
6055	6056	0.5
3507	6057	0.5
3508	6057	0.5
3507	6058	0.5
3508	6058	0.5
6057	6058	0.5
3509	6059	0.5
3510	6059	0.5
3509	6060	0.5
3510	6060	0.5
6059	6060	0.5
3511	6061	0.5
3512	6061	0.5
3511	6062	0.5
3512	6062	0.5
6061	6062	0.5
3513	6063	0.5
3514	6063	0.5
3513	6064	0.5
3514	6064	0.5
6063	6064	0.5
3515	6065	0.5
3516	6065	0.5
3515	6066	0.5
3516	6066	0.5
6065	6066	0.5
3517	6067	0.5
3518	6067	0.5
3517	6068	0.5
3518	6068	0.5
6067	6068	0.5
3519	6069	0.5
3520	6069	0.5
3519	6070	0.5
3520	6070	0.5
6069	6070	0.5
3521	6071	0.5
3522	6071	0.5
3521	6072	0.5
3522	6072	0.5
6071	6072	0.5
3523	6073	0.5
3524	6073	0.5
3523	6074	0.5
3524	6074	0.5
6073	6074	0.5
3525	6075	0.5
3526	6075	0.5
3525	6076	0.5
3526	6076	0.5
6075	6076	0.5
3527	6077	0.5
3528	6077	0.5
3527	6078	0.5
3528	6078	0.5
6077	6078	0.5
3529	6079	0.5
3530	6079	0.5
3529	6080	0.5
3530	6080	0.5
6079	6080	0.5
3531	6081	0.5
3532	6081	0.5
3531	6082	0.5
3532	6082	0.5
6081	6082	0.5
3533	6083	0.5
3534	6083	0.5
3533	6084	0.5
3534	6084	0.5
6083	6084	0.5
3535	6085	0.5
3536	6085	0.5
3535	6086	0.5
3536	6086	0.5
6085	6086	0.5
3537	6087	0.5
3538	6087	0.5
3537	6088	0.5
3538	6088	0.5
6087	6088	0.5
3539	6089	0.5
3540	6089	0.5
3539	6090	0.5
3540	6090	0.5
6089	6090	0.5
3541	6091	0.5
3542	6091	0.5
3541	6092	0.5
3542	6092	0.5
6091	6092	0.5
3543	6093	0.5
3544	6093	0.5
3543	6094	0.5
3544	6094	0.5
6093	6094	0.5
3545	6095	0.5
3546	6095	0.5
3545	6096	0.5
3546	6096	0.5
6095	6096	0.5
3547	6097	0.5
3548	6097	0.5
3547	6098	0.5
3548	6098	0.5
6097	6098	0.5
3549	6099	0.5
3550	6099	0.5
3549	6100	0.5
3550	6100	0.5
6099	6100	0.5
3551	6101	0.5
3552	6101	0.5
3551	6102	0.5
3552	6102	0.5
6101	6102	0.5
3553	6103	0.5
3554	6103	0.5
3553	6104	0.5
3554	6104	0.5
6103	6104	0.5
3555	6105	0.5
3556	6105	0.5
3555	6106	0.5
3556	6106	0.5
6105	6106	0.5
3557	6107	0.5
3558	6107	0.5
3557	6108	0.5
3558	6108	0.5
6107	6108	0.5
3559	6109	0.5
3560	6109	0.5
3559	6110	0.5
3560	6110	0.5
6109	6110	0.5
3561	6111	0.5
3562	6111	0.5
3561	6112	0.5
3562	6112	0.5
6111	6112	0.5
3563	6113	0.5
3564	6113	0.5
3563	6114	0.5
3564	6114	0.5
6113	6114	0.5
3565	6115	0.5
3566	6115	0.5
3565	6116	0.5
3566	6116	0.5
6115	6116	0.5
3567	6117	0.5
3568	6117	0.5
3567	6118	0.5
3568	6118	0.5
6117	6118	0.5
3569	6119	0.5
3570	6119	0.5
3569	6120	0.5
3570	6120	0.5
6119	6120	0.5
3571	6121	0.5
3572	6121	0.5
3571	6122	0.5
3572	6122	0.5
6121	6122	0.5
3573	6123	0.5
3574	6123	0.5
3573	6124	0.5
3574	6124	0.5
6123	6124	0.5
3575	6125	0.5
3576	6125	0.5
3575	6126	0.5
3576	6126	0.5
6125	6126	0.5
3577	6127	0.5
3578	6127	0.5
3577	6128	0.5
3578	6128	0.5
6127	6128	0.5
3579	6129	0.5
3580	6129	0.5
3579	6130	0.5
3580	6130	0.5
6129	6130	0.5
3581	6131	0.5
3582	6131	0.5
3581	6132	0.5
3582	6132	0.5
6131	6132	0.5
3583	6133	0.5
3584	6133	0.5
3583	6134	0.5
3584	6134	0.5
6133	6134	0.5
3585	6135	0.5
3586	6135	0.5
3585	6136	0.5
3586	6136	0.5
6135	6136	0.5
3587	6137	0.5
3588	6137	0.5
3587	6138	0.5
3588	6138	0.5
6137	6138	0.5
3589	6139	0.5
3590	6139	0.5
3589	6140	0.5
3590	6140	0.5
6139	6140	0.5
3591	6141	0.5
3592	6141	0.5
3591	6142	0.5
3592	6142	0.5
6141	6142	0.5
3593	6143	0.5
3594	6143	0.5
3593	6144	0.5
3594	6144	0.5
6143	6144	0.5
3595	6145	0.5
3596	6145	0.5
3595	6146	0.5
3596	6146	0.5
6145	6146	0.5
3597	6147	0.5
3598	6147	0.5
3597	6148	0.5
3598	6148	0.5
6147	6148	0.5
3599	6149	0.5
3600	6149	0.5
3599	6150	0.5
3600	6150	0.5
6149	6150	0.5
3601	6151	0.5
3602	6151	0.5
3601	6152	0.5
3602	6152	0.5
6151	6152	0.5
3603	6153	0.5
3604	6153	0.5
3603	6154	0.5
3604	6154	0.5
6153	6154	0.5
3605	6155	0.5
3606	6155	0.5
3605	6156	0.5
3606	6156	0.5
6155	6156	0.5
3607	6157	0.5
3608	6157	0.5
3607	6158	0.5
3608	6158	0.5
6157	6158	0.5
3609	6159	0.5
3610	6159	0.5
3609	6160	0.5
3610	6160	0.5
6159	6160	0.5
3611	6161	0.5
3612	6161	0.5
3611	6162	0.5
3612	6162	0.5
6161	6162	0.5
3613	6163	0.5
3614	6163	0.5
3613	6164	0.5
3614	6164	0.5
6163	6164	0.5
3615	6165	0.5
3616	6165	0.5
3615	6166	0.5
3616	6166	0.5
6165	6166	0.5
3617	6167	0.5
3618	6167	0.5
3617	6168	0.5
3618	6168	0.5
6167	6168	0.5
3619	6169	0.5
3620	6169	0.5
3619	6170	0.5
3620	6170	0.5
6169	6170	0.5
3621	6171	0.5
3622	6171	0.5
3621	6172	0.5
3622	6172	0.5
6171	6172	0.5
3623	6173	0.5
3624	6173	0.5
3623	6174	0.5
3624	6174	0.5
6173	6174	0.5
3625	6175	0.5
3626	6175	0.5
3625	6176	0.5
3626	6176	0.5
6175	6176	0.5
3627	6177	0.5
3628	6177	0.5
3627	6178	0.5
3628	6178	0.5
6177	6178	0.5
3629	6179	0.5
3630	6179	0.5
3629	6180	0.5
3630	6180	0.5
6179	6180	0.5
3631	6181	0.5
3632	6181	0.5
3631	6182	0.5
3632	6182	0.5
6181	6182	0.5
3633	6183	0.5
3634	6183	0.5
3633	6184	0.5
3634	6184	0.5
6183	6184	0.5
3635	6185	0.5
3636	6185	0.5
3635	6186	0.5
3636	6186	0.5
6185	6186	0.5
3637	6187	0.5
3638	6187	0.5
3637	6188	0.5
3638	6188	0.5
6187	6188	0.5
3639	6189	0.5
3640	6189	0.5
3639	6190	0.5
3640	6190	0.5
6189	6190	0.5
3641	6191	0.5
3642	6191	0.5
3641	6192	0.5
3642	6192	0.5
6191	6192	0.5
3643	6193	0.5
3644	6193	0.5
3643	6194	0.5
3644	6194	0.5
6193	6194	0.5
3645	6195	0.5
3646	6195	0.5
3645	6196	0.5
3646	6196	0.5
6195	6196	0.5
3647	6197	0.5
3648	6197	0.5
3647	6198	0.5
3648	6198	0.5
6197	6198	0.5
3649	6199	0.5
3650	6199	0.5
3649	6200	0.5
3650	6200	0.5
6199	6200	0.5
3651	6201	0.5
3652	6201	0.5
3651	6202	0.5
3652	6202	0.5
6201	6202	0.5
3653	6203	0.5
3654	6203	0.5
3653	6204	0.5
3654	6204	0.5
6203	6204	0.5
3655	6205	0.5
3656	6205	0.5
3655	6206	0.5
3656	6206	0.5
6205	6206	0.5
3657	6207	0.5
3658	6207	0.5
3657	6208	0.5
3658	6208	0.5
6207	6208	0.5
3659	6209	0.5
3660	6209	0.5
3659	6210	0.5
3660	6210	0.5
6209	6210	0.5
3661	6211	0.5
3662	6211	0.5
3661	6212	0.5
3662	6212	0.5
6211	6212	0.5
3663	6213	0.5
3664	6213	0.5
3663	6214	0.5
3664	6214	0.5
6213	6214	0.5
3665	6215	0.5
3666	6215	0.5
3665	6216	0.5
3666	6216	0.5
6215	6216	0.5
3667	6217	0.5
3668	6217	0.5
3667	6218	0.5
3668	6218	0.5
6217	6218	0.5
3669	6219	0.5
3670	6219	0.5
3669	6220	0.5
3670	6220	0.5
6219	6220	0.5
3671	6221	0.5
3672	6221	0.5
3671	6222	0.5
3672	6222	0.5
6221	6222	0.5
3673	6223	0.5
3674	6223	0.5
3673	6224	0.5
3674	6224	0.5
6223	6224	0.5
3675	6225	0.5
3676	6225	0.5
3675	6226	0.5
3676	6226	0.5
6225	6226	0.5
3677	6227	0.5
3678	6227	0.5
3677	6228	0.5
3678	6228	0.5
6227	6228	0.5
3679	6229	0.5
3680	6229	0.5
3679	6230	0.5
3680	6230	0.5
6229	6230	0.5
3681	6231	0.5
3682	6231	0.5
3681	6232	0.5
3682	6232	0.5
6231	6232	0.5
3683	6233	0.5
3684	6233	0.5
3683	6234	0.5
3684	6234	0.5
6233	6234	0.5
3685	6235	0.5
3686	6235	0.5
3685	6236	0.5
3686	6236	0.5
6235	6236	0.5
3687	6237	0.5
3688	6237	0.5
3687	6238	0.5
3688	6238	0.5
6237	6238	0.5
3689	6239	0.5
3690	6239	0.5
3689	6240	0.5
3690	6240	0.5
6239	6240	0.5
3691	6241	0.5
3692	6241	0.5
3691	6242	0.5
3692	6242	0.5
6241	6242	0.5
3693	6243	0.5
3694	6243	0.5
3693	6244	0.5
3694	6244	0.5
6243	6244	0.5
3695	6245	0.5
3696	6245	0.5
3695	6246	0.5
3696	6246	0.5
6245	6246	0.5
3697	6247	0.5
3698	6247	0.5
3697	6248	0.5
3698	6248	0.5
6247	6248	0.5
3699	6249	0.5
3700	6249	0.5
3699	6250	0.5
3700	6250	0.5
6249	6250	0.5
3701	6251	0.5
3702	6251	0.5
3701	6252	0.5
3702	6252	0.5
6251	6252	0.5
3703	6253	0.5
3704	6253	0.5
3703	6254	0.5
3704	6254	0.5
6253	6254	0.5
3705	6255	0.5
3706	6255	0.5
3705	6256	0.5
3706	6256	0.5
6255	6256	0.5
3707	6257	0.5
3708	6257	0.5
3707	6258	0.5
3708	6258	0.5
6257	6258	0.5
3709	6259	0.5
3710	6259	0.5
3709	6260	0.5
3710	6260	0.5
6259	6260	0.5
3711	6261	0.5
3712	6261	0.5
3711	6262	0.5
3712	6262	0.5
6261	6262	0.5
3713	6263	0.5
3714	6263	0.5
3713	6264	0.5
3714	6264	0.5
6263	6264	0.5
3715	6265	0.5
3716	6265	0.5
3715	6266	0.5
3716	6266	0.5
6265	6266	0.5
3717	6267	0.5
3718	6267	0.5
3717	6268	0.5
3718	6268	0.5
6267	6268	0.5
3719	6269	0.5
3720	6269	0.5
3719	6270	0.5
3720	6270	0.5
6269	6270	0.5
3721	6271	0.5
3722	6271	0.5
3721	6272	0.5
3722	6272	0.5
6271	6272	0.5
3723	6273	0.5
3724	6273	0.5
3723	6274	0.5
3724	6274	0.5
6273	6274	0.5
3725	6275	0.5
3726	6275	0.5
3725	6276	0.5
3726	6276	0.5
6275	6276	0.5
3727	6277	0.5
3728	6277	0.5
3727	6278	0.5
3728	6278	0.5
6277	6278	0.5
3729	6279	0.5
3730	6279	0.5
3729	6280	0.5
3730	6280	0.5
6279	6280	0.5
3731	6281	0.5
3732	6281	0.5
3731	6282	0.5
3732	6282	0.5
6281	6282	0.5
3733	6283	0.5
3734	6283	0.5
3733	6284	0.5
3734	6284	0.5
6283	6284	0.5
3735	6285	0.5
3736	6285	0.5
3735	6286	0.5
3736	6286	0.5
6285	6286	0.5
3737	6287	0.5
3738	6287	0.5
3737	6288	0.5
3738	6288	0.5
6287	6288	0.5
3739	6289	0.5
3740	6289	0.5
3739	6290	0.5
3740	6290	0.5
6289	6290	0.5
3741	6291	0.5
3742	6291	0.5
3741	6292	0.5
3742	6292	0.5
6291	6292	0.5
3743	6293	0.5
3744	6293	0.5
3743	6294	0.5
3744	6294	0.5
6293	6294	0.5
3745	6295	0.5
3746	6295	0.5
3745	6296	0.5
3746	6296	0.5
6295	6296	0.5
3747	6297	0.5
3748	6297	0.5
3747	6298	0.5
3748	6298	0.5
6297	6298	0.5
3749	6299	0.5
3750	6299	0.5
3749	6300	0.5
3750	6300	0.5
6299	6300	0.5
3751	6301	0.5
3752	6301	0.5
3751	6302	0.5
3752	6302	0.5
6301	6302	0.5
3753	6303	0.5
3754	6303	0.5
3753	6304	0.5
3754	6304	0.5
6303	6304	0.5
3755	6305	0.5
3756	6305	0.5
3755	6306	0.5
3756	6306	0.5
6305	6306	0.5
3757	6307	0.5
3758	6307	0.5
3757	6308	0.5
3758	6308	0.5
6307	6308	0.5
3759	6309	0.5
3760	6309	0.5
3759	6310	0.5
3760	6310	0.5
6309	6310	0.5
3761	6311	0.5
3762	6311	0.5
3761	6312	0.5
3762	6312	0.5
6311	6312	0.5
3763	6313	0.5
3764	6313	0.5
3763	6314	0.5
3764	6314	0.5
6313	6314	0.5
3765	6315	0.5
3766	6315	0.5
3765	6316	0.5
3766	6316	0.5
6315	6316	0.5
3767	6317	0.5
3768	6317	0.5
3767	6318	0.5
3768	6318	0.5
6317	6318	0.5
3769	6319	0.5
3770	6319	0.5
3769	6320	0.5
3770	6320	0.5
6319	6320	0.5
3771	6321	0.5
3772	6321	0.5
3771	6322	0.5
3772	6322	0.5
6321	6322	0.5
3773	6323	0.5
3774	6323	0.5
3773	6324	0.5
3774	6324	0.5
6323	6324	0.5
3775	6325	0.5
3776	6325	0.5
3775	6326	0.5
3776	6326	0.5
6325	6326	0.5
3777	6327	0.5
3778	6327	0.5
3777	6328	0.5
3778	6328	0.5
6327	6328	0.5
3779	6329	0.5
3780	6329	0.5
3779	6330	0.5
3780	6330	0.5
6329	6330	0.5
3781	6331	0.5
3782	6331	0.5
3781	6332	0.5
3782	6332	0.5
6331	6332	0.5
3783	6333	0.5
3784	6333	0.5
3783	6334	0.5
3784	6334	0.5
6333	6334	0.5
3785	6335	0.5
3786	6335	0.5
3785	6336	0.5
3786	6336	0.5
6335	6336	0.5
3787	6337	0.5
3788	6337	0.5
3787	6338	0.5
3788	6338	0.5
6337	6338	0.5
3789	6339	0.5
3790	6339	0.5
3789	6340	0.5
3790	6340	0.5
6339	6340	0.5
3791	6341	0.5
3792	6341	0.5
3791	6342	0.5
3792	6342	0.5
6341	6342	0.5
3793	6343	0.5
3794	6343	0.5
3793	6344	0.5
3794	6344	0.5
6343	6344	0.5
3795	6345	0.5
3796	6345	0.5
3795	6346	0.5
3796	6346	0.5
6345	6346	0.5
3797	6347	0.5
3798	6347	0.5
3797	6348	0.5
3798	6348	0.5
6347	6348	0.5
3799	6349	0.5
3800	6349	0.5
3799	6350	0.5
3800	6350	0.5
6349	6350	0.5
3801	6351	0.5
3802	6351	0.5
3801	6352	0.5
3802	6352	0.5
6351	6352	0.5
3803	6353	0.5
3804	6353	0.5
3803	6354	0.5
3804	6354	0.5
6353	6354	0.5
3805	6355	0.5
3806	6355	0.5
3805	6356	0.5
3806	6356	0.5
6355	6356	0.5
3807	6357	0.5
3808	6357	0.5
3807	6358	0.5
3808	6358	0.5
6357	6358	0.5
3809	6359	0.5
3810	6359	0.5
3809	6360	0.5
3810	6360	0.5
6359	6360	0.5
3811	6361	0.5
3812	6361	0.5
3811	6362	0.5
3812	6362	0.5
6361	6362	0.5
3813	6363	0.5
3814	6363	0.5
3813	6364	0.5
3814	6364	0.5
6363	6364	0.5
3815	6365	0.5
3816	6365	0.5
3815	6366	0.5
3816	6366	0.5
6365	6366	0.5
3817	6367	0.5
3818	6367	0.5
3817	6368	0.5
3818	6368	0.5
6367	6368	0.5
3819	6369	0.5
3820	6369	0.5
3819	6370	0.5
3820	6370	0.5
6369	6370	0.5
3821	6371	0.5
3822	6371	0.5
3821	6372	0.5
3822	6372	0.5
6371	6372	0.5
3823	6373	0.5
3824	6373	0.5
3823	6374	0.5
3824	6374	0.5
6373	6374	0.5
3825	6375	0.5
3826	6375	0.5
3825	6376	0.5
3826	6376	0.5
6375	6376	0.5
3827	6377	0.5
3828	6377	0.5
3827	6378	0.5
3828	6378	0.5
6377	6378	0.5
3829	6379	0.5
3830	6379	0.5
3829	6380	0.5
3830	6380	0.5
6379	6380	0.5
3831	6381	0.5
3832	6381	0.5
3831	6382	0.5
3832	6382	0.5
6381	6382	0.5
3833	6383	0.5
3834	6383	0.5
3833	6384	0.5
3834	6384	0.5
6383	6384	0.5
3835	6385	0.5
3836	6385	0.5
3835	6386	0.5
3836	6386	0.5
6385	6386	0.5
3837	6387	0.5
3838	6387	0.5
3837	6388	0.5
3838	6388	0.5
6387	6388	0.5
3839	6389	0.5
3840	6389	0.5
3839	6390	0.5
3840	6390	0.5
6389	6390	0.5
3841	6391	0.5
3842	6391	0.5
3841	6392	0.5
3842	6392	0.5
6391	6392	0.5
3843	6393	0.5
3844	6393	0.5
3843	6394	0.5
3844	6394	0.5
6393	6394	0.5
3845	6395	0.5
3846	6395	0.5
3845	6396	0.5
3846	6396	0.5
6395	6396	0.5
3847	6397	0.5
3848	6397	0.5
3847	6398	0.5
3848	6398	0.5
6397	6398	0.5
3849	6399	0.5
3850	6399	0.5
3849	6400	0.5
3850	6400	0.5
6399	6400	0.5
3851	6401	0.5
3852	6401	0.5
3851	6402	0.5
3852	6402	0.5
6401	6402	0.5
3853	6403	0.5
3854	6403	0.5
3853	6404	0.5
3854	6404	0.5
6403	6404	0.5
3855	6405	0.5
3856	6405	0.5
3855	6406	0.5
3856	6406	0.5
6405	6406	0.5
3857	6407	0.5
3858	6407	0.5
3857	6408	0.5
3858	6408	0.5
6407	6408	0.5
3859	6409	0.5
3860	6409	0.5
3859	6410	0.5
3860	6410	0.5
6409	6410	0.5
3861	6411	0.5
3862	6411	0.5
3861	6412	0.5
3862	6412	0.5
6411	6412	0.5
3863	6413	0.5
3864	6413	0.5
3863	6414	0.5
3864	6414	0.5
6413	6414	0.5
3865	6415	0.5
3866	6415	0.5
3865	6416	0.5
3866	6416	0.5
6415	6416	0.5
3867	6417	0.5
3868	6417	0.5
3867	6418	0.5
3868	6418	0.5
6417	6418	0.5
3869	6419	0.5
3870	6419	0.5
3869	6420	0.5
3870	6420	0.5
6419	6420	0.5
3871	6421	0.5
3872	6421	0.5
3871	6422	0.5
3872	6422	0.5
6421	6422	0.5
3873	6423	0.5
3874	6423	0.5
3873	6424	0.5
3874	6424	0.5
6423	6424	0.5
3875	6425	0.5
3876	6425	0.5
3875	6426	0.5
3876	6426	0.5
6425	6426	0.5
3877	6427	0.5
3878	6427	0.5
3877	6428	0.5
3878	6428	0.5
6427	6428	0.5
3879	6429	0.5
3880	6429	0.5
3879	6430	0.5
3880	6430	0.5
6429	6430	0.5
3881	6431	0.5
3882	6431	0.5
3881	6432	0.5
3882	6432	0.5
6431	6432	0.5
3883	6433	0.5
3884	6433	0.5
3883	6434	0.5
3884	6434	0.5
6433	6434	0.5
3885	6435	0.5
3886	6435	0.5
3885	6436	0.5
3886	6436	0.5
6435	6436	0.5
3887	6437	0.5
3888	6437	0.5
3887	6438	0.5
3888	6438	0.5
6437	6438	0.5
3889	6439	0.5
3890	6439	0.5
3889	6440	0.5
3890	6440	0.5
6439	6440	0.5
3891	6441	0.5
3892	6441	0.5
3891	6442	0.5
3892	6442	0.5
6441	6442	0.5
3893	6443	0.5
3894	6443	0.5
3893	6444	0.5
3894	6444	0.5
6443	6444	0.5
3895	6445	0.5
3896	6445	0.5
3895	6446	0.5
3896	6446	0.5
6445	6446	0.5
3897	6447	0.5
3898	6447	0.5
3897	6448	0.5
3898	6448	0.5
6447	6448	0.5
3899	6449	0.5
3900	6449	0.5
3899	6450	0.5
3900	6450	0.5
6449	6450	0.5
3901	6451	0.5
3902	6451	0.5
3901	6452	0.5
3902	6452	0.5
6451	6452	0.5
3903	6453	0.5
3904	6453	0.5
3903	6454	0.5
3904	6454	0.5
6453	6454	0.5
3905	6455	0.5
3906	6455	0.5
3905	6456	0.5
3906	6456	0.5
6455	6456	0.5
3907	6457	0.5
3908	6457	0.5
3907	6458	0.5
3908	6458	0.5
6457	6458	0.5
3909	6459	0.5
3910	6459	0.5
3909	6460	0.5
3910	6460	0.5
6459	6460	0.5
3911	6461	0.5
3912	6461	0.5
3911	6462	0.5
3912	6462	0.5
6461	6462	0.5
3913	6463	0.5
3914	6463	0.5
3913	6464	0.5
3914	6464	0.5
6463	6464	0.5
3915	6465	0.5
3916	6465	0.5
3915	6466	0.5
3916	6466	0.5
6465	6466	0.5
3917	6467	0.5
3918	6467	0.5
3917	6468	0.5
3918	6468	0.5
6467	6468	0.5
3919	6469	0.5
3920	6469	0.5
3919	6470	0.5
3920	6470	0.5
6469	6470	0.5
3921	6471	0.5
3922	6471	0.5
3921	6472	0.5
3922	6472	0.5
6471	6472	0.5
3923	6473	0.5
3924	6473	0.5
3923	6474	0.5
3924	6474	0.5
6473	6474	0.5
3925	6475	0.5
3926	6475	0.5
3925	6476	0.5
3926	6476	0.5
6475	6476	0.5
3927	6477	0.5
3928	6477	0.5
3927	6478	0.5
3928	6478	0.5
6477	6478	0.5
3929	6479	0.5
3930	6479	0.5
3929	6480	0.5
3930	6480	0.5
6479	6480	0.5
3931	6481	0.5
3932	6481	0.5
3931	6482	0.5
3932	6482	0.5
6481	6482	0.5
3933	6483	0.5
3934	6483	0.5
3933	6484	0.5
3934	6484	0.5
6483	6484	0.5
3935	6485	0.5
3936	6485	0.5
3935	6486	0.5
3936	6486	0.5
6485	6486	0.5
3937	6487	0.5
3938	6487	0.5
3937	6488	0.5
3938	6488	0.5
6487	6488	0.5
3939	6489	0.5
3940	6489	0.5
3939	6490	0.5
3940	6490	0.5
6489	6490	0.5
3941	6491	0.5
3942	6491	0.5
3941	6492	0.5
3942	6492	0.5
6491	6492	0.5
3943	6493	0.5
3944	6493	0.5
3943	6494	0.5
3944	6494	0.5
6493	6494	0.5
3945	6495	0.5
3946	6495	0.5
3945	6496	0.5
3946	6496	0.5
6495	6496	0.5
3947	6497	0.5
3948	6497	0.5
3947	6498	0.5
3948	6498	0.5
6497	6498	0.5
3949	6499	0.5
3950	6499	0.5
3949	6500	0.5
3950	6500	0.5
6499	6500	0.5
3951	6501	0.5
3952	6501	0.5
3951	6502	0.5
3952	6502	0.5
6501	6502	0.5
3953	6503	0.5
3954	6503	0.5
3953	6504	0.5
3954	6504	0.5
6503	6504	0.5
3955	6505	0.5
3956	6505	0.5
3955	6506	0.5
3956	6506	0.5
6505	6506	0.5
3957	6507	0.5
3958	6507	0.5
3957	6508	0.5
3958	6508	0.5
6507	6508	0.5
3959	6509	0.5
3960	6509	0.5
3959	6510	0.5
3960	6510	0.5
6509	6510	0.5
3961	6511	0.5
3962	6511	0.5
3961	6512	0.5
3962	6512	0.5
6511	6512	0.5
3963	6513	0.5
3964	6513	0.5
3963	6514	0.5
3964	6514	0.5
6513	6514	0.5
3965	6515	0.5
3966	6515	0.5
3965	6516	0.5
3966	6516	0.5
6515	6516	0.5
3967	6517	0.5
3968	6517	0.5
3967	6518	0.5
3968	6518	0.5
6517	6518	0.5
3969	6519	0.5
3970	6519	0.5
3969	6520	0.5
3970	6520	0.5
6519	6520	0.5
3971	6521	0.5
3972	6521	0.5
3971	6522	0.5
3972	6522	0.5
6521	6522	0.5
3973	6523	0.5
3974	6523	0.5
3973	6524	0.5
3974	6524	0.5
6523	6524	0.5
3975	6525	0.5
3976	6525	0.5
3975	6526	0.5
3976	6526	0.5
6525	6526	0.5
3977	6527	0.5
3978	6527	0.5
3977	6528	0.5
3978	6528	0.5
6527	6528	0.5
3979	6529	0.5
3980	6529	0.5
3979	6530	0.5
3980	6530	0.5
6529	6530	0.5
3981	6531	0.5
3982	6531	0.5
3981	6532	0.5
3982	6532	0.5
6531	6532	0.5
3983	6533	0.5
3984	6533	0.5
3983	6534	0.5
3984	6534	0.5
6533	6534	0.5
3985	6535	0.5
3986	6535	0.5
3985	6536	0.5
3986	6536	0.5
6535	6536	0.5
3987	6537	0.5
3988	6537	0.5
3987	6538	0.5
3988	6538	0.5
6537	6538	0.5
3989	6539	0.5
3990	6539	0.5
3989	6540	0.5
3990	6540	0.5
6539	6540	0.5
3991	6541	0.5
3992	6541	0.5
3991	6542	0.5
3992	6542	0.5
6541	6542	0.5
3993	6543	0.5
3994	6543	0.5
3993	6544	0.5
3994	6544	0.5
6543	6544	0.5
3995	6545	0.5
3996	6545	0.5
3995	6546	0.5
3996	6546	0.5
6545	6546	0.5
3997	6547	0.5
3998	6547	0.5
3997	6548	0.5
3998	6548	0.5
6547	6548	0.5
3999	6549	0.5
4000	6549	0.5
3999	6550	0.5
4000	6550	0.5
6549	6550	0.5
4001	6551	0.5
4002	6551	0.5
4001	6552	0.5
4002	6552	0.5
6551	6552	0.5
4003	6553	0.5
4004	6553	0.5
4003	6554	0.5
4004	6554	0.5
6553	6554	0.5
4005	6555	0.5
4006	6555	0.5
4005	6556	0.5
4006	6556	0.5
6555	6556	0.5
4007	6557	0.5
4008	6557	0.5
4007	6558	0.5
4008	6558	0.5
6557	6558	0.5
4009	6559	0.5
4010	6559	0.5
4009	6560	0.5
4010	6560	0.5
6559	6560	0.5
4011	6561	0.5
4012	6561	0.5
4011	6562	0.5
4012	6562	0.5
6561	6562	0.5
4013	6563	0.5
4014	6563	0.5
4013	6564	0.5
4014	6564	0.5
6563	6564	0.5
4015	6565	0.5
4016	6565	0.5
4015	6566	0.5
4016	6566	0.5
6565	6566	0.5
4017	6567	0.5
4018	6567	0.5
4017	6568	0.5
4018	6568	0.5
6567	6568	0.5
4019	6569	0.5
4020	6569	0.5
4019	6570	0.5
4020	6570	0.5
6569	6570	0.5
4021	6571	0.5
4022	6571	0.5
4021	6572	0.5
4022	6572	0.5
6571	6572	0.5
4023	6573	0.5
4024	6573	0.5
4023	6574	0.5
4024	6574	0.5
6573	6574	0.5
4025	6575	0.5
4026	6575	0.5
4025	6576	0.5
4026	6576	0.5
6575	6576	0.5
4027	6577	0.5
4028	6577	0.5
4027	6578	0.5
4028	6578	0.5
6577	6578	0.5
4029	6579	0.5
4030	6579	0.5
4029	6580	0.5
4030	6580	0.5
6579	6580	0.5
4031	6581	0.5
4032	6581	0.5
4031	6582	0.5
4032	6582	0.5
6581	6582	0.5
4033	6583	0.5
4034	6583	0.5
4033	6584	0.5
4034	6584	0.5
6583	6584	0.5
4035	6585	0.5
4036	6585	0.5
4035	6586	0.5
4036	6586	0.5
6585	6586	0.5
4037	6587	0.5
4038	6587	0.5
4037	6588	0.5
4038	6588	0.5
6587	6588	0.5
4039	6589	0.5
4040	6589	0.5
4039	6590	0.5
4040	6590	0.5
6589	6590	0.5
4041	6591	0.5
4042	6591	0.5
4041	6592	0.5
4042	6592	0.5
6591	6592	0.5
4043	6593	0.5
4044	6593	0.5
4043	6594	0.5
4044	6594	0.5
6593	6594	0.5
4045	6595	0.5
4046	6595	0.5
4045	6596	0.5
4046	6596	0.5
6595	6596	0.5
4047	6597	0.5
4048	6597	0.5
4047	6598	0.5
4048	6598	0.5
6597	6598	0.5
4049	6599	0.5
4050	6599	0.5
4049	6600	0.5
4050	6600	0.5
6599	6600	0.5
4051	6601	0.5
4052	6601	0.5
4051	6602	0.5
4052	6602	0.5
6601	6602	0.5
4053	6603	0.5
4054	6603	0.5
4053	6604	0.5
4054	6604	0.5
6603	6604	0.5
4055	6605	0.5
4056	6605	0.5
4055	6606	0.5
4056	6606	0.5
6605	6606	0.5
4057	6607	0.5
4058	6607	0.5
4057	6608	0.5
4058	6608	0.5
6607	6608	0.5
4059	6609	0.5
4060	6609	0.5
4059	6610	0.5
4060	6610	0.5
6609	6610	0.5
4061	6611	0.5
4062	6611	0.5
4061	6612	0.5
4062	6612	0.5
6611	6612	0.5
4063	6613	0.5
4064	6613	0.5
4063	6614	0.5
4064	6614	0.5
6613	6614	0.5
4065	6615	0.5
4066	6615	0.5
4065	6616	0.5
4066	6616	0.5
6615	6616	0.5
4067	6617	0.5
4068	6617	0.5
4067	6618	0.5
4068	6618	0.5
6617	6618	0.5
4069	6619	0.5
4070	6619	0.5
4069	6620	0.5
4070	6620	0.5
6619	6620	0.5
4071	6621	0.5
4072	6621	0.5
4071	6622	0.5
4072	6622	0.5
6621	6622	0.5
4073	6623	0.5
4074	6623	0.5
4073	6624	0.5
4074	6624	0.5
6623	6624	0.5
4075	6625	0.5
4076	6625	0.5
4075	6626	0.5
4076	6626	0.5
6625	6626	0.5
4077	6627	0.5
4078	6627	0.5
4077	6628	0.5
4078	6628	0.5
6627	6628	0.5
4079	6629	0.5
4080	6629	0.5
4079	6630	0.5
4080	6630	0.5
6629	6630	0.5
4081	6631	0.5
4082	6631	0.5
4081	6632	0.5
4082	6632	0.5
6631	6632	0.5
4083	6633	0.5
4084	6633	0.5
4083	6634	0.5
4084	6634	0.5
6633	6634	0.5
4085	6635	0.5
4086	6635	0.5
4085	6636	0.5
4086	6636	0.5
6635	6636	0.5
4087	6637	0.5
4088	6637	0.5
4087	6638	0.5
4088	6638	0.5
6637	6638	0.5
4089	6639	0.5
4090	6639	0.5
4089	6640	0.5
4090	6640	0.5
6639	6640	0.5
4091	6641	0.5
4092	6641	0.5
4091	6642	0.5
4092	6642	0.5
6641	6642	0.5
4093	6643	0.5
4094	6643	0.5
4093	6644	0.5
4094	6644	0.5
6643	6644	0.5
4095	6645	0.5
4096	6645	0.5
4095	6646	0.5
4096	6646	0.5
6645	6646	0.5
4097	6647	0.5
4098	6647	0.5
4097	6648	0.5
4098	6648	0.5
6647	6648	0.5
4099	6649	0.5
4100	6649	0.5
4099	6650	0.5
4100	6650	0.5
6649	6650	0.5
4101	6651	0.5
4102	6651	0.5
4101	6652	0.5
4102	6652	0.5
6651	6652	0.5
4103	6653	0.5
4104	6653	0.5
4103	6654	0.5
4104	6654	0.5
6653	6654	0.5
4105	6655	0.5
4106	6655	0.5
4105	6656	0.5
4106	6656	0.5
6655	6656	0.5
4107	6657	0.5
4108	6657	0.5
4107	6658	0.5
4108	6658	0.5
6657	6658	0.5
4109	6659	0.5
4110	6659	0.5
4109	6660	0.5
4110	6660	0.5
6659	6660	0.5
4111	6661	0.5
4112	6661	0.5
4111	6662	0.5
4112	6662	0.5
6661	6662	0.5
4113	6663	0.5
4114	6663	0.5
4113	6664	0.5
4114	6664	0.5
6663	6664	0.5
4115	6665	0.5
4116	6665	0.5
4115	6666	0.5
4116	6666	0.5
6665	6666	0.5
4117	6667	0.5
4118	6667	0.5
4117	6668	0.5
4118	6668	0.5
6667	6668	0.5
4119	6669	0.5
4120	6669	0.5
4119	6670	0.5
4120	6670	0.5
6669	6670	0.5
4121	6671	0.5
4122	6671	0.5
4121	6672	0.5
4122	6672	0.5
6671	6672	0.5
4123	6673	0.5
4124	6673	0.5
4123	6674	0.5
4124	6674	0.5
6673	6674	0.5
4125	6675	0.5
4126	6675	0.5
4125	6676	0.5
4126	6676	0.5
6675	6676	0.5
4127	6677	0.5
4128	6677	0.5
4127	6678	0.5
4128	6678	0.5
6677	6678	0.5
4129	6679	0.5
4130	6679	0.5
4129	6680	0.5
4130	6680	0.5
6679	6680	0.5
4131	6681	0.5
4132	6681	0.5
4131	6682	0.5
4132	6682	0.5
6681	6682	0.5
4133	6683	0.5
4134	6683	0.5
4133	6684	0.5
4134	6684	0.5
6683	6684	0.5
4135	6685	0.5
4136	6685	0.5
4135	6686	0.5
4136	6686	0.5
6685	6686	0.5
4137	6687	0.5
4138	6687	0.5
4137	6688	0.5
4138	6688	0.5
6687	6688	0.5
4139	6689	0.5
4140	6689	0.5
4139	6690	0.5
4140	6690	0.5
6689	6690	0.5
4141	6691	0.5
4142	6691	0.5
4141	6692	0.5
4142	6692	0.5
6691	6692	0.5
4143	6693	0.5
4144	6693	0.5
4143	6694	0.5
4144	6694	0.5
6693	6694	0.5
4145	6695	0.5
4146	6695	0.5
4145	6696	0.5
4146	6696	0.5
6695	6696	0.5
4147	6697	0.5
4148	6697	0.5
4147	6698	0.5
4148	6698	0.5
6697	6698	0.5
4149	6699	0.5
4150	6699	0.5
4149	6700	0.5
4150	6700	0.5
6699	6700	0.5
4151	6701	0.5
4152	6701	0.5
4151	6702	0.5
4152	6702	0.5
6701	6702	0.5
4153	6703	0.5
4154	6703	0.5
4153	6704	0.5
4154	6704	0.5
6703	6704	0.5
4155	6705	0.5
4156	6705	0.5
4155	6706	0.5
4156	6706	0.5
6705	6706	0.5
4157	6707	0.5
4158	6707	0.5
4157	6708	0.5
4158	6708	0.5
6707	6708	0.5
4159	6709	0.5
4160	6709	0.5
4159	6710	0.5
4160	6710	0.5
6709	6710	0.5
4161	6711	0.5
4162	6711	0.5
4161	6712	0.5
4162	6712	0.5
6711	6712	0.5
4163	6713	0.5
4164	6713	0.5
4163	6714	0.5
4164	6714	0.5
6713	6714	0.5
4165	6715	0.5
4166	6715	0.5
4165	6716	0.5
4166	6716	0.5
6715	6716	0.5
4167	6717	0.5
4168	6717	0.5
4167	6718	0.5
4168	6718	0.5
6717	6718	0.5
4169	6719	0.5
4170	6719	0.5
4169	6720	0.5
4170	6720	0.5
6719	6720	0.5
4171	6721	0.5
4172	6721	0.5
4171	6722	0.5
4172	6722	0.5
6721	6722	0.5
4173	6723	0.5
4174	6723	0.5
4173	6724	0.5
4174	6724	0.5
6723	6724	0.5
4175	6725	0.5
4176	6725	0.5
4175	6726	0.5
4176	6726	0.5
6725	6726	0.5
4177	6727	0.5
4178	6727	0.5
4177	6728	0.5
4178	6728	0.5
6727	6728	0.5
4179	6729	0.5
4180	6729	0.5
4179	6730	0.5
4180	6730	0.5
6729	6730	0.5
4181	6731	0.5
4182	6731	0.5
4181	6732	0.5
4182	6732	0.5
6731	6732	0.5
4183	6733	0.5
4184	6733	0.5
4183	6734	0.5
4184	6734	0.5
6733	6734	0.5
4185	6735	0.5
4186	6735	0.5
4185	6736	0.5
4186	6736	0.5
6735	6736	0.5
4187	6737	0.5
4188	6737	0.5
4187	6738	0.5
4188	6738	0.5
6737	6738	0.5
4189	6739	0.5
4190	6739	0.5
4189	6740	0.5
4190	6740	0.5
6739	6740	0.5
4191	6741	0.5
4192	6741	0.5
4191	6742	0.5
4192	6742	0.5
6741	6742	0.5
4193	6743	0.5
4194	6743	0.5
4193	6744	0.5
4194	6744	0.5
6743	6744	0.5
4195	6745	0.5
4196	6745	0.5
4195	6746	0.5
4196	6746	0.5
6745	6746	0.5
4197	6747	0.5
4198	6747	0.5
4197	6748	0.5
4198	6748	0.5
6747	6748	0.5
4199	6749	0.5
4200	6749	0.5
4199	6750	0.5
4200	6750	0.5
6749	6750	0.5
4201	6751	0.5
4202	6751	0.5
4201	6752	0.5
4202	6752	0.5
6751	6752	0.5
4203	6753	0.5
4204	6753	0.5
4203	6754	0.5
4204	6754	0.5
6753	6754	0.5
4205	6755	0.5
4206	6755	0.5
4205	6756	0.5
4206	6756	0.5
6755	6756	0.5
4207	6757	0.5
4208	6757	0.5
4207	6758	0.5
4208	6758	0.5
6757	6758	0.5
4209	6759	0.5
4210	6759	0.5
4209	6760	0.5
4210	6760	0.5
6759	6760	0.5
4211	6761	0.5
4212	6761	0.5
4211	6762	0.5
4212	6762	0.5
6761	6762	0.5
4213	6763	0.5
4214	6763	0.5
4213	6764	0.5
4214	6764	0.5
6763	6764	0.5
4215	6765	0.5
4216	6765	0.5
4215	6766	0.5
4216	6766	0.5
6765	6766	0.5
4217	6767	0.5
4218	6767	0.5
4217	6768	0.5
4218	6768	0.5
6767	6768	0.5
4219	6769	0.5
4220	6769	0.5
4219	6770	0.5
4220	6770	0.5
6769	6770	0.5
4221	6771	0.5
4222	6771	0.5
4221	6772	0.5
4222	6772	0.5
6771	6772	0.5
4223	6773	0.5
4224	6773	0.5
4223	6774	0.5
4224	6774	0.5
6773	6774	0.5
4225	6775	0.5
4226	6775	0.5
4225	6776	0.5
4226	6776	0.5
6775	6776	0.5
4227	6777	0.5
4228	6777	0.5
4227	6778	0.5
4228	6778	0.5
6777	6778	0.5
4229	6779	0.5
4230	6779	0.5
4229	6780	0.5
4230	6780	0.5
6779	6780	0.5
4231	6781	0.5
4232	6781	0.5
4231	6782	0.5
4232	6782	0.5
6781	6782	0.5
4233	6783	0.5
4234	6783	0.5
4233	6784	0.5
4234	6784	0.5
6783	6784	0.5
4235	6785	0.5
4236	6785	0.5
4235	6786	0.5
4236	6786	0.5
6785	6786	0.5
4237	6787	0.5
4238	6787	0.5
4237	6788	0.5
4238	6788	0.5
6787	6788	0.5
4239	6789	0.5
4240	6789	0.5
4239	6790	0.5
4240	6790	0.5
6789	6790	0.5
4241	6791	0.5
4242	6791	0.5
4241	6792	0.5
4242	6792	0.5
6791	6792	0.5
4243	6793	0.5
4244	6793	0.5
4243	6794	0.5
4244	6794	0.5
6793	6794	0.5
4245	6795	0.5
4246	6795	0.5
4245	6796	0.5
4246	6796	0.5
6795	6796	0.5
4247	6797	0.5
4248	6797	0.5
4247	6798	0.5
4248	6798	0.5
6797	6798	0.5
4249	6799	0.5
4250	6799	0.5
4249	6800	0.5
4250	6800	0.5
6799	6800	0.5
4251	6801	0.5
4252	6801	0.5
4251	6802	0.5
4252	6802	0.5
6801	6802	0.5
4253	6803	0.5
4254	6803	0.5
4253	6804	0.5
4254	6804	0.5
6803	6804	0.5
4255	6805	0.5
4256	6805	0.5
4255	6806	0.5
4256	6806	0.5
6805	6806	0.5
4257	6807	0.5
4258	6807	0.5
4257	6808	0.5
4258	6808	0.5
6807	6808	0.5
4259	6809	0.5
4260	6809	0.5
4259	6810	0.5
4260	6810	0.5
6809	6810	0.5
4261	6811	0.5
4262	6811	0.5
4261	6812	0.5
4262	6812	0.5
6811	6812	0.5
4263	6813	0.5
4264	6813	0.5
4263	6814	0.5
4264	6814	0.5
6813	6814	0.5
4265	6815	0.5
4266	6815	0.5
4265	6816	0.5
4266	6816	0.5
6815	6816	0.5
4267	6817	0.5
4268	6817	0.5
4267	6818	0.5
4268	6818	0.5
6817	6818	0.5
4269	6819	0.5
4270	6819	0.5
4269	6820	0.5
4270	6820	0.5
6819	6820	0.5
4271	6821	0.5
4272	6821	0.5
4271	6822	0.5
4272	6822	0.5
6821	6822	0.5
4273	6823	0.5
4274	6823	0.5
4273	6824	0.5
4274	6824	0.5
6823	6824	0.5
4275	6825	0.5
4276	6825	0.5
4275	6826	0.5
4276	6826	0.5
6825	6826	0.5
4277	6827	0.5
4278	6827	0.5
4277	6828	0.5
4278	6828	0.5
6827	6828	0.5
4279	6829	0.5
4280	6829	0.5
4279	6830	0.5
4280	6830	0.5
6829	6830	0.5
4281	6831	0.5
4282	6831	0.5
4281	6832	0.5
4282	6832	0.5
6831	6832	0.5
4283	6833	0.5
4284	6833	0.5
4283	6834	0.5
4284	6834	0.5
6833	6834	0.5
4285	6835	0.5
4286	6835	0.5
4285	6836	0.5
4286	6836	0.5
6835	6836	0.5
4287	6837	0.5
4288	6837	0.5
4287	6838	0.5
4288	6838	0.5
6837	6838	0.5
4289	6839	0.5
4290	6839	0.5
4289	6840	0.5
4290	6840	0.5
6839	6840	0.5
4291	6841	0.5
4292	6841	0.5
4291	6842	0.5
4292	6842	0.5
6841	6842	0.5
4293	6843	0.5
4294	6843	0.5
4293	6844	0.5
4294	6844	0.5
6843	6844	0.5
4295	6845	0.5
4296	6845	0.5
4295	6846	0.5
4296	6846	0.5
6845	6846	0.5
4297	6847	0.5
4298	6847	0.5
4297	6848	0.5
4298	6848	0.5
6847	6848	0.5
4299	6849	0.5
4300	6849	0.5
4299	6850	0.5
4300	6850	0.5
6849	6850	0.5
4301	6851	0.5
4302	6851	0.5
4301	6852	0.5
4302	6852	0.5
6851	6852	0.5
4303	6853	0.5
4304	6853	0.5
4303	6854	0.5
4304	6854	0.5
6853	6854	0.5
4305	6855	0.5
4306	6855	0.5
4305	6856	0.5
4306	6856	0.5
6855	6856	0.5
4307	6857	0.5
4308	6857	0.5
4307	6858	0.5
4308	6858	0.5
6857	6858	0.5
4309	6859	0.5
4310	6859	0.5
4309	6860	0.5
4310	6860	0.5
6859	6860	0.5
4311	6861	0.5
4312	6861	0.5
4311	6862	0.5
4312	6862	0.5
6861	6862	0.5
4313	6863	0.5
4314	6863	0.5
4313	6864	0.5
4314	6864	0.5
6863	6864	0.5
4315	6865	0.5
4316	6865	0.5
4315	6866	0.5
4316	6866	0.5
6865	6866	0.5
4317	6867	0.5
4318	6867	0.5
4317	6868	0.5
4318	6868	0.5
6867	6868	0.5
4319	6869	0.5
4320	6869	0.5
4319	6870	0.5
4320	6870	0.5
6869	6870	0.5
4321	6871	0.5
4322	6871	0.5
4321	6872	0.5
4322	6872	0.5
6871	6872	0.5
4323	6873	0.5
4324	6873	0.5
4323	6874	0.5
4324	6874	0.5
6873	6874	0.5
4325	6875	0.5
4326	6875	0.5
4325	6876	0.5
4326	6876	0.5
6875	6876	0.5
4327	6877	0.5
4328	6877	0.5
4327	6878	0.5
4328	6878	0.5
6877	6878	0.5
4329	6879	0.5
4330	6879	0.5
4329	6880	0.5
4330	6880	0.5
6879	6880	0.5
4331	6881	0.5
4332	6881	0.5
4331	6882	0.5
4332	6882	0.5
6881	6882	0.5
4333	6883	0.5
4334	6883	0.5
4333	6884	0.5
4334	6884	0.5
6883	6884	0.5
4335	6885	0.5
4336	6885	0.5
4335	6886	0.5
4336	6886	0.5
6885	6886	0.5
4337	6887	0.5
4338	6887	0.5
4337	6888	0.5
4338	6888	0.5
6887	6888	0.5
4339	6889	0.5
4340	6889	0.5
4339	6890	0.5
4340	6890	0.5
6889	6890	0.5
4341	6891	0.5
4342	6891	0.5
4341	6892	0.5
4342	6892	0.5
6891	6892	0.5
4343	6893	0.5
4344	6893	0.5
4343	6894	0.5
4344	6894	0.5
6893	6894	0.5
4345	6895	0.5
4346	6895	0.5
4345	6896	0.5
4346	6896	0.5
6895	6896	0.5
4347	6897	0.5
4348	6897	0.5
4347	6898	0.5
4348	6898	0.5
6897	6898	0.5
4349	6899	0.5
4350	6899	0.5
4349	6900	0.5
4350	6900	0.5
6899	6900	0.5
4351	6901	0.5
4352	6901	0.5
4351	6902	0.5
4352	6902	0.5
6901	6902	0.5
4353	6903	0.5
4354	6903	0.5
4353	6904	0.5
4354	6904	0.5
6903	6904	0.5
4355	6905	0.5
4356	6905	0.5
4355	6906	0.5
4356	6906	0.5
6905	6906	0.5
4357	6907	0.5
4358	6907	0.5
4357	6908	0.5
4358	6908	0.5
6907	6908	0.5
4359	6909	0.5
4360	6909	0.5
4359	6910	0.5
4360	6910	0.5
6909	6910	0.5
4361	6911	0.5
4362	6911	0.5
4361	6912	0.5
4362	6912	0.5
6911	6912	0.5
4363	6913	0.5
4364	6913	0.5
4363	6914	0.5
4364	6914	0.5
6913	6914	0.5
4365	6915	0.5
4366	6915	0.5
4365	6916	0.5
4366	6916	0.5
6915	6916	0.5
4367	6917	0.5
4368	6917	0.5
4367	6918	0.5
4368	6918	0.5
6917	6918	0.5
4369	6919	0.5
4370	6919	0.5
4369	6920	0.5
4370	6920	0.5
6919	6920	0.5
4371	6921	0.5
4372	6921	0.5
4371	6922	0.5
4372	6922	0.5
6921	6922	0.5
4373	6923	0.5
4374	6923	0.5
4373	6924	0.5
4374	6924	0.5
6923	6924	0.5
4375	6925	0.5
4376	6925	0.5
4375	6926	0.5
4376	6926	0.5
6925	6926	0.5
4377	6927	0.5
4378	6927	0.5
4377	6928	0.5
4378	6928	0.5
6927	6928	0.5
4379	6929	0.5
4380	6929	0.5
4379	6930	0.5
4380	6930	0.5
6929	6930	0.5
4381	6931	0.5
4382	6931	0.5
4381	6932	0.5
4382	6932	0.5
6931	6932	0.5
4383	6933	0.5
4384	6933	0.5
4383	6934	0.5
4384	6934	0.5
6933	6934	0.5
4385	6935	0.5
4386	6935	0.5
4385	6936	0.5
4386	6936	0.5
6935	6936	0.5
4387	6937	0.5
4388	6937	0.5
4387	6938	0.5
4388	6938	0.5
6937	6938	0.5
4389	6939	0.5
4390	6939	0.5
4389	6940	0.5
4390	6940	0.5
6939	6940	0.5
4391	6941	0.5
4392	6941	0.5
4391	6942	0.5
4392	6942	0.5
6941	6942	0.5
4393	6943	0.5
4394	6943	0.5
4393	6944	0.5
4394	6944	0.5
6943	6944	0.5
4395	6945	0.5
4396	6945	0.5
4395	6946	0.5
4396	6946	0.5
6945	6946	0.5
4397	6947	0.5
4398	6947	0.5
4397	6948	0.5
4398	6948	0.5
6947	6948	0.5
4399	6949	0.5
4400	6949	0.5
4399	6950	0.5
4400	6950	0.5
6949	6950	0.5
4401	6951	0.5
4402	6951	0.5
4401	6952	0.5
4402	6952	0.5
6951	6952	0.5
4403	6953	0.5
4404	6953	0.5
4403	6954	0.5
4404	6954	0.5
6953	6954	0.5
4405	6955	0.5
4406	6955	0.5
4405	6956	0.5
4406	6956	0.5
6955	6956	0.5
4407	6957	0.5
4408	6957	0.5
4407	6958	0.5
4408	6958	0.5
6957	6958	0.5
4409	6959	0.5
4410	6959	0.5
4409	6960	0.5
4410	6960	0.5
6959	6960	0.5
4411	6961	0.5
4412	6961	0.5
4411	6962	0.5
4412	6962	0.5
6961	6962	0.5
4413	6963	0.5
4414	6963	0.5
4413	6964	0.5
4414	6964	0.5
6963	6964	0.5
4415	6965	0.5
4416	6965	0.5
4415	6966	0.5
4416	6966	0.5
6965	6966	0.5
4417	6967	0.5
4418	6967	0.5
4417	6968	0.5
4418	6968	0.5
6967	6968	0.5
4419	6969	0.5
4420	6969	0.5
4419	6970	0.5
4420	6970	0.5
6969	6970	0.5
4421	6971	0.5
4422	6971	0.5
4421	6972	0.5
4422	6972	0.5
6971	6972	0.5
4423	6973	0.5
4424	6973	0.5
4423	6974	0.5
4424	6974	0.5
6973	6974	0.5
4425	6975	0.5
4426	6975	0.5
4425	6976	0.5
4426	6976	0.5
6975	6976	0.5
4427	6977	0.5
4428	6977	0.5
4427	6978	0.5
4428	6978	0.5
6977	6978	0.5
4429	6979	0.5
4430	6979	0.5
4429	6980	0.5
4430	6980	0.5
6979	6980	0.5
4431	6981	0.5
4432	6981	0.5
4431	6982	0.5
4432	6982	0.5
6981	6982	0.5
4433	6983	0.5
4434	6983	0.5
4433	6984	0.5
4434	6984	0.5
6983	6984	0.5
4435	6985	0.5
4436	6985	0.5
4435	6986	0.5
4436	6986	0.5
6985	6986	0.5
4437	6987	0.5
4438	6987	0.5
4437	6988	0.5
4438	6988	0.5
6987	6988	0.5
4439	6989	0.5
4440	6989	0.5
4439	6990	0.5
4440	6990	0.5
6989	6990	0.5
4441	6991	0.5
4442	6991	0.5
4441	6992	0.5
4442	6992	0.5
6991	6992	0.5
4443	6993	0.5
4444	6993	0.5
4443	6994	0.5
4444	6994	0.5
6993	6994	0.5
4445	6995	0.5
4446	6995	0.5
4445	6996	0.5
4446	6996	0.5
6995	6996	0.5
4447	6997	0.5
4448	6997	0.5
4447	6998	0.5
4448	6998	0.5
6997	6998	0.5
4449	6999	0.5
4450	6999	0.5
4449	7000	0.5
4450	7000	0.5
6999	7000	0.5
4451	7001	0.5
4452	7001	0.5
4451	7002	0.5
4452	7002	0.5
7001	7002	0.5
4453	7003	0.5
4454	7003	0.5
4453	7004	0.5
4454	7004	0.5
7003	7004	0.5
4455	7005	0.5
4456	7005	0.5
4455	7006	0.5
4456	7006	0.5
7005	7006	0.5
4457	7007	0.5
4458	7007	0.5
4457	7008	0.5
4458	7008	0.5
7007	7008	0.5
4459	7009	0.5
4460	7009	0.5
4459	7010	0.5
4460	7010	0.5
7009	7010	0.5
4461	7011	0.5
4462	7011	0.5
4461	7012	0.5
4462	7012	0.5
7011	7012	0.5
4463	7013	0.5
4464	7013	0.5
4463	7014	0.5
4464	7014	0.5
7013	7014	0.5
4465	7015	0.5
4466	7015	0.5
4465	7016	0.5
4466	7016	0.5
7015	7016	0.5
4467	7017	0.5
4468	7017	0.5
4467	7018	0.5
4468	7018	0.5
7017	7018	0.5
4469	7019	0.5
4470	7019	0.5
4469	7020	0.5
4470	7020	0.5
7019	7020	0.5
4471	7021	0.5
4472	7021	0.5
4471	7022	0.5
4472	7022	0.5
7021	7022	0.5
4473	7023	0.5
4474	7023	0.5
4473	7024	0.5
4474	7024	0.5
7023	7024	0.5
4475	7025	0.5
4476	7025	0.5
4475	7026	0.5
4476	7026	0.5
7025	7026	0.5
4477	7027	0.5
4478	7027	0.5
4477	7028	0.5
4478	7028	0.5
7027	7028	0.5
4479	7029	0.5
4480	7029	0.5
4479	7030	0.5
4480	7030	0.5
7029	7030	0.5
4481	7031	0.5
4482	7031	0.5
4481	7032	0.5
4482	7032	0.5
7031	7032	0.5
4483	7033	0.5
4484	7033	0.5
4483	7034	0.5
4484	7034	0.5
7033	7034	0.5
4485	7035	0.5
4486	7035	0.5
4485	7036	0.5
4486	7036	0.5
7035	7036	0.5
4487	7037	0.5
4488	7037	0.5
4487	7038	0.5
4488	7038	0.5
7037	7038	0.5
4489	7039	0.5
4490	7039	0.5
4489	7040	0.5
4490	7040	0.5
7039	7040	0.5
4491	7041	0.5
4492	7041	0.5
4491	7042	0.5
4492	7042	0.5
7041	7042	0.5
4493	7043	0.5
4494	7043	0.5
4493	7044	0.5
4494	7044	0.5
7043	7044	0.5
4495	7045	0.5
4496	7045	0.5
4495	7046	0.5
4496	7046	0.5
7045	7046	0.5
4497	7047	0.5
4498	7047	0.5
4497	7048	0.5
4498	7048	0.5
7047	7048	0.5
4499	7049	0.5
4500	7049	0.5
4499	7050	0.5
4500	7050	0.5
7049	7050	0.5
4501	7051	0.5
4502	7051	0.5
4501	7052	0.5
4502	7052	0.5
7051	7052	0.5
4503	7053	0.5
4504	7053	0.5
4503	7054	0.5
4504	7054	0.5
7053	7054	0.5
4505	7055	0.5
4506	7055	0.5
4505	7056	0.5
4506	7056	0.5
7055	7056	0.5
4507	7057	0.5
4508	7057	0.5
4507	7058	0.5
4508	7058	0.5
7057	7058	0.5
4509	7059	0.5
4510	7059	0.5
4509	7060	0.5
4510	7060	0.5
7059	7060	0.5
4511	7061	0.5
4512	7061	0.5
4511	7062	0.5
4512	7062	0.5
7061	7062	0.5
4513	7063	0.5
4514	7063	0.5
4513	7064	0.5
4514	7064	0.5
7063	7064	0.5
4515	7065	0.5
4516	7065	0.5
4515	7066	0.5
4516	7066	0.5
7065	7066	0.5
4517	7067	0.5
4518	7067	0.5
4517	7068	0.5
4518	7068	0.5
7067	7068	0.5
4519	7069	0.5
4520	7069	0.5
4519	7070	0.5
4520	7070	0.5
7069	7070	0.5
4521	7071	0.5
4522	7071	0.5
4521	7072	0.5
4522	7072	0.5
7071	7072	0.5
4523	7073	0.5
4524	7073	0.5
4523	7074	0.5
4524	7074	0.5
7073	7074	0.5
4525	7075	0.5
4526	7075	0.5
4525	7076	0.5
4526	7076	0.5
7075	7076	0.5
4527	7077	0.5
4528	7077	0.5
4527	7078	0.5
4528	7078	0.5
7077	7078	0.5
4529	7079	0.5
4530	7079	0.5
4529	7080	0.5
4530	7080	0.5
7079	7080	0.5
4531	7081	0.5
4532	7081	0.5
4531	7082	0.5
4532	7082	0.5
7081	7082	0.5
4533	7083	0.5
4534	7083	0.5
4533	7084	0.5
4534	7084	0.5
7083	7084	0.5
4535	7085	0.5
4536	7085	0.5
4535	7086	0.5
4536	7086	0.5
7085	7086	0.5
4537	7087	0.5
4538	7087	0.5
4537	7088	0.5
4538	7088	0.5
7087	7088	0.5
4539	7089	0.5
4540	7089	0.5
4539	7090	0.5
4540	7090	0.5
7089	7090	0.5
4541	7091	0.5
4542	7091	0.5
4541	7092	0.5
4542	7092	0.5
7091	7092	0.5
4543	7093	0.5
4544	7093	0.5
4543	7094	0.5
4544	7094	0.5
7093	7094	0.5
4545	7095	0.5
4546	7095	0.5
4545	7096	0.5
4546	7096	0.5
7095	7096	0.5
4547	7097	0.5
4548	7097	0.5
4547	7098	0.5
4548	7098	0.5
7097	7098	0.5
4549	7099	0.5
4550	7099	0.5
4549	7100	0.5
4550	7100	0.5
7099	7100	0.5
4551	7101	0.5
4552	7101	0.5
4551	7102	0.5
4552	7102	0.5
7101	7102	0.5
4553	7103	0.5
4554	7103	0.5
4553	7104	0.5
4554	7104	0.5
7103	7104	0.5
4555	7105	0.5
4556	7105	0.5
4555	7106	0.5
4556	7106	0.5
7105	7106	0.5
4557	7107	0.5
4558	7107	0.5
4557	7108	0.5
4558	7108	0.5
7107	7108	0.5
4559	7109	0.5
4560	7109	0.5
4559	7110	0.5
4560	7110	0.5
7109	7110	0.5
4561	7111	0.5
4562	7111	0.5
4561	7112	0.5
4562	7112	0.5
7111	7112	0.5
4563	7113	0.5
4564	7113	0.5
4563	7114	0.5
4564	7114	0.5
7113	7114	0.5
4565	7115	0.5
4566	7115	0.5
4565	7116	0.5
4566	7116	0.5
7115	7116	0.5
4567	7117	0.5
4568	7117	0.5
4567	7118	0.5
4568	7118	0.5
7117	7118	0.5
4569	7119	0.5
4570	7119	0.5
4569	7120	0.5
4570	7120	0.5
7119	7120	0.5
4571	7121	0.5
4572	7121	0.5
4571	7122	0.5
4572	7122	0.5
7121	7122	0.5
4573	7123	0.5
4574	7123	0.5
4573	7124	0.5
4574	7124	0.5
7123	7124	0.5
4575	7125	0.5
4576	7125	0.5
4575	7126	0.5
4576	7126	0.5
7125	7126	0.5
4577	7127	0.5
4578	7127	0.5
4577	7128	0.5
4578	7128	0.5
7127	7128	0.5
4579	7129	0.5
4580	7129	0.5
4579	7130	0.5
4580	7130	0.5
7129	7130	0.5
4581	7131	0.5
4582	7131	0.5
4581	7132	0.5
4582	7132	0.5
7131	7132	0.5
4583	7133	0.5
4584	7133	0.5
4583	7134	0.5
4584	7134	0.5
7133	7134	0.5
4585	7135	0.5
4586	7135	0.5
4585	7136	0.5
4586	7136	0.5
7135	7136	0.5
4587	7137	0.5
4588	7137	0.5
4587	7138	0.5
4588	7138	0.5
7137	7138	0.5
4589	7139	0.5
4590	7139	0.5
4589	7140	0.5
4590	7140	0.5
7139	7140	0.5
4591	7141	0.5
4592	7141	0.5
4591	7142	0.5
4592	7142	0.5
7141	7142	0.5
4593	7143	0.5
4594	7143	0.5
4593	7144	0.5
4594	7144	0.5
7143	7144	0.5
4595	7145	0.5
4596	7145	0.5
4595	7146	0.5
4596	7146	0.5
7145	7146	0.5
4597	7147	0.5
4598	7147	0.5
4597	7148	0.5
4598	7148	0.5
7147	7148	0.5
4599	7149	0.5
4600	7149	0.5
4599	7150	0.5
4600	7150	0.5
7149	7150	0.5
4601	7151	0.5
4602	7151	0.5
4601	7152	0.5
4602	7152	0.5
7151	7152	0.5
4603	7153	0.5
4604	7153	0.5
4603	7154	0.5
4604	7154	0.5
7153	7154	0.5
4605	7155	0.5
4606	7155	0.5
4605	7156	0.5
4606	7156	0.5
7155	7156	0.5
4607	7157	0.5
4608	7157	0.5
4607	7158	0.5
4608	7158	0.5
7157	7158	0.5
4609	7159	0.5
4610	7159	0.5
4609	7160	0.5
4610	7160	0.5
7159	7160	0.5
4611	7161	0.5
4612	7161	0.5
4611	7162	0.5
4612	7162	0.5
7161	7162	0.5
4613	7163	0.5
4614	7163	0.5
4613	7164	0.5
4614	7164	0.5
7163	7164	0.5
4615	7165	0.5
4616	7165	0.5
4615	7166	0.5
4616	7166	0.5
7165	7166	0.5
4617	7167	0.5
4618	7167	0.5
4617	7168	0.5
4618	7168	0.5
7167	7168	0.5
4619	7169	0.5
4620	7169	0.5
4619	7170	0.5
4620	7170	0.5
7169	7170	0.5
4621	7171	0.5
4622	7171	0.5
4621	7172	0.5
4622	7172	0.5
7171	7172	0.5
4623	7173	0.5
4624	7173	0.5
4623	7174	0.5
4624	7174	0.5
7173	7174	0.5
4625	7175	0.5
4626	7175	0.5
4625	7176	0.5
4626	7176	0.5
7175	7176	0.5
4627	7177	0.5
4628	7177	0.5
4627	7178	0.5
4628	7178	0.5
7177	7178	0.5
4629	7179	0.5
4630	7179	0.5
4629	7180	0.5
4630	7180	0.5
7179	7180	0.5
4631	7181	0.5
4632	7181	0.5
4631	7182	0.5
4632	7182	0.5
7181	7182	0.5
4633	7183	0.5
4634	7183	0.5
4633	7184	0.5
4634	7184	0.5
7183	7184	0.5
4635	7185	0.5
4636	7185	0.5
4635	7186	0.5
4636	7186	0.5
7185	7186	0.5
4637	7187	0.5
4638	7187	0.5
4637	7188	0.5
4638	7188	0.5
7187	7188	0.5
4639	7189	0.5
4640	7189	0.5
4639	7190	0.5
4640	7190	0.5
7189	7190	0.5
4641	7191	0.5
4642	7191	0.5
4641	7192	0.5
4642	7192	0.5
7191	7192	0.5
4643	7193	0.5
4644	7193	0.5
4643	7194	0.5
4644	7194	0.5
7193	7194	0.5
4645	7195	0.5
4646	7195	0.5
4645	7196	0.5
4646	7196	0.5
7195	7196	0.5
4647	7197	0.5
4648	7197	0.5
4647	7198	0.5
4648	7198	0.5
7197	7198	0.5
4649	7199	0.5
4650	7199	0.5
4649	7200	0.5
4650	7200	0.5
7199	7200	0.5
4651	7201	0.5
4652	7201	0.5
4651	7202	0.5
4652	7202	0.5
7201	7202	0.5
4653	7203	0.5
4654	7203	0.5
4653	7204	0.5
4654	7204	0.5
7203	7204	0.5
4655	7205	0.5
4656	7205	0.5
4655	7206	0.5
4656	7206	0.5
7205	7206	0.5
4657	7207	0.5
4658	7207	0.5
4657	7208	0.5
4658	7208	0.5
7207	7208	0.5
4659	7209	0.5
4660	7209	0.5
4659	7210	0.5
4660	7210	0.5
7209	7210	0.5
4661	7211	0.5
4662	7211	0.5
4661	7212	0.5
4662	7212	0.5
7211	7212	0.5
4663	7213	0.5
4664	7213	0.5
4663	7214	0.5
4664	7214	0.5
7213	7214	0.5
4665	7215	0.5
4666	7215	0.5
4665	7216	0.5
4666	7216	0.5
7215	7216	0.5
4667	7217	0.5
4668	7217	0.5
4667	7218	0.5
4668	7218	0.5
7217	7218	0.5
4669	7219	0.5
4670	7219	0.5
4669	7220	0.5
4670	7220	0.5
7219	7220	0.5
4671	7221	0.5
4672	7221	0.5
4671	7222	0.5
4672	7222	0.5
7221	7222	0.5
4673	7223	0.5
4674	7223	0.5
4673	7224	0.5
4674	7224	0.5
7223	7224	0.5
4675	7225	0.5
4676	7225	0.5
4675	7226	0.5
4676	7226	0.5
7225	7226	0.5
4677	7227	0.5
4678	7227	0.5
4677	7228	0.5
4678	7228	0.5
7227	7228	0.5
4679	7229	0.5
4680	7229	0.5
4679	7230	0.5
4680	7230	0.5
7229	7230	0.5
4681	7231	0.5
4682	7231	0.5
4681	7232	0.5
4682	7232	0.5
7231	7232	0.5
4683	7233	0.5
4684	7233	0.5
4683	7234	0.5
4684	7234	0.5
7233	7234	0.5
4685	7235	0.5
4686	7235	0.5
4685	7236	0.5
4686	7236	0.5
7235	7236	0.5
4687	7237	0.5
4688	7237	0.5
4687	7238	0.5
4688	7238	0.5
7237	7238	0.5
4689	7239	0.5
4690	7239	0.5
4689	7240	0.5
4690	7240	0.5
7239	7240	0.5
4691	7241	0.5
4692	7241	0.5
4691	7242	0.5
4692	7242	0.5
7241	7242	0.5
4693	7243	0.5
4694	7243	0.5
4693	7244	0.5
4694	7244	0.5
7243	7244	0.5
4695	7245	0.5
4696	7245	0.5
4695	7246	0.5
4696	7246	0.5
7245	7246	0.5
4697	7247	0.5
4698	7247	0.5
4697	7248	0.5
4698	7248	0.5
7247	7248	0.5
4699	7249	0.5
4700	7249	0.5
4699	7250	0.5
4700	7250	0.5
7249	7250	0.5
4701	7251	0.5
4702	7251	0.5
4701	7252	0.5
4702	7252	0.5
7251	7252	0.5
4703	7253	0.5
4704	7253	0.5
4703	7254	0.5
4704	7254	0.5
7253	7254	0.5
4705	7255	0.5
4706	7255	0.5
4705	7256	0.5
4706	7256	0.5
7255	7256	0.5
4707	7257	0.5
4708	7257	0.5
4707	7258	0.5
4708	7258	0.5
7257	7258	0.5
4709	7259	0.5
4710	7259	0.5
4709	7260	0.5
4710	7260	0.5
7259	7260	0.5
4711	7261	0.5
4712	7261	0.5
4711	7262	0.5
4712	7262	0.5
7261	7262	0.5
4713	7263	0.5
4714	7263	0.5
4713	7264	0.5
4714	7264	0.5
7263	7264	0.5
4715	7265	0.5
4716	7265	0.5
4715	7266	0.5
4716	7266	0.5
7265	7266	0.5
4717	7267	0.5
4718	7267	0.5
4717	7268	0.5
4718	7268	0.5
7267	7268	0.5
4719	7269	0.5
4720	7269	0.5
4719	7270	0.5
4720	7270	0.5
7269	7270	0.5
4721	7271	0.5
4722	7271	0.5
4721	7272	0.5
4722	7272	0.5
7271	7272	0.5
4723	7273	0.5
4724	7273	0.5
4723	7274	0.5
4724	7274	0.5
7273	7274	0.5
4725	7275	0.5
4726	7275	0.5
4725	7276	0.5
4726	7276	0.5
7275	7276	0.5
4727	7277	0.5
4728	7277	0.5
4727	7278	0.5
4728	7278	0.5
7277	7278	0.5
4729	7279	0.5
4730	7279	0.5
4729	7280	0.5
4730	7280	0.5
7279	7280	0.5
4731	7281	0.5
4732	7281	0.5
4731	7282	0.5
4732	7282	0.5
7281	7282	0.5
4733	7283	0.5
4734	7283	0.5
4733	7284	0.5
4734	7284	0.5
7283	7284	0.5
4735	7285	0.5
4736	7285	0.5
4735	7286	0.5
4736	7286	0.5
7285	7286	0.5
4737	7287	0.5
4738	7287	0.5
4737	7288	0.5
4738	7288	0.5
7287	7288	0.5
4739	7289	0.5
4740	7289	0.5
4739	7290	0.5
4740	7290	0.5
7289	7290	0.5
4741	7291	0.5
4742	7291	0.5
4741	7292	0.5
4742	7292	0.5
7291	7292	0.5
4743	7293	0.5
4744	7293	0.5
4743	7294	0.5
4744	7294	0.5
7293	7294	0.5
4745	7295	0.5
4746	7295	0.5
4745	7296	0.5
4746	7296	0.5
7295	7296	0.5
4747	7297	0.5
4748	7297	0.5
4747	7298	0.5
4748	7298	0.5
7297	7298	0.5
4749	7299	0.5
4750	7299	0.5
4749	7300	0.5
4750	7300	0.5
7299	7300	0.5
4751	7301	0.5
4752	7301	0.5
4751	7302	0.5
4752	7302	0.5
7301	7302	0.5
4753	7303	0.5
4754	7303	0.5
4753	7304	0.5
4754	7304	0.5
7303	7304	0.5
4755	7305	0.5
4756	7305	0.5
4755	7306	0.5
4756	7306	0.5
7305	7306	0.5
4757	7307	0.5
4758	7307	0.5
4757	7308	0.5
4758	7308	0.5
7307	7308	0.5
4759	7309	0.5
4760	7309	0.5
4759	7310	0.5
4760	7310	0.5
7309	7310	0.5
4761	7311	0.5
4762	7311	0.5
4761	7312	0.5
4762	7312	0.5
7311	7312	0.5
4763	7313	0.5
4764	7313	0.5
4763	7314	0.5
4764	7314	0.5
7313	7314	0.5
4765	7315	0.5
4766	7315	0.5
4765	7316	0.5
4766	7316	0.5
7315	7316	0.5
4767	7317	0.5
4768	7317	0.5
4767	7318	0.5
4768	7318	0.5
7317	7318	0.5
4769	7319	0.5
4770	7319	0.5
4769	7320	0.5
4770	7320	0.5
7319	7320	0.5
4771	7321	0.5
4772	7321	0.5
4771	7322	0.5
4772	7322	0.5
7321	7322	0.5
4773	7323	0.5
4774	7323	0.5
4773	7324	0.5
4774	7324	0.5
7323	7324	0.5
4775	7325	0.5
4776	7325	0.5
4775	7326	0.5
4776	7326	0.5
7325	7326	0.5
4777	7327	0.5
4778	7327	0.5
4777	7328	0.5
4778	7328	0.5
7327	7328	0.5
4779	7329	0.5
4780	7329	0.5
4779	7330	0.5
4780	7330	0.5
7329	7330	0.5
4781	7331	0.5
4782	7331	0.5
4781	7332	0.5
4782	7332	0.5
7331	7332	0.5
4783	7333	0.5
4784	7333	0.5
4783	7334	0.5
4784	7334	0.5
7333	7334	0.5
4785	7335	0.5
4786	7335	0.5
4785	7336	0.5
4786	7336	0.5
7335	7336	0.5
4787	7337	0.5
4788	7337	0.5
4787	7338	0.5
4788	7338	0.5
7337	7338	0.5
4789	7339	0.5
4790	7339	0.5
4789	7340	0.5
4790	7340	0.5
7339	7340	0.5
4791	7341	0.5
4792	7341	0.5
4791	7342	0.5
4792	7342	0.5
7341	7342	0.5
4793	7343	0.5
4794	7343	0.5
4793	7344	0.5
4794	7344	0.5
7343	7344	0.5
4795	7345	0.5
4796	7345	0.5
4795	7346	0.5
4796	7346	0.5
7345	7346	0.5
4797	7347	0.5
4798	7347	0.5
4797	7348	0.5
4798	7348	0.5
7347	7348	0.5
4799	7349	0.5
4800	7349	0.5
4799	7350	0.5
4800	7350	0.5
7349	7350	0.5
4801	7351	0.5
4802	7351	0.5
4801	7352	0.5
4802	7352	0.5
7351	7352	0.5
4803	7353	0.5
4804	7353	0.5
4803	7354	0.5
4804	7354	0.5
7353	7354	0.5
4805	7355	0.5
4806	7355	0.5
4805	7356	0.5
4806	7356	0.5
7355	7356	0.5
4807	7357	0.5
4808	7357	0.5
4807	7358	0.5
4808	7358	0.5
7357	7358	0.5
4809	7359	0.5
4810	7359	0.5
4809	7360	0.5
4810	7360	0.5
7359	7360	0.5
4811	7361	0.5
4812	7361	0.5
4811	7362	0.5
4812	7362	0.5
7361	7362	0.5
4813	7363	0.5
4814	7363	0.5
4813	7364	0.5
4814	7364	0.5
7363	7364	0.5
4815	7365	0.5
4816	7365	0.5
4815	7366	0.5
4816	7366	0.5
7365	7366	0.5
4817	7367	0.5
4818	7367	0.5
4817	7368	0.5
4818	7368	0.5
7367	7368	0.5
4819	7369	0.5
4820	7369	0.5
4819	7370	0.5
4820	7370	0.5
7369	7370	0.5
4821	7371	0.5
4822	7371	0.5
4821	7372	0.5
4822	7372	0.5
7371	7372	0.5
4823	7373	0.5
4824	7373	0.5
4823	7374	0.5
4824	7374	0.5
7373	7374	0.5
4825	7375	0.5
4826	7375	0.5
4825	7376	0.5
4826	7376	0.5
7375	7376	0.5
4827	7377	0.5
4828	7377	0.5
4827	7378	0.5
4828	7378	0.5
7377	7378	0.5
4829	7379	0.5
4830	7379	0.5
4829	7380	0.5
4830	7380	0.5
7379	7380	0.5
4831	7381	0.5
4832	7381	0.5
4831	7382	0.5
4832	7382	0.5
7381	7382	0.5
4833	7383	0.5
4834	7383	0.5
4833	7384	0.5
4834	7384	0.5
7383	7384	0.5
4835	7385	0.5
4836	7385	0.5
4835	7386	0.5
4836	7386	0.5
7385	7386	0.5
4837	7387	0.5
4838	7387	0.5
4837	7388	0.5
4838	7388	0.5
7387	7388	0.5
4839	7389	0.5
4840	7389	0.5
4839	7390	0.5
4840	7390	0.5
7389	7390	0.5
4841	7391	0.5
4842	7391	0.5
4841	7392	0.5
4842	7392	0.5
7391	7392	0.5
4843	7393	0.5
4844	7393	0.5
4843	7394	0.5
4844	7394	0.5
7393	7394	0.5
4845	7395	0.5
4846	7395	0.5
4845	7396	0.5
4846	7396	0.5
7395	7396	0.5
4847	7397	0.5
4848	7397	0.5
4847	7398	0.5
4848	7398	0.5
7397	7398	0.5
4849	7399	0.5
4850	7399	0.5
4849	7400	0.5
4850	7400	0.5
7399	7400	0.5
4851	7401	0.5
4852	7401	0.5
4851	7402	0.5
4852	7402	0.5
7401	7402	0.5
4853	7403	0.5
4854	7403	0.5
4853	7404	0.5
4854	7404	0.5
7403	7404	0.5
4855	7405	0.5
4856	7405	0.5
4855	7406	0.5
4856	7406	0.5
7405	7406	0.5
4857	7407	0.5
4858	7407	0.5
4857	7408	0.5
4858	7408	0.5
7407	7408	0.5
4859	7409	0.5
4860	7409	0.5
4859	7410	0.5
4860	7410	0.5
7409	7410	0.5
4861	7411	0.5
4862	7411	0.5
4861	7412	0.5
4862	7412	0.5
7411	7412	0.5
4863	7413	0.5
4864	7413	0.5
4863	7414	0.5
4864	7414	0.5
7413	7414	0.5
4865	7415	0.5
4866	7415	0.5
4865	7416	0.5
4866	7416	0.5
7415	7416	0.5
4867	7417	0.5
4868	7417	0.5
4867	7418	0.5
4868	7418	0.5
7417	7418	0.5
4869	7419	0.5
4870	7419	0.5
4869	7420	0.5
4870	7420	0.5
7419	7420	0.5
4871	7421	0.5
4872	7421	0.5
4871	7422	0.5
4872	7422	0.5
7421	7422	0.5
4873	7423	0.5
4874	7423	0.5
4873	7424	0.5
4874	7424	0.5
7423	7424	0.5
4875	7425	0.5
4876	7425	0.5
4875	7426	0.5
4876	7426	0.5
7425	7426	0.5
4877	7427	0.5
4878	7427	0.5
4877	7428	0.5
4878	7428	0.5
7427	7428	0.5
4879	7429	0.5
4880	7429	0.5
4879	7430	0.5
4880	7430	0.5
7429	7430	0.5
4881	7431	0.5
4882	7431	0.5
4881	7432	0.5
4882	7432	0.5
7431	7432	0.5
4883	7433	0.5
4884	7433	0.5
4883	7434	0.5
4884	7434	0.5
7433	7434	0.5
4885	7435	0.5
4886	7435	0.5
4885	7436	0.5
4886	7436	0.5
7435	7436	0.5
4887	7437	0.5
4888	7437	0.5
4887	7438	0.5
4888	7438	0.5
7437	7438	0.5
4889	7439	0.5
4890	7439	0.5
4889	7440	0.5
4890	7440	0.5
7439	7440	0.5
4891	7441	0.5
4892	7441	0.5
4891	7442	0.5
4892	7442	0.5
7441	7442	0.5
4893	7443	0.5
4894	7443	0.5
4893	7444	0.5
4894	7444	0.5
7443	7444	0.5
4895	7445	0.5
4896	7445	0.5
4895	7446	0.5
4896	7446	0.5
7445	7446	0.5
4897	7447	0.5
4898	7447	0.5
4897	7448	0.5
4898	7448	0.5
7447	7448	0.5
4899	7449	0.5
4900	7449	0.5
4899	7450	0.5
4900	7450	0.5
7449	7450	0.5
4901	7451	0.5
4902	7451	0.5
4901	7452	0.5
4902	7452	0.5
7451	7452	0.5
4903	7453	0.5
4904	7453	0.5
4903	7454	0.5
4904	7454	0.5
7453	7454	0.5
4905	7455	0.5
4906	7455	0.5
4905	7456	0.5
4906	7456	0.5
7455	7456	0.5
4907	7457	0.5
4908	7457	0.5
4907	7458	0.5
4908	7458	0.5
7457	7458	0.5
4909	7459	0.5
4910	7459	0.5
4909	7460	0.5
4910	7460	0.5
7459	7460	0.5
4911	7461	0.5
4912	7461	0.5
4911	7462	0.5
4912	7462	0.5
7461	7462	0.5
4913	7463	0.5
4914	7463	0.5
4913	7464	0.5
4914	7464	0.5
7463	7464	0.5
4915	7465	0.5
4916	7465	0.5
4915	7466	0.5
4916	7466	0.5
7465	7466	0.5
4917	7467	0.5
4918	7467	0.5
4917	7468	0.5
4918	7468	0.5
7467	7468	0.5
4919	7469	0.5
4920	7469	0.5
4919	7470	0.5
4920	7470	0.5
7469	7470	0.5
4921	7471	0.5
4922	7471	0.5
4921	7472	0.5
4922	7472	0.5
7471	7472	0.5
4923	7473	0.5
4924	7473	0.5
4923	7474	0.5
4924	7474	0.5
7473	7474	0.5
4925	7475	0.5
4926	7475	0.5
4925	7476	0.5
4926	7476	0.5
7475	7476	0.5
4927	7477	0.5
4928	7477	0.5
4927	7478	0.5
4928	7478	0.5
7477	7478	0.5
4929	7479	0.5
4930	7479	0.5
4929	7480	0.5
4930	7480	0.5
7479	7480	0.5
4931	7481	0.5
4932	7481	0.5
4931	7482	0.5
4932	7482	0.5
7481	7482	0.5
4933	7483	0.5
4934	7483	0.5
4933	7484	0.5
4934	7484	0.5
7483	7484	0.5
4935	7485	0.5
4936	7485	0.5
4935	7486	0.5
4936	7486	0.5
7485	7486	0.5
4937	7487	0.5
4938	7487	0.5
4937	7488	0.5
4938	7488	0.5
7487	7488	0.5
4939	7489	0.5
4940	7489	0.5
4939	7490	0.5
4940	7490	0.5
7489	7490	0.5
4941	7491	0.5
4942	7491	0.5
4941	7492	0.5
4942	7492	0.5
7491	7492	0.5
4943	7493	0.5
4944	7493	0.5
4943	7494	0.5
4944	7494	0.5
7493	7494	0.5
4945	7495	0.5
4946	7495	0.5
4945	7496	0.5
4946	7496	0.5
7495	7496	0.5
4947	7497	0.5
4948	7497	0.5
4947	7498	0.5
4948	7498	0.5
7497	7498	0.5
4949	7499	0.5
4950	7499	0.5
4949	7500	0.5
4950	7500	0.5
7499	7500	0.5
4951	7501	0.5
4952	7501	0.5
4951	7502	0.5
4952	7502	0.5
7501	7502	0.5
4953	7503	0.5
4954	7503	0.5
4953	7504	0.5
4954	7504	0.5
7503	7504	0.5
4955	7505	0.5
4956	7505	0.5
4955	7506	0.5
4956	7506	0.5
7505	7506	0.5
4957	7507	0.5
4958	7507	0.5
4957	7508	0.5
4958	7508	0.5
7507	7508	0.5
4959	7509	0.5
4960	7509	0.5
4959	7510	0.5
4960	7510	0.5
7509	7510	0.5
4961	7511	0.5
4962	7511	0.5
4961	7512	0.5
4962	7512	0.5
7511	7512	0.5
4963	7513	0.5
4964	7513	0.5
4963	7514	0.5
4964	7514	0.5
7513	7514	0.5
4965	7515	0.5
4966	7515	0.5
4965	7516	0.5
4966	7516	0.5
7515	7516	0.5
4967	7517	0.5
4968	7517	0.5
4967	7518	0.5
4968	7518	0.5
7517	7518	0.5
4969	7519	0.5
4970	7519	0.5
4969	7520	0.5
4970	7520	0.5
7519	7520	0.5
4971	7521	0.5
4972	7521	0.5
4971	7522	0.5
4972	7522	0.5
7521	7522	0.5
4973	7523	0.5
4974	7523	0.5
4973	7524	0.5
4974	7524	0.5
7523	7524	0.5
4975	7525	0.5
4976	7525	0.5
4975	7526	0.5
4976	7526	0.5
7525	7526	0.5
4977	7527	0.5
4978	7527	0.5
4977	7528	0.5
4978	7528	0.5
7527	7528	0.5
4979	7529	0.5
4980	7529	0.5
4979	7530	0.5
4980	7530	0.5
7529	7530	0.5
4981	7531	0.5
4982	7531	0.5
4981	7532	0.5
4982	7532	0.5
7531	7532	0.5
4983	7533	0.5
4984	7533	0.5
4983	7534	0.5
4984	7534	0.5
7533	7534	0.5
4985	7535	0.5
4986	7535	0.5
4985	7536	0.5
4986	7536	0.5
7535	7536	0.5
4987	7537	0.5
4988	7537	0.5
4987	7538	0.5
4988	7538	0.5
7537	7538	0.5
4989	7539	0.5
4990	7539	0.5
4989	7540	0.5
4990	7540	0.5
7539	7540	0.5
4991	7541	0.5
4992	7541	0.5
4991	7542	0.5
4992	7542	0.5
7541	7542	0.5
4993	7543	0.5
4994	7543	0.5
4993	7544	0.5
4994	7544	0.5
7543	7544	0.5
4995	7545	0.5
4996	7545	0.5
4995	7546	0.5
4996	7546	0.5
7545	7546	0.5
4997	7547	0.5
4998	7547	0.5
4997	7548	0.5
4998	7548	0.5
7547	7548	0.5
4999	7549	0.5
5000	7549	0.5
4999	7550	0.5
5000	7550	0.5
7549	7550	0.5
5001	7551	0.5
5002	7551	0.5
5001	7552	0.5
5002	7552	0.5
7551	7552	0.5
5003	7553	0.5
5004	7553	0.5
5003	7554	0.5
5004	7554	0.5
7553	7554	0.5
5005	7555	0.5
5006	7555	0.5
5005	7556	0.5
5006	7556	0.5
7555	7556	0.5
5007	7557	0.5
5008	7557	0.5
5007	7558	0.5
5008	7558	0.5
7557	7558	0.5
5009	7559	0.5
5010	7559	0.5
5009	7560	0.5
5010	7560	0.5
7559	7560	0.5
5011	7561	0.5
5012	7561	0.5
5011	7562	0.5
5012	7562	0.5
7561	7562	0.5
5013	7563	0.5
5014	7563	0.5
5013	7564	0.5
5014	7564	0.5
7563	7564	0.5
5015	7565	0.5
5016	7565	0.5
5015	7566	0.5
5016	7566	0.5
7565	7566	0.5
5017	7567	0.5
5018	7567	0.5
5017	7568	0.5
5018	7568	0.5
7567	7568	0.5
5019	7569	0.5
5020	7569	0.5
5019	7570	0.5
5020	7570	0.5
7569	7570	0.5
5021	7571	0.5
5022	7571	0.5
5021	7572	0.5
5022	7572	0.5
7571	7572	0.5
5023	7573	0.5
5024	7573	0.5
5023	7574	0.5
5024	7574	0.5
7573	7574	0.5
5025	7575	0.5
5026	7575	0.5
5025	7576	0.5
5026	7576	0.5
7575	7576	0.5
5027	7577	0.5
5028	7577	0.5
5027	7578	0.5
5028	7578	0.5
7577	7578	0.5
5029	7579	0.5
5030	7579	0.5
5029	7580	0.5
5030	7580	0.5
7579	7580	0.5
5031	7581	0.5
5032	7581	0.5
5031	7582	0.5
5032	7582	0.5
7581	7582	0.5
5033	7583	0.5
5034	7583	0.5
5033	7584	0.5
5034	7584	0.5
7583	7584	0.5
5035	7585	0.5
5036	7585	0.5
5035	7586	0.5
5036	7586	0.5
7585	7586	0.5
5037	7587	0.5
5038	7587	0.5
5037	7588	0.5
5038	7588	0.5
7587	7588	0.5
5039	7589	0.5
5040	7589	0.5
5039	7590	0.5
5040	7590	0.5
7589	7590	0.5
5041	7591	0.5
5042	7591	0.5
5041	7592	0.5
5042	7592	0.5
7591	7592	0.5
5043	7593	0.5
5044	7593	0.5
5043	7594	0.5
5044	7594	0.5
7593	7594	0.5
5045	7595	0.5
5046	7595	0.5
5045	7596	0.5
5046	7596	0.5
7595	7596	0.5
5047	7597	0.5
5048	7597	0.5
5047	7598	0.5
5048	7598	0.5
7597	7598	0.5
5049	7599	0.5
5050	7599	0.5
5049	7600	0.5
5050	7600	0.5
7599	7600	0.5
5051	7601	0.5
5052	7601	0.5
5051	7602	0.5
5052	7602	0.5
7601	7602	0.5
5053	7603	0.5
5054	7603	0.5
5053	7604	0.5
5054	7604	0.5
7603	7604	0.5
5055	7605	0.5
5056	7605	0.5
5055	7606	0.5
5056	7606	0.5
7605	7606	0.5
5057	7607	0.5
5058	7607	0.5
5057	7608	0.5
5058	7608	0.5
7607	7608	0.5
5059	7609	0.5
5060	7609	0.5
5059	7610	0.5
5060	7610	0.5
7609	7610	0.5
5061	7611	0.5
5062	7611	0.5
5061	7612	0.5
5062	7612	0.5
7611	7612	0.5
5063	7613	0.5
5064	7613	0.5
5063	7614	0.5
5064	7614	0.5
7613	7614	0.5
5065	7615	0.5
5066	7615	0.5
5065	7616	0.5
5066	7616	0.5
7615	7616	0.5
5067	7617	0.5
5068	7617	0.5
5067	7618	0.5
5068	7618	0.5
7617	7618	0.5
5069	7619	0.5
5070	7619	0.5
5069	7620	0.5
5070	7620	0.5
7619	7620	0.5
5071	7621	0.5
5072	7621	0.5
5071	7622	0.5
5072	7622	0.5
7621	7622	0.5
5073	7623	0.5
5074	7623	0.5
5073	7624	0.5
5074	7624	0.5
7623	7624	0.5
5075	7625	0.5
5076	7625	0.5
5075	7626	0.5
5076	7626	0.5
7625	7626	0.5
5077	7627	0.5
5078	7627	0.5
5077	7628	0.5
5078	7628	0.5
7627	7628	0.5
5079	7629	0.5
5080	7629	0.5
5079	7630	0.5
5080	7630	0.5
7629	7630	0.5
5081	7631	0.5
5082	7631	0.5
5081	7632	0.5
5082	7632	0.5
7631	7632	0.5
5083	7633	0.5
5084	7633	0.5
5083	7634	0.5
5084	7634	0.5
7633	7634	0.5
5085	7635	0.5
5086	7635	0.5
5085	7636	0.5
5086	7636	0.5
7635	7636	0.5
5087	7637	0.5
5088	7637	0.5
5087	7638	0.5
5088	7638	0.5
7637	7638	0.5
5089	7639	0.5
5090	7639	0.5
5089	7640	0.5
5090	7640	0.5
7639	7640	0.5
5091	7641	0.5
5092	7641	0.5
5091	7642	0.5
5092	7642	0.5
7641	7642	0.5
5093	7643	0.5
5094	7643	0.5
5093	7644	0.5
5094	7644	0.5
7643	7644	0.5
5095	7645	0.5
5096	7645	0.5
5095	7646	0.5
5096	7646	0.5
7645	7646	0.5
5097	7647	0.5
5098	7647	0.5
5097	7648	0.5
5098	7648	0.5
7647	7648	0.5
5099	7649	0.5
5100	7649	0.5
5099	7650	0.5
5100	7650	0.5
7649	7650	0.5
5101	7651	0.5
5102	7651	0.5
5101	7652	0.5
5102	7652	0.5
7651	7652	0.5
5103	7653	0.5
5104	7653	0.5
5103	7654	0.5
5104	7654	0.5
7653	7654	0.5
5105	7655	0.5
5106	7655	0.5
5105	7656	0.5
5106	7656	0.5
7655	7656	0.5
5107	7657	0.5
5108	7657	0.5
5107	7658	0.5
5108	7658	0.5
7657	7658	0.5
5109	7659	0.5
5110	7659	0.5
5109	7660	0.5
5110	7660	0.5
7659	7660	0.5
5111	7661	0.5
5112	7661	0.5
5111	7662	0.5
5112	7662	0.5
7661	7662	0.5
5113	7663	0.5
5114	7663	0.5
5113	7664	0.5
5114	7664	0.5
7663	7664	0.5
5115	7665	0.5
5116	7665	0.5
5115	7666	0.5
5116	7666	0.5
7665	7666	0.5
5117	7667	0.5
5118	7667	0.5
5117	7668	0.5
5118	7668	0.5
7667	7668	0.5
5119	7669	0.5
5120	7669	0.5
5119	7670	0.5
5120	7670	0.5
7669	7670	0.5
5121	7671	0.5
5122	7671	0.5
5121	7672	0.5
5122	7672	0.5
7671	7672	0.5
5123	7673	0.5
5124	7673	0.5
5123	7674	0.5
5124	7674	0.5
7673	7674	0.5
5125	7675	0.5
5126	7675	0.5
5125	7676	0.5
5126	7676	0.5
7675	7676	0.5
5127	7677	0.5
5128	7677	0.5
5127	7678	0.5
5128	7678	0.5
7677	7678	0.5
5129	7679	0.5
5130	7679	0.5
5129	7680	0.5
5130	7680	0.5
7679	7680	0.5
5131	7681	0.5
5132	7681	0.5
5131	7682	0.5
5132	7682	0.5
7681	7682	0.5
5133	7683	0.5
5134	7683	0.5
5133	7684	0.5
5134	7684	0.5
7683	7684	0.5
5135	7685	0.5
5136	7685	0.5
5135	7686	0.5
5136	7686	0.5
7685	7686	0.5
5137	7687	0.5
5138	7687	0.5
5137	7688	0.5
5138	7688	0.5
7687	7688	0.5
5139	7689	0.5
5140	7689	0.5
5139	7690	0.5
5140	7690	0.5
7689	7690	0.5
5141	7691	0.5
5142	7691	0.5
5141	7692	0.5
5142	7692	0.5
7691	7692	0.5
5143	7693	0.5
5144	7693	0.5
5143	7694	0.5
5144	7694	0.5
7693	7694	0.5
5145	7695	0.5
5146	7695	0.5
5145	7696	0.5
5146	7696	0.5
7695	7696	0.5
5147	7697	0.5
5148	7697	0.5
5147	7698	0.5
5148	7698	0.5
7697	7698	0.5
5149	7699	0.5
5150	7699	0.5
5149	7700	0.5
5150	7700	0.5
7699	7700	0.5
5151	7701	0.5
5152	7701	0.5
5151	7702	0.5
5152	7702	0.5
7701	7702	0.5
5153	7703	0.5
5154	7703	0.5
5153	7704	0.5
5154	7704	0.5
7703	7704	0.5
5155	7705	0.5
5156	7705	0.5
5155	7706	0.5
5156	7706	0.5
7705	7706	0.5
5157	7707	0.5
5158	7707	0.5
5157	7708	0.5
5158	7708	0.5
7707	7708	0.5
5159	7709	0.5
5160	7709	0.5
5159	7710	0.5
5160	7710	0.5
7709	7710	0.5
5161	7711	0.5
5162	7711	0.5
5161	7712	0.5
5162	7712	0.5
7711	7712	0.5
5163	7713	0.5
5164	7713	0.5
5163	7714	0.5
5164	7714	0.5
7713	7714	0.5
5165	7715	0.5
5166	7715	0.5
5165	7716	0.5
5166	7716	0.5
7715	7716	0.5
5167	7717	0.5
5168	7717	0.5
5167	7718	0.5
5168	7718	0.5
7717	7718	0.5
5169	7719	0.5
5170	7719	0.5
5169	7720	0.5
5170	7720	0.5
7719	7720	0.5
5171	7721	0.5
5172	7721	0.5
5171	7722	0.5
5172	7722	0.5
7721	7722	0.5
5173	7723	0.5
5174	7723	0.5
5173	7724	0.5
5174	7724	0.5
7723	7724	0.5
5175	7725	0.5
5176	7725	0.5
5175	7726	0.5
5176	7726	0.5
7725	7726	0.5
5177	7727	0.5
5178	7727	0.5
5177	7728	0.5
5178	7728	0.5
7727	7728	0.5
5179	7729	0.5
5180	7729	0.5
5179	7730	0.5
5180	7730	0.5
7729	7730	0.5
5181	7731	0.5
5182	7731	0.5
5181	7732	0.5
5182	7732	0.5
7731	7732	0.5
5183	7733	0.5
5184	7733	0.5
5183	7734	0.5
5184	7734	0.5
7733	7734	0.5
5185	7735	0.5
5186	7735	0.5
5185	7736	0.5
5186	7736	0.5
7735	7736	0.5
5187	7737	0.5
5188	7737	0.5
5187	7738	0.5
5188	7738	0.5
7737	7738	0.5
5189	7739	0.5
5190	7739	0.5
5189	7740	0.5
5190	7740	0.5
7739	7740	0.5
5191	7741	0.5
5192	7741	0.5
5191	7742	0.5
5192	7742	0.5
7741	7742	0.5
5193	7743	0.5
5194	7743	0.5
5193	7744	0.5
5194	7744	0.5
7743	7744	0.5
5195	7745	0.5
5196	7745	0.5
5195	7746	0.5
5196	7746	0.5
7745	7746	0.5
5197	7747	0.5
5198	7747	0.5
5197	7748	0.5
5198	7748	0.5
7747	7748	0.5
5199	7749	0.5
5200	7749	0.5
5199	7750	0.5
5200	7750	0.5
7749	7750	0.5
5201	7751	0.5
5202	7751	0.5
5201	7752	0.5
5202	7752	0.5
7751	7752	0.5
5203	7753	0.5
5204	7753	0.5
5203	7754	0.5
5204	7754	0.5
7753	7754	0.5
5205	7755	0.5
5206	7755	0.5
5205	7756	0.5
5206	7756	0.5
7755	7756	0.5
5207	7757	0.5
5208	7757	0.5
5207	7758	0.5
5208	7758	0.5
7757	7758	0.5
5209	7759	0.5
5210	7759	0.5
5209	7760	0.5
5210	7760	0.5
7759	7760	0.5
5211	7761	0.5
5212	7761	0.5
5211	7762	0.5
5212	7762	0.5
7761	7762	0.5
5213	7763	0.5
5214	7763	0.5
5213	7764	0.5
5214	7764	0.5
7763	7764	0.5
5215	7765	0.5
5216	7765	0.5
5215	7766	0.5
5216	7766	0.5
7765	7766	0.5
5217	7767	0.5
5218	7767	0.5
5217	7768	0.5
5218	7768	0.5
7767	7768	0.5
5219	7769	0.5
5220	7769	0.5
5219	7770	0.5
5220	7770	0.5
7769	7770	0.5
5221	7771	0.5
5222	7771	0.5
5221	7772	0.5
5222	7772	0.5
7771	7772	0.5
5223	7773	0.5
5224	7773	0.5
5223	7774	0.5
5224	7774	0.5
7773	7774	0.5
5225	7775	0.5
5226	7775	0.5
5225	7776	0.5
5226	7776	0.5
7775	7776	0.5
5227	7777	0.5
5228	7777	0.5
5227	7778	0.5
5228	7778	0.5
7777	7778	0.5
5229	7779	0.5
5230	7779	0.5
5229	7780	0.5
5230	7780	0.5
7779	7780	0.5
5231	7781	0.5
5232	7781	0.5
5231	7782	0.5
5232	7782	0.5
7781	7782	0.5
5233	7783	0.5
5234	7783	0.5
5233	7784	0.5
5234	7784	0.5
7783	7784	0.5
5235	7785	0.5
5236	7785	0.5
5235	7786	0.5
5236	7786	0.5
7785	7786	0.5
5237	7787	0.5
5238	7787	0.5
5237	7788	0.5
5238	7788	0.5
7787	7788	0.5
5239	7789	0.5
5240	7789	0.5
5239	7790	0.5
5240	7790	0.5
7789	7790	0.5
5241	7791	0.5
5242	7791	0.5
5241	7792	0.5
5242	7792	0.5
7791	7792	0.5
5243	7793	0.5
5244	7793	0.5
5243	7794	0.5
5244	7794	0.5
7793	7794	0.5
5245	7795	0.5
5246	7795	0.5
5245	7796	0.5
5246	7796	0.5
7795	7796	0.5
5247	7797	0.5
5248	7797	0.5
5247	7798	0.5
5248	7798	0.5
7797	7798	0.5
5249	7799	0.5
5250	7799	0.5
5249	7800	0.5
5250	7800	0.5
7799	7800	0.5
5251	7801	0.5
5252	7801	0.5
5251	7802	0.5
5252	7802	0.5
7801	7802	0.5
5253	7803	0.5
5254	7803	0.5
5253	7804	0.5
5254	7804	0.5
7803	7804	0.5
5255	7805	0.5
5256	7805	0.5
5255	7806	0.5
5256	7806	0.5
7805	7806	0.5
5257	7807	0.5
5258	7807	0.5
5257	7808	0.5
5258	7808	0.5
7807	7808	0.5
5259	7809	0.5
5260	7809	0.5
5259	7810	0.5
5260	7810	0.5
7809	7810	0.5
5261	7811	0.5
5262	7811	0.5
5261	7812	0.5
5262	7812	0.5
7811	7812	0.5
5263	7813	0.5
5264	7813	0.5
5263	7814	0.5
5264	7814	0.5
7813	7814	0.5
5265	7815	0.5
5266	7815	0.5
5265	7816	0.5
5266	7816	0.5
7815	7816	0.5
5267	7817	0.5
5268	7817	0.5
5267	7818	0.5
5268	7818	0.5
7817	7818	0.5
5269	7819	0.5
5270	7819	0.5
5269	7820	0.5
5270	7820	0.5
7819	7820	0.5
5271	7821	0.5
5272	7821	0.5
5271	7822	0.5
5272	7822	0.5
7821	7822	0.5
5273	7823	0.5
5274	7823	0.5
5273	7824	0.5
5274	7824	0.5
7823	7824	0.5
5275	7825	0.5
5276	7825	0.5
5275	7826	0.5
5276	7826	0.5
7825	7826	0.5
5277	7827	0.5
5278	7827	0.5
5277	7828	0.5
5278	7828	0.5
7827	7828	0.5
5279	7829	0.5
5280	7829	0.5
5279	7830	0.5
5280	7830	0.5
7829	7830	0.5
5281	7831	0.5
5282	7831	0.5
5281	7832	0.5
5282	7832	0.5
7831	7832	0.5
5283	7833	0.5
5284	7833	0.5
5283	7834	0.5
5284	7834	0.5
7833	7834	0.5
5285	7835	0.5
5286	7835	0.5
5285	7836	0.5
5286	7836	0.5
7835	7836	0.5
5287	7837	0.5
5288	7837	0.5
5287	7838	0.5
5288	7838	0.5
7837	7838	0.5
5289	7839	0.5
5290	7839	0.5
5289	7840	0.5
5290	7840	0.5
7839	7840	0.5
5291	7841	0.5
5292	7841	0.5
5291	7842	0.5
5292	7842	0.5
7841	7842	0.5
5293	7843	0.5
5294	7843	0.5
5293	7844	0.5
5294	7844	0.5
7843	7844	0.5
5295	7845	0.5
5296	7845	0.5
5295	7846	0.5
5296	7846	0.5
7845	7846	0.5
5297	7847	0.5
5298	7847	0.5
5297	7848	0.5
5298	7848	0.5
7847	7848	0.5
5299	7849	0.5
5300	7849	0.5
5299	7850	0.5
5300	7850	0.5
7849	7850	0.5
5301	7851	0.5
5302	7851	0.5
5301	7852	0.5
5302	7852	0.5
7851	7852	0.5
5303	7853	0.5
5304	7853	0.5
5303	7854	0.5
5304	7854	0.5
7853	7854	0.5
5305	7855	0.5
5306	7855	0.5
5305	7856	0.5
5306	7856	0.5
7855	7856	0.5
5307	7857	0.5
5308	7857	0.5
5307	7858	0.5
5308	7858	0.5
7857	7858	0.5
5309	7859	0.5
5310	7859	0.5
5309	7860	0.5
5310	7860	0.5
7859	7860	0.5
5311	7861	0.5
5312	7861	0.5
5311	7862	0.5
5312	7862	0.5
7861	7862	0.5
5313	7863	0.5
5314	7863	0.5
5313	7864	0.5
5314	7864	0.5
7863	7864	0.5
5315	7865	0.5
5316	7865	0.5
5315	7866	0.5
5316	7866	0.5
7865	7866	0.5
5317	7867	0.5
5318	7867	0.5
5317	7868	0.5
5318	7868	0.5
7867	7868	0.5
5319	7869	0.5
5320	7869	0.5
5319	7870	0.5
5320	7870	0.5
7869	7870	0.5
5321	7871	0.5
5322	7871	0.5
5321	7872	0.5
5322	7872	0.5
7871	7872	0.5
5323	7873	0.5
5324	7873	0.5
5323	7874	0.5
5324	7874	0.5
7873	7874	0.5
5325	7875	0.5
5326	7875	0.5
5325	7876	0.5
5326	7876	0.5
7875	7876	0.5
5327	7877	0.5
5328	7877	0.5
5327	7878	0.5
5328	7878	0.5
7877	7878	0.5
5329	7879	0.5
5330	7879	0.5
5329	7880	0.5
5330	7880	0.5
7879	7880	0.5
5331	7881	0.5
5332	7881	0.5
5331	7882	0.5
5332	7882	0.5
7881	7882	0.5
5333	7883	0.5
5334	7883	0.5
5333	7884	0.5
5334	7884	0.5
7883	7884	0.5
5335	7885	0.5
5336	7885	0.5
5335	7886	0.5
5336	7886	0.5
7885	7886	0.5
5337	7887	0.5
5338	7887	0.5
5337	7888	0.5
5338	7888	0.5
7887	7888	0.5
5339	7889	0.5
5340	7889	0.5
5339	7890	0.5
5340	7890	0.5
7889	7890	0.5
5341	7891	0.5
5342	7891	0.5
5341	7892	0.5
5342	7892	0.5
7891	7892	0.5
5343	7893	0.5
5344	7893	0.5
5343	7894	0.5
5344	7894	0.5
7893	7894	0.5
5345	7895	0.5
5346	7895	0.5
5345	7896	0.5
5346	7896	0.5
7895	7896	0.5
5347	7897	0.5
5348	7897	0.5
5347	7898	0.5
5348	7898	0.5
7897	7898	0.5
5349	7899	0.5
5350	7899	0.5
5349	7900	0.5
5350	7900	0.5
7899	7900	0.5
5351	7901	0.5
5352	7901	0.5
5351	7902	0.5
5352	7902	0.5
7901	7902	0.5
5353	7903	0.5
5354	7903	0.5
5353	7904	0.5
5354	7904	0.5
7903	7904	0.5
5355	7905	0.5
5356	7905	0.5
5355	7906	0.5
5356	7906	0.5
7905	7906	0.5
5357	7907	0.5
5358	7907	0.5
5357	7908	0.5
5358	7908	0.5
7907	7908	0.5
5359	7909	0.5
5360	7909	0.5
5359	7910	0.5
5360	7910	0.5
7909	7910	0.5
5361	7911	0.5
5362	7911	0.5
5361	7912	0.5
5362	7912	0.5
7911	7912	0.5
5363	7913	0.5
5364	7913	0.5
5363	7914	0.5
5364	7914	0.5
7913	7914	0.5
5365	7915	0.5
5366	7915	0.5
5365	7916	0.5
5366	7916	0.5
7915	7916	0.5
5367	7917	0.5
5368	7917	0.5
5367	7918	0.5
5368	7918	0.5
7917	7918	0.5
5369	7919	0.5
5370	7919	0.5
5369	7920	0.5
5370	7920	0.5
7919	7920	0.5
5371	7921	0.5
5372	7921	0.5
5371	7922	0.5
5372	7922	0.5
7921	7922	0.5
5373	7923	0.5
5374	7923	0.5
5373	7924	0.5
5374	7924	0.5
7923	7924	0.5
5375	7925	0.5
5376	7925	0.5
5375	7926	0.5
5376	7926	0.5
7925	7926	0.5
5377	7927	0.5
5378	7927	0.5
5377	7928	0.5
5378	7928	0.5
7927	7928	0.5
5379	7929	0.5
5380	7929	0.5
5379	7930	0.5
5380	7930	0.5
7929	7930	0.5
5381	7931	0.5
5382	7931	0.5
5381	7932	0.5
5382	7932	0.5
7931	7932	0.5
5383	7933	0.5
5384	7933	0.5
5383	7934	0.5
5384	7934	0.5
7933	7934	0.5
5385	7935	0.5
5386	7935	0.5
5385	7936	0.5
5386	7936	0.5
7935	7936	0.5
5387	7937	0.5
5388	7937	0.5
5387	7938	0.5
5388	7938	0.5
7937	7938	0.5
5389	7939	0.5
5390	7939	0.5
5389	7940	0.5
5390	7940	0.5
7939	7940	0.5
5391	7941	0.5
5392	7941	0.5
5391	7942	0.5
5392	7942	0.5
7941	7942	0.5
5393	7943	0.5
5394	7943	0.5
5393	7944	0.5
5394	7944	0.5
7943	7944	0.5
5395	7945	0.5
5396	7945	0.5
5395	7946	0.5
5396	7946	0.5
7945	7946	0.5
5397	7947	0.5
5398	7947	0.5
5397	7948	0.5
5398	7948	0.5
7947	7948	0.5
5399	7949	0.5
5400	7949	0.5
5399	7950	0.5
5400	7950	0.5
7949	7950	0.5
5401	7951	0.5
5402	7951	0.5
5401	7952	0.5
5402	7952	0.5
7951	7952	0.5
5403	7953	0.5
5404	7953	0.5
5403	7954	0.5
5404	7954	0.5
7953	7954	0.5
5405	7955	0.5
5406	7955	0.5
5405	7956	0.5
5406	7956	0.5
7955	7956	0.5
5407	7957	0.5
5408	7957	0.5
5407	7958	0.5
5408	7958	0.5
7957	7958	0.5
5409	7959	0.5
5410	7959	0.5
5409	7960	0.5
5410	7960	0.5
7959	7960	0.5
5411	7961	0.5
5412	7961	0.5
5411	7962	0.5
5412	7962	0.5
7961	7962	0.5
5413	7963	0.5
5414	7963	0.5
5413	7964	0.5
5414	7964	0.5
7963	7964	0.5
5415	7965	0.5
5416	7965	0.5
5415	7966	0.5
5416	7966	0.5
7965	7966	0.5
5417	7967	0.5
5418	7967	0.5
5417	7968	0.5
5418	7968	0.5
7967	7968	0.5
5419	7969	0.5
5420	7969	0.5
5419	7970	0.5
5420	7970	0.5
7969	7970	0.5
5421	7971	0.5
5422	7971	0.5
5421	7972	0.5
5422	7972	0.5
7971	7972	0.5
5423	7973	0.5
5424	7973	0.5
5423	7974	0.5
5424	7974	0.5
7973	7974	0.5
5425	7975	0.5
5426	7975	0.5
5425	7976	0.5
5426	7976	0.5
7975	7976	0.5
5427	7977	0.5
5428	7977	0.5
5427	7978	0.5
5428	7978	0.5
7977	7978	0.5
5429	7979	0.5
5430	7979	0.5
5429	7980	0.5
5430	7980	0.5
7979	7980	0.5
5431	7981	0.5
5432	7981	0.5
5431	7982	0.5
5432	7982	0.5
7981	7982	0.5
5433	7983	0.5
5434	7983	0.5
5433	7984	0.5
5434	7984	0.5
7983	7984	0.5
5435	7985	0.5
5436	7985	0.5
5435	7986	0.5
5436	7986	0.5
7985	7986	0.5
5437	7987	0.5
5438	7987	0.5
5437	7988	0.5
5438	7988	0.5
7987	7988	0.5
5439	7989	0.5
5440	7989	0.5
5439	7990	0.5
5440	7990	0.5
7989	7990	0.5
5441	7991	0.5
5442	7991	0.5
5441	7992	0.5
5442	7992	0.5
7991	7992	0.5
5443	7993	0.5
5444	7993	0.5
5443	7994	0.5
5444	7994	0.5
7993	7994	0.5
5445	7995	0.5
5446	7995	0.5
5445	7996	0.5
5446	7996	0.5
7995	7996	0.5
5447	7997	0.5
5448	7997	0.5
5447	7998	0.5
5448	7998	0.5
7997	7998	0.5
5449	7999	0.5
5450	7999	0.5
5449	8000	0.5
5450	8000	0.5
7999	8000	0.5
5451	8001	0.5
5452	8001	0.5
5451	8002	0.5
5452	8002	0.5
8001	8002	0.5
5453	8003	0.5
5454	8003	0.5
5453	8004	0.5
5454	8004	0.5
8003	8004	0.5
5455	8005	0.5
5456	8005	0.5
5455	8006	0.5
5456	8006	0.5
8005	8006	0.5
5457	8007	0.5
5458	8007	0.5
5457	8008	0.5
5458	8008	0.5
8007	8008	0.5
5459	8009	0.5
5460	8009	0.5
5459	8010	0.5
5460	8010	0.5
8009	8010	0.5
5461	8011	0.5
5462	8011	0.5
5461	8012	0.5
5462	8012	0.5
8011	8012	0.5
5463	8013	0.5
5464	8013	0.5
5463	8014	0.5
5464	8014	0.5
8013	8014	0.5
5465	8015	0.5
5466	8015	0.5
5465	8016	0.5
5466	8016	0.5
8015	8016	0.5
5467	8017	0.5
5468	8017	0.5
5467	8018	0.5
5468	8018	0.5
8017	8018	0.5
5469	8019	0.5
5470	8019	0.5
5469	8020	0.5
5470	8020	0.5
8019	8020	0.5
5471	8021	0.5
5472	8021	0.5
5471	8022	0.5
5472	8022	0.5
8021	8022	0.5
5473	8023	0.5
5474	8023	0.5
5473	8024	0.5
5474	8024	0.5
8023	8024	0.5
5475	8025	0.5
5476	8025	0.5
5475	8026	0.5
5476	8026	0.5
8025	8026	0.5
5477	8027	0.5
5478	8027	0.5
5477	8028	0.5
5478	8028	0.5
8027	8028	0.5
5479	8029	0.5
5480	8029	0.5
5479	8030	0.5
5480	8030	0.5
8029	8030	0.5
5481	8031	0.5
5482	8031	0.5
5481	8032	0.5
5482	8032	0.5
8031	8032	0.5
5483	8033	0.5
5484	8033	0.5
5483	8034	0.5
5484	8034	0.5
8033	8034	0.5
5485	8035	0.5
5486	8035	0.5
5485	8036	0.5
5486	8036	0.5
8035	8036	0.5
5487	8037	0.5
5488	8037	0.5
5487	8038	0.5
5488	8038	0.5
8037	8038	0.5
5489	8039	0.5
5490	8039	0.5
5489	8040	0.5
5490	8040	0.5
8039	8040	0.5
5491	8041	0.5
5492	8041	0.5
5491	8042	0.5
5492	8042	0.5
8041	8042	0.5
5493	8043	0.5
5494	8043	0.5
5493	8044	0.5
5494	8044	0.5
8043	8044	0.5
5495	8045	0.5
5496	8045	0.5
5495	8046	0.5
5496	8046	0.5
8045	8046	0.5
5497	8047	0.5
5498	8047	0.5
5497	8048	0.5
5498	8048	0.5
8047	8048	0.5
5499	8049	0.5
5500	8049	0.5
5499	8050	0.5
5500	8050	0.5
8049	8050	0.5
5501	8051	0.5
5502	8051	0.5
5501	8052	0.5
5502	8052	0.5
8051	8052	0.5
5503	8053	0.5
5504	8053	0.5
5503	8054	0.5
5504	8054	0.5
8053	8054	0.5
5505	8055	0.5
5506	8055	0.5
5505	8056	0.5
5506	8056	0.5
8055	8056	0.5
5507	8057	0.5
5508	8057	0.5
5507	8058	0.5
5508	8058	0.5
8057	8058	0.5
5509	8059	0.5
5510	8059	0.5
5509	8060	0.5
5510	8060	0.5
8059	8060	0.5
5511	8061	0.5
5512	8061	0.5
5511	8062	0.5
5512	8062	0.5
8061	8062	0.5
5513	8063	0.5
5514	8063	0.5
5513	8064	0.5
5514	8064	0.5
8063	8064	0.5
5515	8065	0.5
5516	8065	0.5
5515	8066	0.5
5516	8066	0.5
8065	8066	0.5
5517	8067	0.5
5518	8067	0.5
5517	8068	0.5
5518	8068	0.5
8067	8068	0.5
5519	8069	0.5
5520	8069	0.5
5519	8070	0.5
5520	8070	0.5
8069	8070	0.5
5521	8071	0.5
5522	8071	0.5
5521	8072	0.5
5522	8072	0.5
8071	8072	0.5
5523	8073	0.5
5524	8073	0.5
5523	8074	0.5
5524	8074	0.5
8073	8074	0.5
5525	8075	0.5
5526	8075	0.5
5525	8076	0.5
5526	8076	0.5
8075	8076	0.5
5527	8077	0.5
5528	8077	0.5
5527	8078	0.5
5528	8078	0.5
8077	8078	0.5
5529	8079	0.5
5530	8079	0.5
5529	8080	0.5
5530	8080	0.5
8079	8080	0.5
5531	8081	0.5
5532	8081	0.5
5531	8082	0.5
5532	8082	0.5
8081	8082	0.5
5533	8083	0.5
5534	8083	0.5
5533	8084	0.5
5534	8084	0.5
8083	8084	0.5
5535	8085	0.5
5536	8085	0.5
5535	8086	0.5
5536	8086	0.5
8085	8086	0.5
5537	8087	0.5
5538	8087	0.5
5537	8088	0.5
5538	8088	0.5
8087	8088	0.5
5539	8089	0.5
5540	8089	0.5
5539	8090	0.5
5540	8090	0.5
8089	8090	0.5
5541	8091	0.5
5542	8091	0.5
5541	8092	0.5
5542	8092	0.5
8091	8092	0.5
5543	8093	0.5
5544	8093	0.5
5543	8094	0.5
5544	8094	0.5
8093	8094	0.5
5545	8095	0.5
5546	8095	0.5
5545	8096	0.5
5546	8096	0.5
8095	8096	0.5
5547	8097	0.5
5548	8097	0.5
5547	8098	0.5
5548	8098	0.5
8097	8098	0.5
5549	8099	0.5
5550	8099	0.5
5549	8100	0.5
5550	8100	0.5
8099	8100	0.5
5551	8101	0.5
5552	8101	0.5
5551	8102	0.5
5552	8102	0.5
8101	8102	0.5
5553	8103	0.5
5554	8103	0.5
5553	8104	0.5
5554	8104	0.5
8103	8104	0.5
5555	8105	0.5
5556	8105	0.5
5555	8106	0.5
5556	8106	0.5
8105	8106	0.5
5557	8107	0.5
5558	8107	0.5
5557	8108	0.5
5558	8108	0.5
8107	8108	0.5
5559	8109	0.5
5560	8109	0.5
5559	8110	0.5
5560	8110	0.5
8109	8110	0.5
5561	8111	0.5
5562	8111	0.5
5561	8112	0.5
5562	8112	0.5
8111	8112	0.5
5563	8113	0.5
5564	8113	0.5
5563	8114	0.5
5564	8114	0.5
8113	8114	0.5
5565	8115	0.5
5566	8115	0.5
5565	8116	0.5
5566	8116	0.5
8115	8116	0.5
5567	8117	0.5
5568	8117	0.5
5567	8118	0.5
5568	8118	0.5
8117	8118	0.5
5569	8119	0.5
5570	8119	0.5
5569	8120	0.5
5570	8120	0.5
8119	8120	0.5
5571	8121	0.5
5572	8121	0.5
5571	8122	0.5
5572	8122	0.5
8121	8122	0.5
5573	8123	0.5
5574	8123	0.5
5573	8124	0.5
5574	8124	0.5
8123	8124	0.5
5575	8125	0.5
5576	8125	0.5
5575	8126	0.5
5576	8126	0.5
8125	8126	0.5
5577	8127	0.5
5578	8127	0.5
5577	8128	0.5
5578	8128	0.5
8127	8128	0.5
5579	8129	0.5
5580	8129	0.5
5579	8130	0.5
5580	8130	0.5
8129	8130	0.5
5581	8131	0.5
5582	8131	0.5
5581	8132	0.5
5582	8132	0.5
8131	8132	0.5
5583	8133	0.5
5584	8133	0.5
5583	8134	0.5
5584	8134	0.5
8133	8134	0.5
5585	8135	0.5
5586	8135	0.5
5585	8136	0.5
5586	8136	0.5
8135	8136	0.5
5587	8137	0.5
5588	8137	0.5
5587	8138	0.5
5588	8138	0.5
8137	8138	0.5
5589	8139	0.5
5590	8139	0.5
5589	8140	0.5
5590	8140	0.5
8139	8140	0.5
5591	8141	0.5
5592	8141	0.5
5591	8142	0.5
5592	8142	0.5
8141	8142	0.5
5593	8143	0.5
5594	8143	0.5
5593	8144	0.5
5594	8144	0.5
8143	8144	0.5
5595	8145	0.5
5596	8145	0.5
5595	8146	0.5
5596	8146	0.5
8145	8146	0.5
5597	8147	0.5
5598	8147	0.5
5597	8148	0.5
5598	8148	0.5
8147	8148	0.5
5599	8149	0.5
5600	8149	0.5
5599	8150	0.5
5600	8150	0.5
8149	8150	0.5
5601	8151	0.5
5602	8151	0.5
5601	8152	0.5
5602	8152	0.5
8151	8152	0.5
5603	8153	0.5
5604	8153	0.5
5603	8154	0.5
5604	8154	0.5
8153	8154	0.5
5605	8155	0.5
5606	8155	0.5
5605	8156	0.5
5606	8156	0.5
8155	8156	0.5
5607	8157	0.5
5608	8157	0.5
5607	8158	0.5
5608	8158	0.5
8157	8158	0.5
5609	8159	0.5
5610	8159	0.5
5609	8160	0.5
5610	8160	0.5
8159	8160	0.5
5611	8161	0.5
5612	8161	0.5
5611	8162	0.5
5612	8162	0.5
8161	8162	0.5
5613	8163	0.5
5614	8163	0.5
5613	8164	0.5
5614	8164	0.5
8163	8164	0.5
5615	8165	0.5
5616	8165	0.5
5615	8166	0.5
5616	8166	0.5
8165	8166	0.5
5617	8167	0.5
5618	8167	0.5
5617	8168	0.5
5618	8168	0.5
8167	8168	0.5
5619	8169	0.5
5620	8169	0.5
5619	8170	0.5
5620	8170	0.5
8169	8170	0.5
5621	8171	0.5
5622	8171	0.5
5621	8172	0.5
5622	8172	0.5
8171	8172	0.5
5623	8173	0.5
5624	8173	0.5
5623	8174	0.5
5624	8174	0.5
8173	8174	0.5
5625	8175	0.5
5626	8175	0.5
5625	8176	0.5
5626	8176	0.5
8175	8176	0.5
5627	8177	0.5
5628	8177	0.5
5627	8178	0.5
5628	8178	0.5
8177	8178	0.5
5629	8179	0.5
5630	8179	0.5
5629	8180	0.5
5630	8180	0.5
8179	8180	0.5
5631	8181	0.5
5632	8181	0.5
5631	8182	0.5
5632	8182	0.5
8181	8182	0.5
5633	8183	0.5
5634	8183	0.5
5633	8184	0.5
5634	8184	0.5
8183	8184	0.5
5635	8185	0.5
5636	8185	0.5
5635	8186	0.5
5636	8186	0.5
8185	8186	0.5
5637	8187	0.5
5638	8187	0.5
5637	8188	0.5
5638	8188	0.5
8187	8188	0.5
5639	8189	0.5
5640	8189	0.5
5639	8190	0.5
5640	8190	0.5
8189	8190	0.5
5641	8191	0.5
5642	8191	0.5
5641	8192	0.5
5642	8192	0.5
8191	8192	0.5
5643	8193	0.5
5644	8193	0.5
5643	8194	0.5
5644	8194	0.5
8193	8194	0.5
5645	8195	0.5
5646	8195	0.5
5645	8196	0.5
5646	8196	0.5
8195	8196	0.5
5647	8197	0.5
5648	8197	0.5
5647	8198	0.5
5648	8198	0.5
8197	8198	0.5
5649	8199	0.5
5650	8199	0.5
5649	8200	0.5
5650	8200	0.5
8199	8200	0.5
5651	8201	0.5
5652	8201	0.5
5651	8202	0.5
5652	8202	0.5
8201	8202	0.5
5653	8203	0.5
5654	8203	0.5
5653	8204	0.5
5654	8204	0.5
8203	8204	0.5
5655	8205	0.5
5656	8205	0.5
5655	8206	0.5
5656	8206	0.5
8205	8206	0.5
5657	8207	0.5
5658	8207	0.5
5657	8208	0.5
5658	8208	0.5
8207	8208	0.5
5659	8209	0.5
5660	8209	0.5
5659	8210	0.5
5660	8210	0.5
8209	8210	0.5
5661	8211	0.5
5662	8211	0.5
5661	8212	0.5
5662	8212	0.5
8211	8212	0.5
5663	8213	0.5
5664	8213	0.5
5663	8214	0.5
5664	8214	0.5
8213	8214	0.5
5665	8215	0.5
5666	8215	0.5
5665	8216	0.5
5666	8216	0.5
8215	8216	0.5
5667	8217	0.5
5668	8217	0.5
5667	8218	0.5
5668	8218	0.5
8217	8218	0.5
5669	8219	0.5
5670	8219	0.5
5669	8220	0.5
5670	8220	0.5
8219	8220	0.5
5671	8221	0.5
5672	8221	0.5
5671	8222	0.5
5672	8222	0.5
8221	8222	0.5
5673	8223	0.5
5674	8223	0.5
5673	8224	0.5
5674	8224	0.5
8223	8224	0.5
5675	8225	0.5
5676	8225	0.5
5675	8226	0.5
5676	8226	0.5
8225	8226	0.5
5677	8227	0.5
5678	8227	0.5
5677	8228	0.5
5678	8228	0.5
8227	8228	0.5
5679	8229	0.5
5680	8229	0.5
5679	8230	0.5
5680	8230	0.5
8229	8230	0.5
5681	8231	0.5
5682	8231	0.5
5681	8232	0.5
5682	8232	0.5
8231	8232	0.5
5683	8233	0.5
5684	8233	0.5
5683	8234	0.5
5684	8234	0.5
8233	8234	0.5
5685	8235	0.5
5686	8235	0.5
5685	8236	0.5
5686	8236	0.5
8235	8236	0.5
5687	8237	0.5
5688	8237	0.5
5687	8238	0.5
5688	8238	0.5
8237	8238	0.5
5689	8239	0.5
5690	8239	0.5
5689	8240	0.5
5690	8240	0.5
8239	8240	0.5
5691	8241	0.5
5692	8241	0.5
5691	8242	0.5
5692	8242	0.5
8241	8242	0.5
5693	8243	0.5
5694	8243	0.5
5693	8244	0.5
5694	8244	0.5
8243	8244	0.5
5695	8245	0.5
5696	8245	0.5
5695	8246	0.5
5696	8246	0.5
8245	8246	0.5
5697	8247	0.5
5698	8247	0.5
5697	8248	0.5
5698	8248	0.5
8247	8248	0.5
5699	8249	0.5
5700	8249	0.5
5699	8250	0.5
5700	8250	0.5
8249	8250	0.5
5701	8251	0.5
5702	8251	0.5
5701	8252	0.5
5702	8252	0.5
8251	8252	0.5
5703	8253	0.5
5704	8253	0.5
5703	8254	0.5
5704	8254	0.5
8253	8254	0.5
5705	8255	0.5
5706	8255	0.5
5705	8256	0.5
5706	8256	0.5
8255	8256	0.5
5707	8257	0.5
5708	8257	0.5
5707	8258	0.5
5708	8258	0.5
8257	8258	0.5
5709	8259	0.5
5710	8259	0.5
5709	8260	0.5
5710	8260	0.5
8259	8260	0.5
5711	8261	0.5
5712	8261	0.5
5711	8262	0.5
5712	8262	0.5
8261	8262	0.5
5713	8263	0.5
5714	8263	0.5
5713	8264	0.5
5714	8264	0.5
8263	8264	0.5
5715	8265	0.5
5716	8265	0.5
5715	8266	0.5
5716	8266	0.5
8265	8266	0.5
5717	8267	0.5
5718	8267	0.5
5717	8268	0.5
5718	8268	0.5
8267	8268	0.5
5719	8269	0.5
5720	8269	0.5
5719	8270	0.5
5720	8270	0.5
8269	8270	0.5
5721	8271	0.5
5722	8271	0.5
5721	8272	0.5
5722	8272	0.5
8271	8272	0.5
5723	8273	0.5
5724	8273	0.5
5723	8274	0.5
5724	8274	0.5
8273	8274	0.5
5725	8275	0.5
5726	8275	0.5
5725	8276	0.5
5726	8276	0.5
8275	8276	0.5
5727	8277	0.5
5728	8277	0.5
5727	8278	0.5
5728	8278	0.5
8277	8278	0.5
5729	8279	0.5
5730	8279	0.5
5729	8280	0.5
5730	8280	0.5
8279	8280	0.5
5731	8281	0.5
5732	8281	0.5
5731	8282	0.5
5732	8282	0.5
8281	8282	0.5
5733	8283	0.5
5734	8283	0.5
5733	8284	0.5
5734	8284	0.5
8283	8284	0.5
5735	8285	0.5
5736	8285	0.5
5735	8286	0.5
5736	8286	0.5
8285	8286	0.5
5737	8287	0.5
5738	8287	0.5
5737	8288	0.5
5738	8288	0.5
8287	8288	0.5
5739	8289	0.5
5740	8289	0.5
5739	8290	0.5
5740	8290	0.5
8289	8290	0.5
5741	8291	0.5
5742	8291	0.5
5741	8292	0.5
5742	8292	0.5
8291	8292	0.5
5743	8293	0.5
5744	8293	0.5
5743	8294	0.5
5744	8294	0.5
8293	8294	0.5
5745	8295	0.5
5746	8295	0.5
5745	8296	0.5
5746	8296	0.5
8295	8296	0.5
5747	8297	0.5
5748	8297	0.5
5747	8298	0.5
5748	8298	0.5
8297	8298	0.5
5749	8299	0.5
5750	8299	0.5
5749	8300	0.5
5750	8300	0.5
8299	8300	0.5
5751	8301	0.5
5752	8301	0.5
5751	8302	0.5
5752	8302	0.5
8301	8302	0.5
5753	8303	0.5
5754	8303	0.5
5753	8304	0.5
5754	8304	0.5
8303	8304	0.5
5755	8305	0.5
5756	8305	0.5
5755	8306	0.5
5756	8306	0.5
8305	8306	0.5
5757	8307	0.5
5758	8307	0.5
5757	8308	0.5
5758	8308	0.5
8307	8308	0.5
5759	8309	0.5
5760	8309	0.5
5759	8310	0.5
5760	8310	0.5
8309	8310	0.5
5761	8311	0.5
5762	8311	0.5
5761	8312	0.5
5762	8312	0.5
8311	8312	0.5
5763	8313	0.5
5764	8313	0.5
5763	8314	0.5
5764	8314	0.5
8313	8314	0.5
5765	8315	0.5
5766	8315	0.5
5765	8316	0.5
5766	8316	0.5
8315	8316	0.5
5767	8317	0.5
5768	8317	0.5
5767	8318	0.5
5768	8318	0.5
8317	8318	0.5
5769	8319	0.5
5770	8319	0.5
5769	8320	0.5
5770	8320	0.5
8319	8320	0.5
5771	8321	0.5
5772	8321	0.5
5771	8322	0.5
5772	8322	0.5
8321	8322	0.5
5773	8323	0.5
5774	8323	0.5
5773	8324	0.5
5774	8324	0.5
8323	8324	0.5
5775	8325	0.5
5776	8325	0.5
5775	8326	0.5
5776	8326	0.5
8325	8326	0.5
5777	8327	0.5
5778	8327	0.5
5777	8328	0.5
5778	8328	0.5
8327	8328	0.5
5779	8329	0.5
5780	8329	0.5
5779	8330	0.5
5780	8330	0.5
8329	8330	0.5
5781	8331	0.5
5782	8331	0.5
5781	8332	0.5
5782	8332	0.5
8331	8332	0.5
5783	8333	0.5
5784	8333	0.5
5783	8334	0.5
5784	8334	0.5
8333	8334	0.5
5785	8335	0.5
5786	8335	0.5
5785	8336	0.5
5786	8336	0.5
8335	8336	0.5
5787	8337	0.5
5788	8337	0.5
5787	8338	0.5
5788	8338	0.5
8337	8338	0.5
5789	8339	0.5
5790	8339	0.5
5789	8340	0.5
5790	8340	0.5
8339	8340	0.5
5791	8341	0.5
5792	8341	0.5
5791	8342	0.5
5792	8342	0.5
8341	8342	0.5
5793	8343	0.5
5794	8343	0.5
5793	8344	0.5
5794	8344	0.5
8343	8344	0.5
5795	8345	0.5
5796	8345	0.5
5795	8346	0.5
5796	8346	0.5
8345	8346	0.5
5797	8347	0.5
5798	8347	0.5
5797	8348	0.5
5798	8348	0.5
8347	8348	0.5
5799	8349	0.5
5800	8349	0.5
5799	8350	0.5
5800	8350	0.5
8349	8350	0.5
5801	8351	0.5
5802	8351	0.5
5801	8352	0.5
5802	8352	0.5
8351	8352	0.5
5803	8353	0.5
5804	8353	0.5
5803	8354	0.5
5804	8354	0.5
8353	8354	0.5
5805	8355	0.5
5806	8355	0.5
5805	8356	0.5
5806	8356	0.5
8355	8356	0.5
5807	8357	0.5
5808	8357	0.5
5807	8358	0.5
5808	8358	0.5
8357	8358	0.5
5809	8359	0.5
5810	8359	0.5
5809	8360	0.5
5810	8360	0.5
8359	8360	0.5
5811	8361	0.5
5812	8361	0.5
5811	8362	0.5
5812	8362	0.5
8361	8362	0.5
5813	8363	0.5
5814	8363	0.5
5813	8364	0.5
5814	8364	0.5
8363	8364	0.5
5815	8365	0.5
5816	8365	0.5
5815	8366	0.5
5816	8366	0.5
8365	8366	0.5
5817	8367	0.5
5818	8367	0.5
5817	8368	0.5
5818	8368	0.5
8367	8368	0.5
5819	8369	0.5
5820	8369	0.5
5819	8370	0.5
5820	8370	0.5
8369	8370	0.5
5821	8371	0.5
5822	8371	0.5
5821	8372	0.5
5822	8372	0.5
8371	8372	0.5
5823	8373	0.5
5824	8373	0.5
5823	8374	0.5
5824	8374	0.5
8373	8374	0.5
5825	8375	0.5
5826	8375	0.5
5825	8376	0.5
5826	8376	0.5
8375	8376	0.5
5827	8377	0.5
5828	8377	0.5
5827	8378	0.5
5828	8378	0.5
8377	8378	0.5
5829	8379	0.5
5830	8379	0.5
5829	8380	0.5
5830	8380	0.5
8379	8380	0.5
5831	8381	0.5
5832	8381	0.5
5831	8382	0.5
5832	8382	0.5
8381	8382	0.5
5833	8383	0.5
5834	8383	0.5
5833	8384	0.5
5834	8384	0.5
8383	8384	0.5
5835	8385	0.5
5836	8385	0.5
5835	8386	0.5
5836	8386	0.5
8385	8386	0.5
5837	8387	0.5
5838	8387	0.5
5837	8388	0.5
5838	8388	0.5
8387	8388	0.5
5839	8389	0.5
5840	8389	0.5
5839	8390	0.5
5840	8390	0.5
8389	8390	0.5
5841	8391	0.5
5842	8391	0.5
5841	8392	0.5
5842	8392	0.5
8391	8392	0.5
5843	8393	0.5
5844	8393	0.5
5843	8394	0.5
5844	8394	0.5
8393	8394	0.5
5845	8395	0.5
5846	8395	0.5
5845	8396	0.5
5846	8396	0.5
8395	8396	0.5
5847	8397	0.5
5848	8397	0.5
5847	8398	0.5
5848	8398	0.5
8397	8398	0.5
5849	8399	0.5
5850	8399	0.5
5849	8400	0.5
5850	8400	0.5
8399	8400	0.5
5851	8401	0.5
5852	8401	0.5
5851	8402	0.5
5852	8402	0.5
8401	8402	0.5
5853	8403	0.5
5854	8403	0.5
5853	8404	0.5
5854	8404	0.5
8403	8404	0.5
5855	8405	0.5
5856	8405	0.5
5855	8406	0.5
5856	8406	0.5
8405	8406	0.5
5857	8407	0.5
5858	8407	0.5
5857	8408	0.5
5858	8408	0.5
8407	8408	0.5
5859	8409	0.5
5860	8409	0.5
5859	8410	0.5
5860	8410	0.5
8409	8410	0.5
5861	8411	0.5
5862	8411	0.5
5861	8412	0.5
5862	8412	0.5
8411	8412	0.5
5863	8413	0.5
5864	8413	0.5
5863	8414	0.5
5864	8414	0.5
8413	8414	0.5
5865	8415	0.5
5866	8415	0.5
5865	8416	0.5
5866	8416	0.5
8415	8416	0.5
5867	8417	0.5
5868	8417	0.5
5867	8418	0.5
5868	8418	0.5
8417	8418	0.5
5869	8419	0.5
5870	8419	0.5
5869	8420	0.5
5870	8420	0.5
8419	8420	0.5
5871	8421	0.5
5872	8421	0.5
5871	8422	0.5
5872	8422	0.5
8421	8422	0.5
5873	8423	0.5
5874	8423	0.5
5873	8424	0.5
5874	8424	0.5
8423	8424	0.5
5875	8425	0.5
5876	8425	0.5
5875	8426	0.5
5876	8426	0.5
8425	8426	0.5
5877	8427	0.5
5878	8427	0.5
5877	8428	0.5
5878	8428	0.5
8427	8428	0.5
5879	8429	0.5
5880	8429	0.5
5879	8430	0.5
5880	8430	0.5
8429	8430	0.5
5881	8431	0.5
5882	8431	0.5
5881	8432	0.5
5882	8432	0.5
8431	8432	0.5
5883	8433	0.5
5884	8433	0.5
5883	8434	0.5
5884	8434	0.5
8433	8434	0.5
5885	8435	0.5
5886	8435	0.5
5885	8436	0.5
5886	8436	0.5
8435	8436	0.5
5887	8437	0.5
5888	8437	0.5
5887	8438	0.5
5888	8438	0.5
8437	8438	0.5
5889	8439	0.5
5890	8439	0.5
5889	8440	0.5
5890	8440	0.5
8439	8440	0.5
5891	8441	0.5
5892	8441	0.5
5891	8442	0.5
5892	8442	0.5
8441	8442	0.5
5893	8443	0.5
5894	8443	0.5
5893	8444	0.5
5894	8444	0.5
8443	8444	0.5
5895	8445	0.5
5896	8445	0.5
5895	8446	0.5
5896	8446	0.5
8445	8446	0.5
5897	8447	0.5
5898	8447	0.5
5897	8448	0.5
5898	8448	0.5
8447	8448	0.5
5899	8449	0.5
5900	8449	0.5
5899	8450	0.5
5900	8450	0.5
8449	8450	0.5
5901	8451	0.5
5902	8451	0.5
5901	8452	0.5
5902	8452	0.5
8451	8452	0.5
5903	8453	0.5
5904	8453	0.5
5903	8454	0.5
5904	8454	0.5
8453	8454	0.5
5905	8455	0.5
5906	8455	0.5
5905	8456	0.5
5906	8456	0.5
8455	8456	0.5
5907	8457	0.5
5908	8457	0.5
5907	8458	0.5
5908	8458	0.5
8457	8458	0.5
5909	8459	0.5
5910	8459	0.5
5909	8460	0.5
5910	8460	0.5
8459	8460	0.5
5911	8461	0.5
5912	8461	0.5
5911	8462	0.5
5912	8462	0.5
8461	8462	0.5
5913	8463	0.5
5914	8463	0.5
5913	8464	0.5
5914	8464	0.5
8463	8464	0.5
5915	8465	0.5
5916	8465	0.5
5915	8466	0.5
5916	8466	0.5
8465	8466	0.5
5917	8467	0.5
5918	8467	0.5
5917	8468	0.5
5918	8468	0.5
8467	8468	0.5
5919	8469	0.5
5920	8469	0.5
5919	8470	0.5
5920	8470	0.5
8469	8470	0.5
5921	8471	0.5
5922	8471	0.5
5921	8472	0.5
5922	8472	0.5
8471	8472	0.5
5923	8473	0.5
5924	8473	0.5
5923	8474	0.5
5924	8474	0.5
8473	8474	0.5
5925	8475	0.5
5926	8475	0.5
5925	8476	0.5
5926	8476	0.5
8475	8476	0.5
5927	8477	0.5
5928	8477	0.5
5927	8478	0.5
5928	8478	0.5
8477	8478	0.5
5929	8479	0.5
5930	8479	0.5
5929	8480	0.5
5930	8480	0.5
8479	8480	0.5
5931	8481	0.5
5932	8481	0.5
5931	8482	0.5
5932	8482	0.5
8481	8482	0.5
5933	8483	0.5
5934	8483	0.5
5933	8484	0.5
5934	8484	0.5
8483	8484	0.5
5935	8485	0.5
5936	8485	0.5
5935	8486	0.5
5936	8486	0.5
8485	8486	0.5
5937	8487	0.5
5938	8487	0.5
5937	8488	0.5
5938	8488	0.5
8487	8488	0.5
5939	8489	0.5
5940	8489	0.5
5939	8490	0.5
5940	8490	0.5
8489	8490	0.5
5941	8491	0.5
5942	8491	0.5
5941	8492	0.5
5942	8492	0.5
8491	8492	0.5
5943	8493	0.5
5944	8493	0.5
5943	8494	0.5
5944	8494	0.5
8493	8494	0.5
5945	8495	0.5
5946	8495	0.5
5945	8496	0.5
5946	8496	0.5
8495	8496	0.5
5947	8497	0.5
5948	8497	0.5
5947	8498	0.5
5948	8498	0.5
8497	8498	0.5
5949	8499	0.5
5950	8499	0.5
5949	8500	0.5
5950	8500	0.5
8499	8500	0.5
