fid	id	y4
1	1	0.142853580154878
1	2	3.00670976014816
1	3	0.132447022027063
1	4	1.60582956157517
1	5	5.25807238421805
2	6	-1.17874526391804
2	7	0.0823985510445859
2	8	-1.03809936563213
2	9	1.57090192260885
2	10	0.195700593698511
3	11	2.46753700466981
3	12	0.0745214423696687
3	13	3.63477931526633
3	14	-3.5729588679355
3	15	1.76854541900105
4	16	1.07212284811672
4	17	-0.398903494435524
4	18	2.70791651429532
4	19	0.141964300836677
4	20	-0.508299230349806
5	21	1.84162923662038
5	22	-1.0225322812499
5	23	-0.778497458068571
5	24	-0.0561427853588579
5	25	-3.9484619624504
6	26	1.15574209963852
6	27	1.77613631499832
6	28	-1.55030805963935
6	29	0.633809889035183
6	30	1.39376669275973
7	31	2.61847380744344
7	32	-1.96448602908076
7	33	3.5668558632647
7	34	1.38826279592848
7	35	-3.57809836760323
8	36	0.876271791136174
8	37	0.0965356207903255
8	38	3.09664855820804
8	39	6.42793185633681
8	40	2.60939066554268
9	41	-0.533948222466497
9	42	0.92570778362037
9	43	-0.576023386945723
9	44	0.148977903320953
9	45	-1.28607227460914
10	46	0.873122576413524
10	47	3.28041998801412
10	48	2.74513066009405
10	49	-0.0505335075677143
10	50	5.17977577922859
11	51	6.52709766388239
11	52	2.61296682127599
11	53	1.32183190724371
11	54	-0.989315538039554
11	55	1.71367358233879
12	56	-0.29641730556337
12	57	-2.342385362606
12	58	1.60856386345616
12	59	3.17044897419972
12	60	-1.52203297077747
13	61	4.01458183404144
13	62	3.75616155175376
13	63	1.76810250603476
13	64	0.483917250801223
13	65	-1.42302539647164
14	66	1.37631265388214
14	67	-1.05311652883507
14	68	0.97814116725691
14	69	3.59301423060098
14	70	5.33145986554843
15	71	1.00350182335279
15	72	-1.98038263755588
15	73	1.74027567989034
15	74	-0.445855093666136
15	75	1.31838896173538
16	76	0.14332420970197
16	77	0.224332854430205
16	78	3.57460599951565
16	79	0.194281811023968
16	80	0.984671543871058
17	81	-0.676436002268321
17	82	0.630087469075084
17	83	1.97936611512672
17	84	-0.594461813528464
17	85	1.41003854074917
18	86	2.34735625198269
18	87	4.93936994419495
18	88	0.0726037838821009
18	89	1.81059369155548
18	90	-0.859145523261772
19	91	1.62349439270684
19	92	1.87811523442005
19	93	1.82333652824441
19	94	1.43956343721251
19	95	1.90977650617218
20	96	-0.0597753341643755
20	97	-5.71900364998021
20	98	2.53663427599805
20	99	1.09306690549785
20	100	0.686492307744126
21	101	2.00888969139111
21	102	0.227047286866318
21	103	0.257959980509534
21	104	1.7499586327746
21	105	0.0921664679351295
22	106	3.21218175681192
22	107	-3.21978633909391
22	108	2.26385054257281
22	109	2.51214958542502
22	110	-1.07671860578561
23	111	0.0954812393208432
23	112	1.81855847523935
23	113	3.0200124678164
23	114	0.375966422505277
23	115	-0.156371708971207
24	116	-0.575909874823272
24	117	-1.94203454557884
24	118	3.37786902179682
24	119	1.66998219844624
24	120	2.45815223984011
25	121	-0.193628399855599
25	122	2.98748094378458
25	123	-2.147433451391
25	124	1.54207195858684
25	125	-1.73118639475725
26	126	1.03836160893352
26	127	-1.64645422682944
26	128	1.5345050161602
26	129	1.03257269361978
26	130	-0.899364880751557
27	131	3.76943919501398
27	132	-3.78160118399384
27	133	2.11105810539958
27	134	-1.08568818145707
27	135	2.25031298759167
28	136	-0.330707385794522
28	137	3.19137378013871
28	138	0.537247809040472
28	139	1.54637429184918
28	140	1.92811676295242
29	141	-3.00571340074858
29	142	1.0403770119369
29	143	1.72139121153632
29	144	1.02429040433968
29	145	2.23302637673426
30	146	1.84891937570871
30	147	3.39152034284301
30	148	-2.44569851652643
30	149	-1.6455119378854
30	150	-4.28998756500076
31	151	-1.48503973666605
31	152	4.37697540891469
31	153	0.700475167071824
31	154	-3.03157645234474
31	155	-2.60115350047012
32	156	2.45285390963506
32	157	2.69352648196683
32	158	0.191917373731024
32	159	-1.72714882575229
32	160	2.29463589813956
33	161	1.20767542965275
33	162	1.3390890712124
33	163	-0.35310200176299
33	164	5.17944689902957
33	165	-0.245834355434447
34	166	3.77147513892174
34	167	1.48381964934884
34	168	-1.19316976805027
34	169	-0.457609932961154
34	170	0.341954583851885
35	171	7.411150511259
35	172	0.757667458900622
35	173	3.19140462593026
35	174	1.95652027657472
35	175	0.477905135088541
36	176	1.51258230489336
36	177	3.98839431807502
36	178	2.45286528283666
36	179	2.65304196823608
36	180	2.77392333348442
37	181	-2.2526353844016
37	182	3.82208224007623
37	183	3.78109542752307
37	184	2.34728554399375
37	185	1.48712562528612
38	186	3.30107191552482
38	187	3.73497846023983
38	188	-1.78558907193121
38	189	1.55727845367466
38	190	2.39781797598238
39	191	-0.662695805516056
39	192	1.08967157427328
39	193	0.901637150504011
39	194	1.47351986586959
39	195	-3.94525768237319
40	196	0.371795327375561
40	197	5.12346473798052
40	198	3.76315180519908
40	199	-0.329418041189274
40	200	-2.21877094249174
41	201	2.72707012211912
41	202	4.06228170676404
41	203	2.81595636374372
41	204	-1.26710387269961
41	205	-3.45998648666019
42	206	3.9658634188776
42	207	3.1748118312745
42	208	0.799573436954789
42	209	1.02449880777594
42	210	1.35711375576772
43	211	-0.0505326338394497
43	212	3.06645092184524
43	213	2.52684860855983
43	214	-0.103686903840615
43	215	2.83783214307136
44	216	1.86372712593238
44	217	-0.683360367083193
44	218	0.607875915023191
44	219	2.02988606583615
44	220	-0.787494243379414
45	221	-2.64956369248874
45	222	-2.22448959960841
45	223	-0.394959107404417
45	224	1.2554394779089
45	225	-1.50603114270459
46	226	0.598777136702183
46	227	-0.0777546323263533
46	228	-5.10320625084419
46	229	3.21544537755134
46	230	4.88255790508845
47	231	0.438533451083152
47	232	-6.13116421268316
47	233	-0.20322462757947
47	234	3.80581383099234
47	235	-0.555118566979756
48	236	1.1874191491161
48	237	1.78897371429909
48	238	0.390072059718842
48	239	0.983693407818918
48	240	0.458280688602982
49	241	-1.04067013235006
49	242	1.72766853086502
49	243	-3.09465335914485
49	244	0.780366268319964
49	245	2.79153377015189
50	246	-1.12579840648815
50	247	1.65866899259492
50	248	-1.10927111373343
50	249	1.0886912247286
50	250	3.30569809118201
51	251	0.51890818328636
51	252	3.28802767469352
51	253	0.985626363552553
51	254	-0.149334910891659
51	255	3.56051703345406
52	256	1.95436174227656
52	257	-3.35132892765861
52	258	5.36710671295771
52	259	2.79483199332823
52	260	1.11815815271199
53	261	7.57512043210436
53	262	1.56681592215895
53	263	-0.144817768610137
53	264	1.41862969142398
53	265	3.20584186204692
54	266	0.945711581815513
54	267	2.12436961805827
54	268	-0.230343743635206
54	269	0.540947210461944
54	270	1.28557424512991
55	271	-1.70163968724609
55	272	3.05296352681784
55	273	1.15998731098237
55	274	4.76489633667433
55	275	1.7525535324498
56	276	1.38126843368654
56	277	-4.10028918689164
56	278	0.477814869462785
56	279	-1.4876766859386
56	280	3.33086050253288
57	281	1.85267827984383
57	282	-0.460096963083701
57	283	-1.22247428344009
57	284	0.252498134585135
57	285	1.13276084997611
58	286	-2.84604968245691
58	287	3.15005584635555
58	288	3.65296909126544
58	289	4.64041190574019
58	290	-0.0427736399975982
59	291	-0.536735490292488
59	292	-0.773476354431345
59	293	0.565497800052396
59	294	-0.320565241417412
59	295	2.69948631484981
60	296	3.34235788437014
60	297	0.471599063326742
60	298	2.63216980983202
60	299	4.95654087697673
60	300	2.0655767424151
61	301	-1.34948794395188
61	302	-1.0766251491272
61	303	2.88891252906971
61	304	-2.03673328550546
61	305	4.87062318312028
62	306	2.9427588181707
62	307	1.35054064268981
62	308	1.43561907131187
62	309	-3.06292657210405
62	310	1.11085624662303
63	311	2.87806227012399
63	312	-0.830733945984697
63	313	-0.714998982044216
63	314	-0.420333684901656
63	315	-0.186390907546825
64	316	1.01434271080777
64	317	0.0352904380958762
64	318	0.166387843548186
64	319	-3.45654176224786
64	320	1.59423650638218
65	321	2.51776926576094
65	322	4.60111337312611
65	323	-1.92230121552777
65	324	-2.11432267373983
65	325	-0.842818802923028
66	326	1.5412138122085
66	327	-2.58563943142811
66	328	-0.580690689042331
66	329	0.399461762481765
66	330	2.30079934017611
67	331	-3.01998171370103
67	332	0.0260882081196083
67	333	-0.776598655569707
67	334	4.92133676274664
67	335	-2.69920621127004
68	336	3.34012866096973
68	337	-2.92071729828935
68	338	-0.972243583339338
68	339	1.57289392682729
68	340	-0.527332735157943
69	341	2.94139245078364
69	342	-0.195379839057178
69	343	0.209022914391711
69	344	-0.0112003230294995
69	345	-0.904814875802209
70	346	0.0201556432154699
70	347	1.41515188099909
70	348	-2.98505904519674
70	349	-0.452975051375595
70	350	6.28997175107805
71	351	3.63111015193817
71	352	2.97689311314618
71	353	5.37118558298913
71	354	2.41838012085438
71	355	2.15040968408837
72	356	2.04140893175131
72	357	-0.369691326271262
72	358	1.37216645678114
72	359	-3.74574810375802
72	360	0.848318696154746
73	361	-5.48127641210915
73	362	3.27130499405634
73	363	-5.88443224635712
73	364	2.04507020763757
73	365	1.35264375497675
74	366	3.07697414372391
74	367	2.50615263632176
74	368	5.82862052878719
74	369	2.19330587345161
74	370	0.504256052372439
75	371	-3.29606480044249
75	372	1.45700751940952
75	373	-1.23783406505967
75	374	1.73817839802268
75	375	0.398639340644868
76	376	3.02046885509435
76	377	1.36240304323682
76	378	2.5902339171364
76	379	1.67979167079739
76	380	2.62118624836078
77	381	-2.83585953707176
77	382	3.94103614974976
77	383	-0.163575765904179
77	384	1.23670711767297
77	385	4.99051072532044
78	386	1.44351196830249
78	387	-3.18401435826605
78	388	1.88743833110855
78	389	0.264659859347561
78	390	1.55795325360901
79	391	3.05936288341422
79	392	1.44737577166844
79	393	2.33939873822573
79	394	-0.459330367159497
79	395	2.0336409039751
80	396	-1.50578689797498
80	397	3.0422472204232
80	398	1.89588145649798
80	399	-0.102637567183653
80	400	5.63445632307323
81	401	4.24502635624901
81	402	2.06823456160816
81	403	-0.25123380107553
81	404	-0.708364959566381
81	405	0.0745137147715716
82	406	2.58801509542516
82	407	-0.882374414383724
82	408	-1.1783417713241
82	409	6.90192098374456
82	410	5.38810199933108
83	411	-0.252486609905005
83	412	1.29761740844892
83	413	0.0722384601342068
83	414	3.72501148039843
83	415	1.97941046765949
84	416	1.50386693542776
84	417	1.2657853174903
84	418	2.04988339384409
84	419	-1.88368446098826
84	420	4.74843901024609
85	421	3.6803881171003
85	422	-0.805159191737132
85	423	0.175384063082852
85	424	-0.48001947730271
85	425	0.777068012025418
86	426	1.36956202868298
86	427	-2.44848224908543
86	428	0.278152191498853
86	429	-2.19785153843634
86	430	0.849122223371456
87	431	0.117719739249839
87	432	2.54157350834069
87	433	0.85554082738891
87	434	1.26535484257008
87	435	3.39073815062616
88	436	-1.66063560759212
88	437	-1.62401800933315
88	438	-1.16763140696913
88	439	-1.86901956474738
88	440	-0.00699773496385703
89	441	0.925311147489308
89	442	2.78652045043254
89	443	0.824085393033218
89	444	2.75607636457922
89	445	3.69270304210471
90	446	-6.5409674765061
90	447	-0.0787828898613443
90	448	1.94028769591018
90	449	-0.811554341310974
90	450	-4.22809568970133
91	451	3.03532512629319
91	452	-1.34398037673702
91	453	2.47901137947529
91	454	0.235208637178971
91	455	0.611472789566461
92	456	-0.921603946704139
92	457	1.99039997314343
92	458	-1.74662303488023
92	459	-1.89133553828233
92	460	3.89472524254278
93	461	-2.49234645064478
93	462	2.61938386933673
93	463	1.7814925608635
93	464	2.90562609955966
93	465	3.34757648427931
94	466	2.31327006517062
94	467	-0.124209263271131
94	468	2.77184527546167
94	469	1.08428771976149
94	470	3.97464994366891
95	471	1.76674663613709
95	472	1.04600664622761
95	473	0.706564721184787
95	474	5.41094430129869
95	475	2.97948956005639
96	476	0.00971597629153553
96	477	3.36810960890112
96	478	1.84855837940825
96	479	2.3189435354031
96	480	-1.2332330190972
97	481	-0.461003229413313
97	482	-2.4122652140425
97	483	-0.904676791149797
97	484	2.94065988651068
97	485	5.00366659420792
98	486	2.75632963387798
98	487	1.46074857485633
98	488	-2.61916103205143
98	489	-0.201206051488912
98	490	0.214912919282064
99	491	0.357706450969184
99	492	2.74149141529284
99	493	-1.14905583525735
99	494	3.70328483472253
99	495	6.25797132726339
100	496	0.538358289676135
100	497	2.58084836854838
100	498	-1.01563268226926
100	499	-0.627371033139293
100	500	-4.2774091360798
101	501	2.75829768896425
101	502	4.56815764401738
101	503	0.15761561120522
101	504	-2.03655328085525
101	505	1.37636570616208
102	506	2.89146675880372
102	507	-0.895502007547142
102	508	-2.04996302061882
102	509	2.54314750403563
102	510	0.21225153689847
103	511	-4.18898390110528
103	512	-2.01124894066467
103	513	1.2704401904853
103	514	2.99423379605918
103	515	0.30482285248847
104	516	1.19465508348256
104	517	-1.12622070184008
104	518	1.48141774108806
104	519	-0.429671489136457
104	520	2.45229945106751
105	521	-0.470486381448242
105	522	-3.91339238865691
105	523	-2.76414169775264
105	524	3.47527201995129
105	525	0.387929263196917
106	526	-1.32787912388669
106	527	-0.624558859814102
106	528	-0.580166363881917
106	529	4.73305458012821
106	530	0.272290051849197
107	531	-2.35264110810402
107	532	1.37070819890951
107	533	0.483698684286248
107	534	2.21290363325333
107	535	4.04901881121435
108	536	0.593951613148336
108	537	3.27335067643999
108	538	5.1171587092574
108	539	2.54295932513288
108	540	1.55957932860333
109	541	2.99177838202553
109	542	1.01824471823463
109	543	1.34840662674434
109	544	0.0175567827311312
109	545	2.22595219450582
110	546	1.36904973507655
110	547	0.0824221515759587
110	548	1.01013993766346
110	549	-0.34550555492411
110	550	5.5516320314935
111	551	-0.0406412518091761
111	552	-5.92410480607497
111	553	1.48420630273051
111	554	-2.99811228446923
111	555	2.58791938563951
112	556	-2.80619159441974
112	557	-4.809622696183
112	558	-0.905887918235272
112	559	2.16022725359641
112	560	1.47230590239168
113	561	1.83580610329785
113	562	-2.9695918663299
113	563	-0.701786908409597
113	564	-0.927848305961671
113	565	-1.18540702602852
114	566	1.39691514600813
114	567	1.86346895577207
114	568	2.00781075589212
114	569	-1.91033370756348
114	570	0.846870172649202
115	571	-0.259581430571533
115	572	3.7440665933606
115	573	3.46631172922126
115	574	2.23410359508938
115	575	2.65977425054903
116	576	0.760473451187994
116	577	-0.732584890592907
116	578	4.3762692990298
116	579	-3.49604095094415
116	580	-4.05637228017107
117	581	-1.96903068579126
117	582	6.13140900373645
117	583	2.73279505342171
117	584	3.13352235941841
117	585	2.79934022470382
118	586	4.16305616610715
118	587	2.83521150465573
118	588	-1.1401328145801
118	589	1.49383310174543
118	590	-2.7766437036873
119	591	4.33970064742798
119	592	-0.219572077224977
119	593	3.50857660274641
119	594	-2.13173972308922
119	595	-1.70457418366109
120	596	-0.733628350190154
120	597	-1.19282635255272
120	598	2.47869786479118
120	599	2.02333032797859
120	600	0.291983220787812
121	601	-1.31901229784412
121	602	3.7872644563934
121	603	3.86704202768154
121	604	3.87030031319425
121	605	0.53497236362756
122	606	1.14648232993267
122	607	-2.98962499633422
122	608	-1.28869321390158
122	609	3.4942668492474
122	610	2.26235928400915
123	611	1.15256287896826
123	612	3.35669723891966
123	613	1.22083539787399
123	614	1.29437129752126
123	615	3.81038595132354
124	616	0.707406734409876
124	617	0.134405380753296
124	618	-4.18051123129944
124	619	0.701060125298319
124	620	-0.491498687644244
125	621	0.449260617670005
125	622	-2.96956440117892
125	623	1.68186973692617
125	624	3.76654478327648
125	625	2.19848187611731
126	626	1.31717101468058
126	627	3.18382227582954
126	628	1.77004562222625
126	629	2.60672879096939
126	630	1.63675565345652
127	631	0.784936431174813
127	632	2.71295614878409
127	633	0.440409357368782
127	634	-0.58314202116138
127	635	-3.61141865400398
128	636	0.828218528714775
128	637	4.07611833904168
128	638	1.62714415441833
128	639	0.0692047790494947
128	640	2.50350897353416
129	641	-2.15939214026249
129	642	2.62041030650005
129	643	1.95743243370795
129	644	-0.26662286463556
129	645	-3.03984467603902
130	646	-1.06896961510607
130	647	1.30438808496528
130	648	1.19219869980687
130	649	0.114678854288375
130	650	2.98269427317206
131	651	3.04935955587677
131	652	-2.2089139785796
131	653	3.51500137528597
131	654	-0.365304809868214
131	655	-0.617904145436622
132	656	-1.60929284659888
132	657	-0.0454058520901616
132	658	0.376239845807153
132	659	0.218654000285927
132	660	2.6703543784841
133	661	1.93093770938544
133	662	5.59607075166656
133	663	-0.0232832878161773
133	664	0.941265873517001
133	665	-5.55027292422811
134	666	2.26683559789231
134	667	-5.72791460539326
134	668	0.706771350733944
134	669	0.768369947399199
134	670	3.98929796791251
135	671	-1.10055091375751
135	672	1.91895323288703
135	673	-0.0603609905414922
135	674	-1.69222533157827
135	675	-1.37130336404344
136	676	-1.88627990140577
136	677	0.323414630895206
136	678	-0.765236189682688
136	679	2.93770949046435
136	680	1.99108659274715
137	681	1.17826258840487
137	682	0.292929082861059
137	683	4.13440094515428
137	684	2.7864881362964
137	685	0.984825964907859
138	686	0.660118184191902
138	687	1.14507903545882
138	688	1.62241956880594
138	689	1.61391573830574
138	690	1.38535736605428
139	691	1.82193107322217
139	692	2.80804426986064
139	693	-2.02640813116698
139	694	-1.02050009864101
139	695	1.11566404823992
140	696	-1.98392559887569
140	697	-1.05191083353566
140	698	-0.768039736989357
140	699	3.10464381967946
140	700	-2.96638402549973
141	701	0.733258050350838
141	702	6.51242582388212
141	703	0.910764999152786
141	704	1.30725213420776
141	705	0.113083375972021
142	706	1.37874165157101
142	707	0.829240395291997
142	708	2.95583780994905
142	709	0.336034344896694
142	710	3.34039313552873
143	711	2.63119184587193
143	712	3.47990352067952
143	713	2.93993625747921
143	714	-0.624156504169702
143	715	4.05568425415464
144	716	-3.78655392861833
144	717	1.30042036295485
144	718	5.28775226453981
144	719	1.33862470758509
144	720	4.56345497575824
145	721	2.44777642969167
145	722	-1.25926860195261
145	723	-0.707098908884096
145	724	1.86036733082325
145	725	1.43338341380899
146	726	1.05475521543084
146	727	-0.139442093695202
146	728	3.02597843893318
146	729	2.19629015754716
146	730	-1.85001088697011
147	731	0.943505953848865
147	732	0.0953064977936728
147	733	0.684333972440551
147	734	0.598863933779352
147	735	1.08443054711601
148	736	-2.25342563208228
148	737	-0.897547473220538
148	738	1.66494606996425
148	739	4.19066489794964
148	740	1.8508139181816
149	741	-0.674443216449984
149	742	-1.56452456507808
149	743	1.61680056272974
149	744	2.3645119855812
149	745	0.341446929514841
150	746	-4.06662245905532
150	747	1.71091698612749
150	748	-3.59210119888209
150	749	2.78827526664608
150	750	4.71399467615723
151	751	0.516927673999895
151	752	-0.548125890163406
151	753	0.168889402674734
151	754	2.71774788290289
151	755	-4.22290842646265
152	756	-1.34681396056643
152	757	5.36171581823871
152	758	0.346070004641725
152	759	4.49915064389602
152	760	-0.104945935428107
153	761	-2.99088968746894
153	762	2.30565342427412
153	763	1.29091725464686
153	764	1.16990347051116
153	765	3.95810325911142
154	766	1.18379179661562
154	767	0.735141461370358
154	768	4.27659553841432
154	769	0.236017309118659
154	770	3.66585140328929
155	771	-4.6767818702983
155	772	-1.07430900180475
155	773	7.24437883856014
155	774	0.719070234721521
155	775	1.94019026399627
156	776	-1.00274216810328
156	777	2.04786837681732
156	778	0.704440963437176
156	779	0.500885599873308
156	780	5.32791586037369
157	781	-2.1967074579628
157	782	3.66572837883082
157	783	2.23507614109866
157	784	1.7742243074913
157	785	1.99766737452831
158	786	-0.318316074571381
158	787	0.424536819273024
158	788	-2.30646756197789
158	789	5.45420205294012
158	790	0.474884657622911
159	791	0.636198647142241
159	792	1.71949525054018
159	793	-0.57890275730122
159	794	1.9381302765343
159	795	0.727450446893849
160	796	-0.651876314220942
160	797	0.442842930150405
160	798	1.67176736186308
160	799	-1.86874234874156
160	800	3.04847540878702
161	801	3.35242127120206
161	802	-2.03634448938889
161	803	4.00782922664103
161	804	-0.7135989168381
161	805	-2.88081141855816
162	806	1.66637844117854
162	807	1.05303979915356
162	808	2.30425095555038
162	809	1.56287734224869
162	810	-1.99605817951073
163	811	-0.771293372684851
163	812	1.50117731283456
163	813	2.95692215469559
163	814	-0.978828674682329
163	815	0.436944777649756
164	816	3.81419103090796
164	817	0.138734817351175
164	818	-0.408280520069688
164	819	-0.185429818762896
164	820	2.36216034049358
165	821	1.13726360371373
165	822	2.63603801299238
165	823	1.71151460630954
165	824	0.577277144547599
165	825	0.726370835285276
166	826	1.45496766052827
166	827	-3.77384469858059
166	828	5.25444405539042
166	829	0.0804391400009346
166	830	3.53845965906175
167	831	2.91139885894112
167	832	5.74083371650316
167	833	0.666307128925536
167	834	-0.496275845503937
167	835	-1.19833403491558
168	836	3.17495781971212
168	837	5.48555995830937
168	838	0.898842814312826
168	839	-0.604399820855128
168	840	-0.195735244574507
169	841	3.87404964478003
169	842	-1.875587995506
169	843	5.04512815859939
169	844	-1.58127527176629
169	845	1.2428875873036
170	846	0.357193367372765
170	847	1.47749394958738
170	848	-0.348776582858245
170	849	-2.90149217244756
170	850	0.581479799784236
171	851	1.87538171352024
171	852	2.14436053191567
171	853	-0.285317745690731
171	854	-0.324504593408405
171	855	-0.335733053772021
172	856	-1.13027339140977
172	857	-0.215405576269941
172	858	4.38514416974499
172	859	1.48811629320894
172	860	0.878788240411838
173	861	5.20248327477698
173	862	3.60109119892931
173	863	-3.19790991126843
173	864	1.81647958745661
173	865	3.23392421336446
174	866	4.31333583752881
174	867	3.69857809060835
174	868	-3.56375307278751
174	869	-0.965979123359082
174	870	1.96233973033719
175	871	5.22901521569693
175	872	2.52167995286304
175	873	1.03450821572903
175	874	0.591126258814359
175	875	-3.21677328288672
176	876	3.94786664608072
176	877	3.83135391118429
176	878	0.676615911980798
176	879	-0.862743351162593
176	880	-0.851785275917958
177	881	0.0843210768779379
177	882	3.1154002345353
177	883	-1.42610082104202
177	884	0.826064656179993
177	885	3.74718899266287
178	886	2.75674798962148
178	887	0.0145845483056712
178	888	3.12439814906351
178	889	-2.06027508832116
178	890	0.621413629571002
179	891	1.80585985092253
179	892	0.800523910186938
179	893	4.98616279943668
179	894	-2.15224962445382
179	895	-0.767574720616427
180	896	-1.68996816584878
180	897	-1.83163950014389
180	898	3.48196473151824
180	899	1.0462618371302
180	900	0.39607556316344
181	901	-0.396226146307493
181	902	1.70240520313631
181	903	1.25907772726921
181	904	-1.01454271961879
181	905	1.12339597464262
182	906	-0.594636952175875
182	907	1.89534943361958
182	908	3.35396068237284
182	909	6.42080006396611
182	910	-2.50101928276408
183	911	3.52893764170764
183	912	0.823111854508723
183	913	-0.240582340748299
183	914	1.13516445096212
183	915	5.68568391712144
184	916	1.7514937978645
184	917	-1.24024212372849
184	918	0.793160291287781
184	919	2.24001624255105
184	920	3.72657874768071
185	921	-0.370385021272716
185	922	7.42902750235748
185	923	1.47338862547036
185	924	-1.4804451235226
185	925	2.14797690052179
186	926	-0.450452219882673
186	927	-0.0311699865163015
186	928	2.9584149589772
186	929	3.70264060234428
186	930	2.14865457113722
187	931	2.41710179210603
187	932	0.0945447851008019
187	933	1.03590125622592
187	934	-0.877140837956045
187	935	3.66472682339909
188	936	4.05219339375656
188	937	-0.706799151310464
188	938	1.01977689331147
188	939	1.0204286910274
188	940	-0.0540225052359464
189	941	3.31319153417366
189	942	1.81442371207073
189	943	1.53609778285946
189	944	-2.09165610698552
189	945	-3.28335682865951
190	946	1.68033885055652
190	947	2.5941117552514
190	948	3.67095456673971
190	949	-0.688064054550141
190	950	0.800951566977732
191	951	5.72711549685188
191	952	-0.00782520217481103
191	953	4.54231262621137
191	954	1.24157659136906
191	955	0.598505392518378
192	956	0.181963502746389
192	957	-2.18123344425858
192	958	-0.284151776843168
192	959	2.0724325440819
192	960	-2.43565566194269
193	961	-1.46955828020641
193	962	4.12703838814504
193	963	-2.54911493173155
193	964	1.81717360485978
193	965	-1.12583930637228
194	966	-0.295006833421546
194	967	4.62254449954158
194	968	0.430432221504921
194	969	5.33588771387216
194	970	2.69610287342659
195	971	1.87700836246504
195	972	5.58891722911375
195	973	-3.08580349930023
195	974	-1.33760689848261
195	975	-1.84829982985468
196	976	-0.362674767662639
196	977	-0.0411064893758276
196	978	0.59027439971191
196	979	4.88078334272939
196	980	0.696490492618961
197	981	3.95002619410282
197	982	0.0499012551401353
197	983	3.0794682705403
197	984	4.75074857942235
197	985	3.21487748150725
198	986	-0.275287494912849
198	987	-4.42374371419489
198	988	0.108176152002609
198	989	3.75296780961689
198	990	0.152832004657206
199	991	-2.38065325577662
199	992	1.45696246068602
199	993	0.0373583867008012
199	994	3.12278747084346
199	995	0.296702635183044
200	996	0.668179337562292
200	997	-1.55944831464422
200	998	0.732861994870454
200	999	1.73296714189799
200	1000	1.63841905496911
1	1001	2.46496171955179
1	1002	4.14873611103873
1	1003	-1.79921453337599
2	1004	-1.42046351463487
2	1005	2.93800026613452
2	1006	-3.99618066454675
3	1007	0.580832395840208
3	1008	-3.59908330518856
3	1009	-2.31484512475933
4	1010	0.778792628848801
4	1011	-1.37821373433672
4	1012	-0.357524520854271
5	1013	-2.39770350546861
5	1014	-1.71492552499904
5	1015	-0.942149248411649
6	1016	0.908206168741106
6	1017	0.104433055423592
6	1018	-0.838265940874424
7	1019	0.284279779837444
7	1020	2.69793184441476
7	1021	0.877709912076163
8	1022	2.93567285066854
8	1023	2.65280747072611
8	1024	3.89891762980733
9	1025	-2.94628123049754
9	1026	-4.03305535918284
9	1027	1.2952531090692
10	1028	4.89624867115651
10	1029	0.530634020693921
10	1030	2.26984972387318
11	1031	3.02759573350993
11	1032	6.55473198729686
11	1033	4.89505120034589
12	1034	-1.04766149178948
12	1035	-0.568475184701114
12	1036	-0.789604312695852
13	1037	1.42513176618179
13	1038	0.846019581384554
13	1039	4.01282281880654
14	1040	0.973827855671797
14	1041	1.84892766858343
14	1042	2.12372675254298
15	1043	-2.33541090267199
15	1044	-2.88944870875737
15	1045	4.1027117587361
16	1046	2.62270129479647
16	1047	-0.195788625468976
16	1048	-1.36711383941691
17	1049	2.69484304608197
17	1050	2.14024146984025
17	1051	1.4709817468973
18	1052	2.87795344076249
18	1053	2.60561419802543
18	1054	7.41525541761929
19	1055	1.09512767870866
19	1056	0.451036067784245
19	1057	2.63701096770394
20	1058	-5.0460552985856
20	1059	-0.644353530866419
20	1060	-2.29419335840114
21	1061	-1.76729350339924
21	1062	0.853768888740313
21	1063	1.16201569729405
22	1064	-0.33211225087831
22	1065	-1.31497517504951
22	1066	-2.29668436719066
23	1067	1.25091992637604
23	1068	0.277067613876426
23	1069	2.2828907788138
24	1070	-1.00642778351606
24	1071	0.944132421397237
24	1072	0.808669507324217
25	1073	0.716969058587442
25	1074	2.45099436149016
25	1075	5.46871257290465
26	1076	0.453295715493398
26	1077	-2.18466421647665
26	1078	-1.88268389768164
27	1079	3.36464122709248
27	1080	0.838341446377782
27	1081	2.54033670427023
28	1082	4.00162124572221
28	1083	1.98000908330389
28	1084	1.79744134107672
29	1085	2.50554426566197
29	1086	1.92548225531753
29	1087	2.49276054703522
30	1088	3.39804972485361
30	1089	3.26109237355623
30	1090	2.93891799247142
31	1091	5.13863324421903
31	1092	0.814425025020355
31	1093	0.0180614955217788
32	1094	0.389106932799959
32	1095	0.716808685363622
32	1096	0.798160462778799
33	1097	1.04921569598988
33	1098	3.437405193139
33	1099	1.04669636672403
34	1100	0.0230354429669504
34	1101	3.7210862105258
34	1102	-3.18930095648087
35	1103	4.55929197694135
35	1104	1.39787754213521
35	1105	1.89266011689419
36	1106	3.03431670515153
36	1107	4.24730513606065
36	1108	1.05206188486595
37	1109	1.75202687648069
37	1110	4.38736788121357
37	1111	2.69292185668971
38	1112	1.77360997362808
38	1113	4.85786513732815
38	1114	3.32974480480959
39	1115	-2.76098817009487
39	1116	1.81717181708254
39	1117	-0.160332801700836
40	1118	-2.98030966290506
40	1119	1.5967208754448
40	1120	-1.84614777849081
41	1121	3.07869923988625
41	1122	-0.989944464856006
41	1123	-0.398046149284845
42	1124	-1.74938237630701
42	1125	4.15976137406807
42	1126	-1.47111965024814
43	1127	0.986620732455872
43	1128	-2.93900655961782
43	1129	-2.17186079334558
44	1130	-2.35390161026078
44	1131	4.05694378627666
44	1132	-1.34562292708839
45	1133	-2.53135671813132
45	1134	-3.10835567649073
45	1135	-0.5477912179361
46	1136	2.56806596143508
46	1137	0.185161283914933
46	1138	0.0860797951888864
47	1139	1.30752921228524
47	1140	0.771951303752067
47	1141	-0.25443949838061
48	1142	2.78030605152668
48	1143	-0.0525957335640745
48	1144	0.605686009712319
49	1145	1.40241071824199
49	1146	-1.97496109035946
49	1147	-1.22653216763893
50	1148	-1.011709687944
50	1149	5.93470321566742
50	1150	-0.424267706085704
51	1151	-2.04731214433575
51	1152	-0.683600839524786
51	1153	0.728691196705094
52	1154	-2.38839271020616
52	1155	-1.4260010085222
52	1156	-2.67609564468149
53	1157	1.1398230996987
53	1158	1.78896726171074
53	1159	3.20122293315954
54	1160	-2.12513630090866
54	1161	0.98433202223101
54	1162	2.31287887238143
55	1163	3.61359661937689
55	1164	-0.534535271315328
55	1165	-3.44921567544485
56	1166	-1.13653949403176
56	1167	1.69349886464967
56	1168	-0.561242177738188
57	1169	-0.0543287409314865
57	1170	2.3998012155206
57	1171	0.803831133258584
58	1172	-1.18188094122703
58	1173	2.73479234833406
58	1174	7.27059799123645
59	1175	-0.0570154606131998
59	1176	2.53120252632915
59	1177	-0.376135217370427
60	1178	1.24525591833754
60	1179	1.09711434760159
60	1180	3.2223545764067
61	1181	0.2192112495946
61	1182	0.987381848797064
61	1183	-2.34656069649331
62	1184	-0.420908087336486
62	1185	2.48917572882011
62	1186	2.8807023522833
63	1187	1.33760152030764
63	1188	0.935526485872996
63	1189	6.53681290465945
64	1190	-3.99544708982547
64	1191	3.21267782242213
64	1192	0.34356593426322
65	1193	1.73531012702112
65	1194	2.24181373271328
65	1195	-0.481332701159568
66	1196	-1.50757580469315
66	1197	-0.89967023871353
66	1198	-1.59728704584368
67	1199	-3.73585017519835
67	1200	-0.616375471767308
67	1201	-3.07121211407751
68	1202	0.32312077616522
68	1203	-2.05629902530911
68	1204	-2.94954125986705
69	1205	-1.16387513628844
69	1206	3.26087007198761
69	1207	-1.41804562267325
70	1208	5.9134901910537
70	1209	6.36456989216904
70	1210	7.6510128516013
71	1211	-0.152780292885483
71	1212	5.78380978478303
71	1213	5.37425637490458
72	1214	1.3079679372003
72	1215	5.08211015863787
72	1216	3.44509885988021
73	1217	2.63314081560869
73	1218	2.75285574059971
73	1219	0.932541103849428
74	1220	1.89436067347766
74	1221	1.78466654660195
74	1222	2.95600932423724
75	1223	-2.26354595909802
75	1224	-0.162960634986033
75	1225	2.76057535984079
76	1226	1.83659321985275
76	1227	0.131169775513452
76	1228	-0.377277172287074
77	1229	-1.54649458818486
77	1230	-0.21055859049371
77	1231	-1.02804987481101
78	1232	1.43868754125209
78	1233	1.81974467258165
78	1234	-0.403214214160982
79	1235	0.95699067297549
79	1236	4.27716277785626
79	1237	1.58642761494152
80	1238	-2.43855815836492
80	1239	0.699666446711183
80	1240	-4.46818488903077
81	1241	0.334751393922817
81	1242	6.260347784873
81	1243	-1.32071001490857
82	1244	0.108369302326299
82	1245	-3.40874972190622
82	1246	2.1841973068472
83	1247	5.65267912610892
83	1248	0.320798428254106
83	1249	3.18769899553611
84	1250	-2.68313641366356
84	1251	-0.0574002593257791
84	1252	3.63674024925952
85	1253	4.55296572749861
85	1254	2.57935661788852
85	1255	-0.680583710076859
86	1256	-2.89856650248523
86	1257	2.63172366957257
86	1258	-1.11097384807297
87	1259	3.66192809880988
87	1260	-1.60339519747739
87	1261	2.17583799815846
88	1262	-1.52815253105824
88	1263	-7.38092432002116
88	1264	-3.36330490226893
89	1265	0.580987368767215
89	1266	0.909630012122769
89	1267	2.15806516800724
90	1268	-1.37896961032586
90	1269	-1.5198227465522
90	1270	3.90936265755775
91	1271	1.19193316282868
91	1272	2.20352452595513
91	1273	2.04837457334405
92	1274	-5.25163422327357
92	1275	3.09878265150828
92	1276	4.75675369226703
93	1277	1.33470633069874
93	1278	-2.54590175708764
93	1279	-1.59199661530282
94	1280	3.36137027163456
94	1281	-3.92043259331761
94	1282	5.31425514646938
95	1283	8.70099538199571
95	1284	5.54572811562385
95	1285	3.45719943552101
96	1286	1.34261075528516
96	1287	0.255832370712182
96	1288	3.24659270684927
97	1289	2.94384677711254
97	1290	0.860966679337107
97	1291	2.5732416425604
98	1292	0.576922533104032
98	1293	2.4268328818785
98	1294	3.67680865348763
99	1295	4.81787624285528
99	1296	1.39788980509426
99	1297	1.97781756239836
100	1298	1.50406917298198
100	1299	-0.979913960584238
100	1300	4.41852881051009
101	1301	1.62830920331686
101	1302	5.08158552356543
101	1303	0.436328611396938
102	1304	-1.23174391780277
102	1305	6.20756546060275
102	1306	1.04254565913648
103	1307	-3.45843986789301
103	1308	0.121882481296597
103	1309	0.376028058353567
104	1310	3.06471506575123
104	1311	-1.47222688070102
104	1312	3.01363899183353
105	1313	-0.60196159460325
105	1314	2.21984959658306
105	1315	-1.95321707788488
106	1316	-0.285993472842766
106	1317	0.994783279899963
106	1318	3.31100429648666
107	1319	-0.615937515863649
107	1320	2.47611611546648
107	1321	0.898377522810514
108	1322	6.39809395233202
108	1323	1.97169327533407
108	1324	2.77759069717071
109	1325	0.989835351658517
109	1326	0.149227988540171
109	1327	3.33649021233349
110	1328	-0.507526934855592
110	1329	-2.93838824217226
110	1330	0.085856025973837
111	1331	-1.93953999203812
111	1332	-3.77667369412964
111	1333	-4.30745199671216
112	1334	-0.144882336908101
112	1335	1.15532949717876
112	1336	-0.717535407612594
113	1337	-1.65807947864994
113	1338	1.07488337167479
113	1339	-0.904910049947473
114	1340	0.95287770996781
114	1341	0.354308372091964
114	1342	2.91585462777599
115	1343	-0.633489555498362
115	1344	-1.22766282048363
115	1345	2.62916692580989
116	1346	1.7679632464734
116	1347	1.6994022250256
116	1348	-0.513349412478692
117	1349	1.58722467418059
117	1350	-0.887213839567376
117	1351	1.1136368441112
118	1352	2.28300480237498
118	1353	3.59851149616559
118	1354	4.6911944168723
119	1355	-1.50217177289424
119	1356	1.84549804814666
119	1357	-0.992214258708774
120	1358	-0.786286926634197
120	1359	1.76442650430719
120	1360	-1.8196168187355
121	1361	1.36953692477026
121	1362	1.00493344452316
121	1363	-2.14559994673252
122	1364	0.255754922100206
122	1365	2.96766665759121
122	1366	-1.13157451965962
123	1367	2.53387634808457
123	1368	-0.376464622906517
123	1369	1.11568566518848
124	1370	1.94663215222756
124	1371	4.8917400199148
124	1372	-1.46839814013318
125	1373	3.42903414824379
125	1374	4.05741167378478
125	1375	1.98248033670481
126	1376	4.60630843042873
126	1377	2.55323448417024
126	1378	2.25832314036536
127	1379	3.01964995057784
127	1380	2.21189445923597
127	1381	-1.75027995526127
128	1382	1.91696887521563
128	1383	1.81214741424912
128	1384	2.61744783094426
129	1385	3.30908564546997
129	1386	4.72936209690116
129	1387	2.93945512300372
130	1388	-0.404666771720859
130	1389	1.57324547677792
130	1390	0.584995744268139
131	1391	-1.09656016075327
131	1392	-0.109676877293744
131	1393	2.24783193142984
132	1394	1.9681817682205
132	1395	-0.375420140656915
132	1396	3.34259808310562
133	1397	-0.426403228962529
133	1398	2.08397780227956
133	1399	3.3092902746425
134	1400	1.03696190886477
134	1401	3.21956138773993
134	1402	-1.03179937433453
135	1403	0.852164215872188
135	1404	2.17938794086242
135	1405	0.691135821950695
136	1406	0.381284283335501
136	1407	0.608611337744695
136	1408	0.910209500716024
137	1409	-4.04992143527778
137	1410	1.26592004427434
137	1411	0.66869728870311
138	1412	-1.36787963558138
138	1413	0.908413686388005
138	1414	2.58616969104932
139	1415	-1.98944875919898
139	1416	0.974943276731044
139	1417	-3.0352193159394
140	1418	3.47188383203641
140	1419	2.59037268163744
140	1420	3.210365791487
141	1421	2.37255890031872
141	1422	-0.525421337397251
141	1423	3.47722536966058
142	1424	5.08501109359068
142	1425	5.88368952400041
142	1426	2.60560339754048
143	1427	-1.04440947870758
143	1428	-0.783523655235394
143	1429	1.0135346929647
144	1430	0.0746853719260755
144	1431	-0.510876892069325
144	1432	-0.404978166189601
145	1433	5.7165221429802
145	1434	3.69179528589752
145	1435	3.75405108892159
146	1436	-0.414591153697694
146	1437	4.2647139923538
146	1438	1.63838904311848
147	1439	3.78563619503199
147	1440	1.65286880383202
147	1441	-0.0477779098640489
148	1442	-8.06037195018096
148	1443	-1.01246681963718
148	1444	-0.0676093783807924
149	1445	-3.52062575324213
149	1446	-1.43051686153814
149	1447	2.35351571384339
150	1448	-3.47014796725267
150	1449	0.00324671284145378
150	1450	0.997816207050477
151	1451	0.57381179494505
151	1452	-1.71562547171909
151	1453	2.93607969508391
152	1454	2.44864077624586
152	1455	2.96743897712575
152	1456	2.35983913623057
153	1457	-0.422818145065301
153	1458	1.14850495320194
153	1459	-0.0287955048736139
154	1460	4.40853600209618
154	1461	0.72733177480945
154	1462	2.01038839208637
155	1463	0.452030517903329
155	1464	-1.4972997136089
155	1465	-1.95039461160365
156	1466	1.60547558705679
156	1467	-1.47240459620603
156	1468	0.830613932971957
157	1469	0.722271008816828
157	1470	3.34605454582939
157	1471	-1.34642718929173
158	1472	-0.719334690070202
158	1473	-2.04048978606841
158	1474	0.0456353357564721
159	1475	1.48787474646219
159	1476	-2.21104855541
159	1477	4.03869648100473
160	1478	1.56675257791166
160	1479	-0.553130449030632
160	1480	-0.726639246177251
161	1481	-0.522811365098891
161	1482	0.686190543526832
161	1483	-0.856726417386048
162	1484	-0.278417512313152
162	1485	1.59761144212803
162	1486	0.705773936100403
163	1487	3.30731126788968
163	1488	-0.130436019710419
163	1489	-1.84755857859966
164	1490	2.07256701143922
164	1491	2.45101471359064
164	1492	-2.25851275067099
165	1493	1.55918740892227
165	1494	1.38415383098949
165	1495	5.2982609446837
166	1496	3.63624363761191
166	1497	1.31332276774191
166	1498	3.1399764981829
167	1499	0.180301423074549
167	1500	-0.0128602281430181
167	1501	4.33094513440377
168	1502	0.358734577041897
168	1503	1.4031091693977
168	1504	0.793243762427335
169	1505	1.28068313041807
169	1506	0.291760126626504
169	1507	3.1379257358323
170	1508	1.65275800723494
170	1509	0.70949429044282
170	1510	2.12781740039016
171	1511	-2.25272525961914
171	1512	1.61270942504532
171	1513	-2.7052987662167
172	1514	0.563592182716296
172	1515	-1.15265857289796
172	1516	2.6145620492811
173	1517	2.23826774679036
173	1518	3.52817835000232
173	1519	0.467601956480291
174	1520	5.22783545683814
174	1521	0.746266704401133
174	1522	-0.388704368960847
175	1523	3.21364926459648
175	1524	-1.05027265934349
175	1525	0.294218338882385
176	1526	2.27125728192013
176	1527	4.73114181181709
176	1528	2.99341943365097
177	1529	2.2887371519219
177	1530	5.81823949239089
177	1531	4.07676010239649
178	1532	3.61178190505014
178	1533	-2.96345492342314
178	1534	2.42469597986216
179	1535	2.31954704932192
179	1536	1.20853386594765
179	1537	1.56315794382546
180	1538	1.08282428886356
180	1539	-1.60843389613393
180	1540	2.72791359035298
181	1541	3.04308488467671
181	1542	1.81436288325955
181	1543	1.80927851902459
182	1544	0.330643708623465
182	1545	0.735932844393285
182	1546	0.464551718809091
183	1547	2.15775143215703
183	1548	2.22005886793257
183	1549	2.1566037329318
184	1550	-2.25499544355175
184	1551	2.06596775407387
184	1552	1.36767493392385
185	1553	1.63146586894101
185	1554	-0.289987684134421
185	1555	5.31025747934021
186	1556	3.09790877304584
186	1557	2.65230292530073
186	1558	0.751890769687013
187	1559	-2.13324298979798
187	1560	0.0027576264646525
187	1561	0.448136565027223
188	1562	-2.06299995037743
188	1563	1.35425277188748
188	1564	0.634659337682839
189	1565	2.26814549531318
189	1566	0.815148805553669
189	1567	4.78100011680832
190	1568	3.95295563894086
190	1569	1.48184686519774
190	1570	-1.10275617064686
191	1571	-0.324460124684008
191	1572	-2.77189035470438
191	1573	2.37823723674499
192	1574	0.898638817693612
192	1575	-2.57473704563589
192	1576	-1.75522833265397
193	1577	1.30594078835235
193	1578	1.43053803975484
193	1579	-2.9152809844577
194	1580	3.43518651870434
194	1581	-0.213570674119472
194	1582	4.45302188642332
195	1583	-1.38304772674501
195	1584	-1.66283053426206
195	1585	3.81935391637469
196	1586	1.37446363646536
196	1587	-2.76604058044168
196	1588	0.454609626977649
197	1589	1.38390690940711
197	1590	0.816216272707276
197	1591	3.80627454852998
198	1592	-5.07435345787046
198	1593	1.47653971683157
198	1594	1.58873650937658
199	1595	-2.9502546319013
199	1596	0.272495506548448
199	1597	0.156793431781866
200	1598	0.29466136337151
200	1599	-5.81000002882012
200	1600	-0.218694434434027
1	1601	1.79721353089309
1	1602	3.099625635463
1	1603	-1.86155735712962
2	1604	-1.94397889695233
2	1605	0.470779294576216
2	1606	2.82882722209044
3	1607	-1.08516049765374
3	1608	-1.46887771819756
3	1609	1.5553594859894
4	1610	1.56804089272188
4	1611	3.7495093372302
4	1612	-1.82665277226656
5	1613	2.6327101256462
5	1614	-2.82469752405922
5	1615	1.64749143331139
6	1616	3.66733273661065
6	1617	-0.550248736241145
6	1618	-3.63410844151764
7	1619	2.99321748193564
7	1620	0.415840838810149
7	1621	1.90501583059458
8	1622	0.415667391259747
8	1623	0.694377735738795
8	1624	-0.746934115814605
9	1625	-1.40538234450714
9	1626	-5.82875797199581
9	1627	-2.07611401061766
10	1628	1.42615145005318
10	1629	-0.891071603692225
10	1630	0.44001711558238
11	1631	2.91179465514987
11	1632	-0.435382867390009
11	1633	2.98043276579328
12	1634	-4.97033267779048
12	1635	-5.45321520972051
12	1636	2.82937400397618
13	1637	2.91345572708967
13	1638	-0.750662825967856
13	1639	-1.00189119967615
14	1640	-1.37305976512472
14	1641	0.224458454702541
14	1642	0.472830973663668
15	1643	2.0715719970036
15	1644	2.64201303569115
15	1645	2.32380710558121
16	1646	0.902001619376108
16	1647	3.54900604700024
16	1648	0.587881982109808
17	1649	4.1953184284948
17	1650	1.34521019611857
17	1651	-0.117140084190256
18	1652	0.972256191988977
18	1653	2.45551909747555
18	1654	1.87356657385429
19	1655	0.93950503663483
19	1656	-0.414643064510476
19	1657	-0.937342496231827
20	1658	-0.603366010846982
20	1659	-4.03553666004676
20	1660	-3.09781992093715
21	1661	2.57972290651953
21	1662	-0.690735557280733
21	1663	-0.482748261624745
22	1664	3.3972456808129
22	1665	-1.9889854999803
22	1666	-0.467417924001697
23	1667	2.19831648851221
23	1668	4.58093233017322
23	1669	5.16021104213215
24	1670	2.73852835950073
24	1671	-0.686047530215728
24	1672	4.10776493324715
25	1673	-1.40709363711366
25	1674	1.19231303316062
25	1675	1.46688101228686
26	1676	-0.02348883737892
26	1677	-1.67026311241791
26	1678	4.56484672289475
27	1679	4.46800386117909
27	1680	3.37174182194834
27	1681	-0.732273531513763
28	1682	5.49883007779659
28	1683	3.16834141511002
28	1684	0.693070228437873
29	1685	1.77429116202724
29	1686	1.42242900881541
29	1687	-1.2128561055638
30	1688	-1.94020150412943
30	1689	0.461223345030086
30	1690	0.0587226238644498
31	1691	-1.1232174288233
31	1692	-0.666388543936113
31	1693	-2.98914238244101
32	1694	4.41098427234575
32	1695	1.87331842664713
32	1696	-1.33886239291398
33	1697	-4.28044346037852
33	1698	-2.11539407707968
33	1699	2.5979219028108
34	1700	-1.37263355789005
34	1701	1.65236587549527
34	1702	1.09449081875614
35	1703	1.70474736596799
35	1704	9.00199955482987
35	1705	0.841978738538227
36	1706	-0.217955079808527
36	1707	1.01312591944393
36	1708	-1.05272577374874
37	1709	1.20066561424413
37	1710	-2.15222391026264
37	1711	2.74512385386382
38	1712	0.48566516208846
38	1713	2.05987468948948
38	1714	5.50551158238169
39	1715	-2.43487065210674
39	1716	-1.49600204212842
39	1717	-1.67539315429001
40	1718	7.19934760569688
40	1719	2.02131792065866
40	1720	0.854451600206
41	1721	-0.240642731652988
41	1722	2.75929040497293
41	1723	0.291516156598246
42	1724	-0.0488878032700587
42	1725	0.664480218477754
42	1726	-0.190999367447906
43	1727	3.64557181966473
43	1728	-0.460117617599918
43	1729	-2.00886752203461
44	1730	-0.495130395052258
44	1731	1.38045310416834
44	1732	-0.78661188787026
45	1733	-0.484513722653925
45	1734	2.0464209280927
45	1735	-0.172444699440592
46	1736	-2.34690448411307
46	1737	4.32343016241905
46	1738	-7.44751850661301
47	1739	2.98009203112352
47	1740	2.18982822285419
47	1741	2.43061626190419
48	1742	2.42204897986603
48	1743	6.98235428338512
48	1744	3.94156263937607
49	1745	-3.55939373815784
49	1746	0.572320160534731
49	1747	-1.04531449167016
50	1748	0.893179840877605
50	1749	-0.936059820223102
50	1750	-1.28778075890234
51	1751	-0.735390085258596
51	1752	-1.70250530223159
51	1753	-1.29982231564958
52	1754	1.15842487854268
52	1755	2.35253282971534
52	1756	0.552425351095175
53	1757	0.567692378233423
53	1758	-2.15493431332238
53	1759	-2.69299388344156
54	1760	2.85669725433969
54	1761	0.70984992319998
54	1762	3.55992375557318
55	1763	1.72980801681365
55	1764	2.089690522824
55	1765	2.45627521651642
56	1766	-1.131141288937
56	1767	1.22468441101341
56	1768	1.28209479184957
57	1769	-1.76896085729496
57	1770	0.245499505004272
57	1771	-3.18806503936451
58	1772	-0.976328931500652
58	1773	-0.380550844127158
58	1774	1.16718750202494
59	1775	0.964470145993723
59	1776	2.85645626913413
59	1777	0.966362518126214
60	1778	3.25812464400058
60	1779	1.01645463542387
60	1780	2.8687102977693
61	1781	-3.82121547355926
61	1782	-1.71537102955824
61	1783	-3.95206666525028
62	1784	-0.408669720286314
62	1785	-2.17608982695411
62	1786	1.11587697329854
63	1787	-1.65536382105352
63	1788	0.52055986936595
63	1789	1.31420546510095
64	1790	-0.877163171857473
64	1791	-4.5237032619654
64	1792	-6.88091854765823
65	1793	-1.36438678155511
65	1794	1.14759801942868
65	1795	-4.57530035988501
66	1796	-1.56605418568285
66	1797	-3.17974474272525
66	1798	-0.478265374883375
67	1799	1.64272127781515
67	1800	0.148336652414761
67	1801	0.884004334148605
68	1802	-0.861149164962784
68	1803	-0.175068984498478
68	1804	1.99206429899758
69	1805	-1.61859751852045
69	1806	4.50139647708721
69	1807	-4.1747369668833
70	1808	2.59472601192011
70	1809	3.75140136413349
70	1810	3.01984414482586
71	1811	5.78846573033911
71	1812	4.01131096437047
71	1813	1.93570091875081
72	1814	1.79062149525294
72	1815	2.78880928431908
72	1816	3.0650673225327
73	1817	-1.81326434985008
73	1818	-0.94211805226459
73	1819	-0.906893774770429
74	1820	2.46528161934987
74	1821	2.21924849492232
74	1822	2.83259225462149
75	1823	1.37583185765555
75	1824	3.65436212790967
75	1825	1.23533069945942
76	1826	5.45007285374226
76	1827	-0.0656579327786409
76	1828	6.13573107371401
77	1829	1.83734570193793
77	1830	-1.33316388692741
77	1831	-2.79294866414884
78	1832	0.869825775589489
78	1833	0.754140101223982
78	1834	4.80276066686636
79	1835	-1.14873240655592
79	1836	0.633406541138448
79	1837	8.52081241823191
80	1838	-2.70874674269464
80	1839	1.2719359071692
80	1840	3.4473421508157
81	1841	1.91303790833383
81	1842	0.287321623238841
81	1843	2.48013097882169
82	1844	2.4481708052583
82	1845	2.67597233301469
82	1846	-2.72962367355671
83	1847	2.26104598921635
83	1848	1.22682905688882
83	1849	1.49243912653232
84	1850	0.899845384110071
84	1851	0.703883628704093
84	1852	5.70396085474132
85	1853	2.44725062421471
85	1854	2.31511325318656
85	1855	-2.45519582880417
86	1856	-1.58709428170912
86	1857	-2.23398692599312
86	1858	-1.55488758061521
87	1859	0.999068954123754
87	1860	3.14249294385269
87	1861	0.437564330577653
88	1862	1.17435987304021
88	1863	0.0631300253441813
88	1864	-3.03971591526993
89	1865	0.109284766033598
89	1866	2.92406092729228
89	1867	1.588636276999
90	1868	3.61397441610164
90	1869	0.0941929429232525
90	1870	0.134671103265469
91	1871	0.729781035479153
91	1872	1.44649780491374
91	1873	-2.68188903458816
92	1874	-1.93241761650563
92	1875	1.84980167414014
92	1876	-3.38067307984645
93	1877	1.67318819116666
93	1878	-5.459095053339
93	1879	1.65478902086941
94	1880	5.00123999069744
94	1881	0.136250604242751
94	1882	1.86374793802318
95	1883	3.08960182324051
95	1884	-1.4508061077952
95	1885	0.0862542410459975
96	1886	5.31253698847466
96	1887	0.243761927344101
96	1888	4.81418552926351
97	1889	2.08582082785107
97	1890	1.27771845106652
97	1891	-3.49010305148566
98	1892	2.78986317269879
98	1893	-0.233404284670631
98	1894	-0.652598558263342
99	1895	0.322999894955267
99	1896	-0.274374243457447
99	1897	-0.906850077091963
100	1898	0.992320668038027
100	1899	-1.23772746614676
100	1900	3.9822540747951
101	1901	0.602556657328354
101	1902	0.0763443448853565
101	1903	1.7417582696464
102	1904	-0.434866045543282
102	1905	-2.02645178166592
102	1906	-4.9617397236164
103	1907	-1.97189146025101
103	1908	1.73377326870808
103	1909	-1.43424526405866
104	1910	3.92926857790561
104	1911	1.25560532936989
104	1912	0.572047750212097
105	1913	-2.02470892328621
105	1914	-4.96236668273427
105	1915	-2.63988785614323
106	1916	-1.8836182037557
106	1917	-2.45964020804682
106	1918	0.726233106172686
107	1919	0.713839782150173
107	1920	1.03775743961183
107	1921	4.54900452952924
108	1922	4.36276124186139
108	1923	2.81031892293668
108	1924	7.81241934267975
109	1925	-0.860841219211614
109	1926	-0.0516439425127233
109	1927	-2.33032423864863
110	1928	1.58161437628311
110	1929	2.41738894290624
110	1930	-3.48634318298608
111	1931	3.13107873233394
111	1932	2.27412525419592
111	1933	2.6313510224159
112	1934	-3.27970824508883
112	1935	-4.18515887015681
112	1936	-3.06905172660361
113	1937	1.48179412313715
113	1938	3.14217981087132
113	1939	-0.259514320758039
114	1940	2.68244469300642
114	1941	0.20131536601968
114	1942	-0.533283626419645
115	1943	1.23763734464601
115	1944	1.11960587008372
115	1945	0.0718547966965808
116	1946	-0.709083162592349
116	1947	1.80016074466751
116	1948	0.359949087417585
117	1949	3.0941749978558
117	1950	1.21587674031624
117	1951	1.31256894108805
118	1952	-0.578143560185485
118	1953	-1.10707242157226
118	1954	0.755898270965724
119	1955	-3.09314533754811
119	1956	2.93815626989249
119	1957	4.88973553118347
120	1958	1.8680188725198
120	1959	5.35069968017807
120	1960	3.23856922392276
121	1961	3.17758520732186
121	1962	1.08545650331151
121	1963	-2.1767734818015
122	1964	1.34212733500608
122	1965	-1.9180359975167
122	1966	3.40699107279898
123	1967	0.752066385019676
123	1968	6.46210796426184
123	1969	0.415472610151871
124	1970	2.4867127358181
124	1971	2.7732253150118
124	1972	1.28973365271262
125	1973	0.981889641407281
125	1974	1.2882828691525
125	1975	-0.793563327413927
126	1976	4.22487865254477
126	1977	7.34602329864621
126	1978	2.01677815490774
127	1979	3.815047398795
127	1980	2.57901119756415
127	1981	-2.71661596296803
128	1982	-2.62385494446691
128	1983	-1.6181460892592
128	1984	0.627626482470295
129	1985	-0.0689956029574521
129	1986	0.494666177159118
129	1987	-0.392489340379026
130	1988	1.44080310378913
130	1989	1.60584669846176
130	1990	3.97953781602801
131	1991	3.01151755745946
131	1992	3.5357152437416
131	1993	3.07535735404476
132	1994	-1.80998018071105
132	1995	2.30513766848813
132	1996	0.660289474523994
133	1997	4.81775346896313
133	1998	-0.586584128226703
133	1999	0.458746602740984
134	2000	-0.772018970392048
134	2001	-1.13935754471185
134	2002	-2.91822198751047
135	2003	4.94281238867782
135	2004	3.41689421624753
135	2005	1.33629986210749
136	2006	-0.317307749203432
136	2007	0.70783726295384
136	2008	-0.202238997666994
137	2009	-3.089986615826
137	2010	0.679618662875681
137	2011	-0.031467038439905
138	2012	-0.310901495300705
138	2013	1.07294087034916
138	2014	-0.446317253471757
139	2015	2.15064963920058
139	2016	2.93854946528092
139	2017	-1.82244540024972
140	2018	-0.639640410464464
140	2019	-0.264393292881775
140	2020	2.38744326657187
141	2021	2.08936401147649
141	2022	2.46542353162854
141	2023	-2.06056488131035
142	2024	3.17044972680962
142	2025	5.1037792778218
142	2026	3.42357579553218
143	2027	-1.69308862146718
143	2028	0.0337002460065143
143	2029	-1.56226118186229
144	2030	1.14531765658381
144	2031	-3.52879836200939
144	2032	1.28695020492547
145	2033	2.2201447162036
145	2034	2.36174241537072
145	2035	1.8791887892161
146	2036	1.25431786141311
146	2037	2.47820052499945
146	2038	-1.93144962819363
147	2039	0.901202770028941
147	2040	2.31816381841271
147	2041	-1.00957033917925
148	2042	0.532687041086817
148	2043	-0.53740522937955
148	2044	-1.32304784241735
149	2045	-3.28744536580406
149	2046	1.22192234018126
149	2047	-1.25245245133475
150	2048	2.22892668819263
150	2049	0.489405196482808
150	2050	2.16004423536581
151	2051	3.80046725285365
151	2052	0.178622815367063
151	2053	-1.78892192258924
152	2054	0.620523319633214
152	2055	-4.6581409594229
152	2056	-0.144007572505736
153	2057	-0.433643053175536
153	2058	-4.62860692780064
153	2059	3.62229936643418
154	2060	1.88763203358611
154	2061	4.31636853350289
154	2062	-0.0867503300901147
155	2063	1.50220888342633
155	2064	2.21377863388174
155	2065	0.710571682197066
156	2066	-0.480729731530683
156	2067	-0.659062082217718
156	2068	2.09933479538794
157	2069	1.73509484716873
157	2070	4.11890159634535
157	2071	3.13232999194104
158	2072	-0.365550642146113
158	2073	-0.707024689700109
158	2074	-0.201905922345119
159	2075	-0.397741621500233
159	2076	3.7119413538651
159	2077	-2.56031493012536
160	2078	2.67722406117471
160	2079	1.12977153522869
160	2080	4.80246121817239
161	2081	2.33503535409141
161	2082	-3.60121888962267
161	2083	3.37468350181284
162	2084	0.235629866734301
162	2085	0.821453251119992
162	2086	-2.39483558169275
163	2087	0.998959524848475
163	2088	2.05230016658583
163	2089	1.16820979658269
164	2090	2.77808096400588
164	2091	-0.276673303849876
164	2092	3.35816492898393
165	2093	-1.02707051486973
165	2094	-0.533208818198323
165	2095	0.164192017564721
166	2096	2.56332584528382
166	2097	5.58728273156758
166	2098	-0.113901083848188
167	2099	-2.79923070466714
167	2100	-1.13415537689338
167	2101	1.85486399979871
168	2102	1.20251788536942
168	2103	3.47669115993914
168	2104	1.44441657378255
169	2105	3.48163037153341
169	2106	-0.39782816160053
169	2107	1.86422865919814
170	2108	-2.02342394874848
170	2109	-0.855822725669344
170	2110	-2.14853714351646
171	2111	-1.51550483603556
171	2112	4.29687130276691
171	2113	1.38641288270893
172	2114	1.47099886346603
172	2115	2.73437153981097
172	2116	2.06509050916799
173	2117	4.22506724430242
173	2118	-0.921286464359212
173	2119	-3.82707208194672
174	2120	1.72033553535577
174	2121	3.45939455691112
174	2122	3.36255227847798
175	2123	2.89929577669565
175	2124	0.79818137560233
175	2125	4.53278679322167
176	2126	-1.45170059602699
176	2127	1.86611723426866
176	2128	0.547957044519896
177	2129	-2.29216130152597
177	2130	3.71798383098759
177	2131	1.51429041935383
178	2132	-3.91939819087137
178	2133	-1.29202633388262
178	2134	0.365807729743563
179	2135	6.98570141044054
179	2136	3.58882454902554
179	2137	1.31024424421034
180	2138	-2.06916293259175
180	2139	-1.37362846934475
180	2140	-0.95184508225113
181	2141	3.08440899461308
181	2142	2.60091496771443
181	2143	4.53191006423889
182	2144	0.413817545665359
182	2145	3.33997150815035
182	2146	-0.690002517898282
183	2147	4.79141055326203
183	2148	3.70479082612736
183	2149	-0.311710941446476
184	2150	1.85488627906694
184	2151	0.146153088015372
184	2152	2.33362241396118
185	2153	1.48612573560877
185	2154	6.32135673096672
185	2155	4.77979868875514
186	2156	1.59243011068778
186	2157	1.91969553525986
186	2158	1.27308168381164
187	2159	-1.39060406418159
187	2160	0.0254729435370611
187	2161	-0.0735889816051488
188	2162	0.797947863361566
188	2163	-1.44101481910539
188	2164	6.82124479859108
189	2165	0.906192954414069
189	2166	-0.292716152213965
189	2167	4.01117630935447
190	2168	1.5811366201754
190	2169	5.62771986967657
190	2170	1.39421383191304
191	2171	5.4387383942719
191	2172	4.04138791303383
191	2173	0.312513844871962
192	2174	0.837478288404928
192	2175	-2.24839343582401
192	2176	-2.77659914178712
193	2177	-0.844303796334218
193	2178	1.84366654330683
193	2179	3.71833154911416
194	2180	-0.732531115766819
194	2181	2.30102301135277
194	2182	4.8591116867341
195	2183	-3.52648586912209
195	2184	-0.424173216888851
195	2185	-0.814232065622222
196	2186	1.21356735153374
196	2187	-4.2354975642612
196	2188	-0.481537038212736
197	2189	1.08212823780437
197	2190	4.40880928626636
197	2191	1.33290442688352
198	2192	2.11934541972203
198	2193	0.689451317673934
198	2194	-2.66748734071709
199	2195	1.76654908262249
199	2196	1.02162719273257
199	2197	1.72955712952703
200	2198	2.93656715256134
200	2199	0.648917881541315
200	2200	2.2309199283691
1	2201	0.827989664592885
1	2202	1.28599048000021
1	2203	0.932296494955287
2	2204	-1.73683924434173
2	2205	2.04109032707002
2	2206	7.33695052158695
3	2207	1.47227221532396
3	2208	-0.179555434338766
3	2209	-1.66162500459237
4	2210	0.252476287765115
4	2211	-1.64136819940891
4	2212	0.867298052509369
5	2213	3.33378615838737
5	2214	1.99354539025613
5	2215	2.71987368437404
6	2216	0.550111547826018
6	2217	2.79398381910317
6	2218	0.00365676624161537
7	2219	2.1775368398224
7	2220	3.56332604176634
7	2221	3.26860995842681
8	2222	1.61011446904944
8	2223	1.02558994248318
8	2224	7.40689285775924
9	2225	1.43791959306532
9	2226	-2.19666871658746
9	2227	-0.383700159416239
10	2228	5.10529325834465
10	2229	0.777213538253776
10	2230	0.148721733738915
11	2231	2.63324995647095
11	2232	1.42844662131911
11	2233	0.308428829278096
12	2234	1.80335978321739
12	2235	2.20569450261384
12	2236	1.10132966386441
13	2237	0.702112656737956
13	2238	-2.5949715303973
13	2239	0.350700211607787
14	2240	-0.417474800258872
14	2241	4.14633657564436
14	2242	0.926968452651808
15	2243	0.31569816677384
15	2244	0.113149275156227
15	2245	0.962298558984207
16	2246	1.8304642251869
16	2247	2.60712610455208
16	2248	1.01045298987441
17	2249	-1.24245777390606
17	2250	1.63209145976203
17	2251	3.1723079248818
18	2252	2.77375975973952
18	2253	3.07492006129307
18	2254	3.03518217398877
19	2255	-2.44399477622515
19	2256	-0.663434343829995
19	2257	0.577862855891104
20	2258	0.803838165790731
20	2259	0.683308831758964
20	2260	3.37201540478158
21	2261	-0.104212168223377
21	2262	-4.26726450893008
21	2263	2.33784287324776
22	2264	2.51574544577246
22	2265	-0.846549500685471
22	2266	4.71660844453771
23	2267	-0.628574427135969
23	2268	0.086525342280127
23	2269	-0.279749138864574
24	2270	1.55090052248445
24	2271	-4.35548398153975
24	2272	-2.54135373476444
25	2273	-2.80082961272903
25	2274	-0.952306950202044
25	2275	3.47157407182913
26	2276	0.591247243583996
26	2277	-1.58831192248796
26	2278	2.22281235192167
27	2279	-0.558649603051858
27	2280	3.4766201298951
27	2281	-0.384540975611586
28	2282	3.16217798072913
28	2283	3.74008313412916
28	2284	4.66581294864406
29	2285	0.900207618582894
29	2286	0.525177690220624
29	2287	1.42360446902953
30	2288	0.906739199400557
30	2289	2.61620766657089
30	2290	-0.70081441253309
31	2291	0.68962358552225
31	2292	-3.79186661935541
31	2293	-1.36995499039404
32	2294	0.853786375587364
32	2295	1.95921355065088
32	2296	2.08885044437892
33	2297	6.82455001751131
33	2298	2.18043620639999
33	2299	4.8681749168066
34	2300	-0.192325798795126
34	2301	-0.292181923452916
34	2302	-2.35462575756645
35	2303	5.62324602481094
35	2304	2.18045841084283
35	2305	4.2469330883248
36	2306	3.60517928980717
36	2307	3.99844317004418
36	2308	1.42733549407114
37	2309	3.89218304919279
37	2310	7.2031902404178
37	2311	5.38438285339356
38	2312	7.06682861060542
38	2313	4.69629781647314
38	2314	3.89401363747194
39	2315	0.134471944515836
39	2316	-1.32548530177497
39	2317	-3.22628820038432
40	2318	4.20367024151951
40	2319	-0.409310189068461
40	2320	-1.77764473110287
41	2321	-0.372168517252232
41	2322	-1.53923924797946
41	2323	0.263236121613856
42	2324	-1.85571681621055
42	2325	2.60992037083297
42	2326	-1.13189283787094
43	2327	-1.23909325723189
43	2328	5.18995212215919
43	2329	2.72865906811652
44	2330	0.201963627635542
44	2331	2.22551466253735
44	2332	-1.99983340314904
45	2333	0.71135053439232
45	2334	2.63458290694343
45	2335	2.14832109392968
46	2336	-1.81942889310996
46	2337	2.2325630503435
46	2338	3.58677136406073
47	2339	0.629820880938832
47	2340	-0.798828062321233
47	2341	4.70867367086442
48	2342	-1.21137602626485
48	2343	1.42062476036667
48	2344	-1.29177910627735
49	2345	-2.17028829630302
49	2346	1.36873836748727
49	2347	0.950222634997923
50	2348	1.9403458798795
50	2349	7.21609689355663
50	2350	2.7418902249634
51	2351	4.26446839306852
51	2352	3.15293100389512
51	2353	0.144504843557043
52	2354	0.958930699715152
52	2355	-0.735377745199493
52	2356	2.30222721008193
53	2357	3.38681818142569
53	2358	5.68441384462115
53	2359	3.84685559980449
54	2360	1.53824101633052
54	2361	-0.573312324048285
54	2362	0.160783446561519
55	2363	3.49563809359492
55	2364	2.82516265664464
55	2365	-0.00488953846460749
56	2366	3.04344901781526
56	2367	-1.46176076913832
56	2368	-0.240465985693619
57	2369	-0.0464549068734205
57	2370	2.64265783240954
57	2371	-1.6411919055639
58	2372	1.75116149335318
58	2373	3.95174595744237
58	2374	5.25396552529572
59	2375	1.51565430314034
59	2376	1.20205436089665
59	2377	2.06508317652577
60	2378	0.356813466365416
60	2379	4.02736171860605
60	2380	2.40335481205751
61	2381	0.740842491869082
61	2382	-1.46935652937335
61	2383	2.94858034682365
62	2384	2.0691969040805
62	2385	-3.01920312779197
62	2386	2.09755652408468
63	2387	1.82626667880181
63	2388	1.13368460559723
63	2389	-1.6807643036889
64	2390	0.580679675210438
64	2391	0.117045168407839
64	2392	0.475051004943827
65	2393	1.80187416761979
65	2394	-3.57443961226652
65	2395	1.20554166224717
66	2396	0.554515995215279
66	2397	1.83843003482982
66	2398	3.63059225142319
67	2399	-0.107185148289042
67	2400	-1.79054492557022
67	2401	-1.08487320118331
68	2402	1.20519200829135
68	2403	2.45177126182874
68	2404	5.09529535471728
69	2405	3.10303039145445
69	2406	3.5017146626982
69	2407	4.95062866567816
70	2408	3.02325554853744
70	2409	2.93140948975929
70	2410	1.72923564268069
71	2411	0.593531041666565
71	2412	0.167625619506908
71	2413	1.39745275803727
72	2414	0.0262314576651538
72	2415	-0.373306985438972
72	2416	4.46503709424172
73	2417	4.20880609459434
73	2418	-0.347374525387587
73	2419	5.83030719621839
74	2420	-0.850612816817091
74	2421	1.53015289188818
74	2422	3.8973924154496
75	2423	-3.51471016886575
75	2424	3.15263897137569
75	2425	1.08072479694498
76	2426	-1.00796188178689
76	2427	0.553532741176419
76	2428	-2.69921465493467
77	2429	0.562884318413126
77	2430	0.0902803864291544
77	2431	2.1300806340043
78	2432	0.389550531147267
78	2433	1.81056039669445
78	2434	1.98504273829965
79	2435	-0.939186679219606
79	2436	0.932381410627381
79	2437	2.932485169493
80	2438	1.59743120822364
80	2439	0.974247039286619
80	2440	3.11998171134125
81	2441	0.261333396945626
81	2442	1.65098069867618
81	2443	3.78639393444129
82	2444	2.0710792911481
82	2445	3.10074559440762
82	2446	2.18195552385573
83	2447	2.13057849343351
83	2448	4.98262133194559
83	2449	4.87631298961506
84	2450	0.394164822358469
84	2451	-1.51500554396693
84	2452	6.0488424370118
85	2453	3.12142717951934
85	2454	3.07718669016518
85	2455	0.885640321514636
86	2456	-3.70179000389852
86	2457	-1.13501307113589
86	2458	-2.82015412287323
87	2459	1.42995890675924
87	2460	-1.25391431380944
87	2461	4.01167447449007
88	2462	0.145042821503496
88	2463	-0.429779443618502
88	2464	-2.43950920191118
89	2465	4.11700330032111
89	2466	-1.10632452415894
89	2467	-0.859852584890033
90	2468	-2.0672963433631
90	2469	-1.92229684720161
90	2470	-3.42913438623256
91	2471	1.97173491957733
91	2472	-0.0792333726154977
91	2473	-0.145305182539047
92	2474	6.18285086917533
92	2475	1.19267809800428
92	2476	0.977190412287623
93	2477	0.128318979045749
93	2478	-0.956775048832645
93	2479	-0.168226121484368
94	2480	0.175496694435257
94	2481	-0.314348062865641
94	2482	-0.152036433508537
95	2483	4.05774789556094
95	2484	8.16537583127636
95	2485	3.75452364219547
96	2486	2.78115922853946
96	2487	0.363643576602796
96	2488	2.71987199122448
97	2489	0.360062959351838
97	2490	5.08804355763925
97	2491	4.23940569435603
98	2492	-0.825021230715792
98	2493	0.252797394519909
98	2494	1.34517789351413
99	2495	6.26803414341049
99	2496	4.5554275411108
99	2497	1.33346663385845
100	2498	1.2336100733702
100	2499	-2.79594664734623
100	2500	-2.67294617580116
101	2501	-2.31259999513718
101	2502	-2.30263537969367
101	2503	-2.79350949059573
102	2504	5.18090030853795
102	2505	1.95398108879273
102	2506	3.63598484628444
103	2507	0.342141476378922
103	2508	0.47521619623033
103	2509	1.33802633469
104	2510	-1.51440875674668
104	2511	0.611261923600924
104	2512	0.756595847205509
105	2513	-1.50295044239306
105	2514	2.27858014089303
105	2515	0.0428264215611733
106	2516	2.11864117673651
106	2517	1.44629214569939
106	2518	1.88354097586902
107	2519	-1.96136701618036
107	2520	0.122661472027709
107	2521	2.89606542168795
108	2522	-0.289310107230672
108	2523	-0.825868669792457
108	2524	-0.0731163764300807
109	2525	-0.28367366066846
109	2526	-2.22623205883497
109	2527	-1.10688302750788
110	2528	6.14389527921115
110	2529	1.29153239122142
110	2530	2.83038783060252
111	2531	0.00877684211213869
111	2532	-6.13267758899729
111	2533	0.694888260840944
112	2534	0.168749436463881
112	2535	2.4046063874383
112	2536	0.576913580796598
113	2537	-4.80664100154918
113	2538	-1.19357043313837
113	2539	-3.66004181982239
114	2540	0.056461530721481
114	2541	2.93654589833245
114	2542	2.67813811393636
115	2543	0.458389480248116
115	2544	1.43996543294946
115	2545	0.834088018944097
116	2546	-1.5020772961668
116	2547	2.55885785146576
116	2548	3.65048215562756
117	2549	0.0778038136965129
117	2550	1.36241111840407
117	2551	0.689077506229633
118	2552	2.15674802137263
118	2553	0.721480265117686
118	2554	2.59395417818837
119	2555	0.975452045024179
119	2556	1.94207601989234
119	2557	-1.01086179240954
120	2558	2.58798980661049
120	2559	-2.4089413570966
120	2560	0.793580557212482
121	2561	0.437213265926628
121	2562	2.71510929769024
121	2563	2.47598063283124
122	2564	-1.66477702778871
122	2565	1.10975316036201
122	2566	1.18259035355116
123	2567	-0.582315128218285
123	2568	3.43298943665883
123	2569	1.59772583247102
124	2570	2.58852322232356
124	2571	2.04450738655786
124	2572	1.60593765860925
125	2573	-0.953574275986241
125	2574	-2.82276333423582
125	2575	-0.0730536866441134
126	2576	0.743623877294603
126	2577	0.289600679040964
126	2578	1.82183360873794
127	2579	1.24152264729603
127	2580	0.910095231942997
127	2581	0.814822253178239
128	2582	0.448075003619135
128	2583	1.34942717443144
128	2584	2.51680709867208
129	2585	-1.19655066866251
129	2586	-0.608375598016123
129	2587	4.220846302541
130	2588	-0.721102392566282
130	2589	-3.74408279665609
130	2590	1.77245735761437
131	2591	0.618849742439299
131	2592	1.34382246864168
131	2593	3.46848417590191
132	2594	-1.82213531798557
132	2595	-3.31210495411332
132	2596	-3.35555633150841
133	2597	0.82658480594841
133	2598	2.11717107671642
133	2599	4.96740111749639
134	2600	-1.55445802629031
134	2601	2.44548562056697
134	2602	0.129249116940197
135	2603	-0.410729631963719
135	2604	1.91284202013808
135	2605	7.09164169249391
136	2606	-4.09922376442207
136	2607	1.02798752851248
136	2608	1.50169203529871
137	2609	0.550776084740988
137	2610	1.7068798275293
137	2611	4.00372973033714
138	2612	0.345606355715053
138	2613	2.38344628217829
138	2614	-1.16724727422367
139	2615	-5.26841552172068
139	2616	1.12692414362814
139	2617	1.27999611377257
140	2618	1.85230756129766
140	2619	1.3843612359618
140	2620	3.77163352035803
141	2621	0.621860554464432
141	2622	0.950363871883344
141	2623	1.61779399602727
142	2624	1.26639344554903
142	2625	1.3925721273814
142	2626	2.8592204642779
143	2627	1.00124719036168
143	2628	1.7476853389169
143	2629	0.547378095283734
144	2630	-4.54156495644453
144	2631	0.410625820213818
144	2632	0.141051116951273
145	2633	1.68203334911271
145	2634	3.97555772977096
145	2635	2.11814048530793
146	2636	-0.0296553677616702
146	2637	0.380251355360897
146	2638	-0.508082109135385
147	2639	0.497836037855627
147	2640	1.65683163246566
147	2641	1.67369051669938
148	2642	0.784297270796435
148	2643	1.00186308048275
148	2644	-1.02202828675596
149	2645	1.23017001108188
149	2646	-0.981754376766927
149	2647	0.337637363017108
150	2648	-2.34140890876737
150	2649	3.50354276663852
150	2650	1.09724564035747
151	2651	6.63455798836799
151	2652	-1.17006222908499
151	2653	-1.17652306407554
152	2654	2.17559428328668
152	2655	4.62204900587659
152	2656	2.4425829265047
153	2657	3.58702880752298
153	2658	0.604600377718132
153	2659	-1.36907741986065
154	2660	1.6870045944575
154	2661	2.00043210042471
154	2662	4.79663834319579
155	2663	-1.03224335140716
155	2664	-3.30600153217989
155	2665	0.654614741530661
156	2666	-1.89248140971162
156	2667	-1.6926183517794
156	2668	-0.547818818410765
157	2669	-2.53466570829525
157	2670	2.23625138810097
157	2671	2.89446438454046
158	2672	1.44635670065804
158	2673	1.86611925369562
158	2674	-0.780129449820182
159	2675	1.38979638165576
159	2676	2.42934261734113
159	2677	1.52243516962447
160	2678	1.00026883433755
160	2679	3.44451991241537
160	2680	-4.21859416706508
161	2681	0.352257994158064
161	2682	-4.04355260498233
161	2683	-1.12674108316324
162	2684	2.26396834537891
162	2685	-0.782840065584553
162	2686	0.679436852958439
163	2687	2.97478929794581
163	2688	1.20015096475182
163	2689	-1.74075202158778
164	2690	2.08428083478867
164	2691	3.63524290610352
164	2692	-2.5470903961232
165	2693	0.756051267084049
165	2694	-0.106329035925072
165	2695	1.88778570014976
166	2696	-0.967455833056815
166	2697	-0.572076292308793
166	2698	2.84134459515555
167	2699	3.54508137587191
167	2700	-3.19647583095602
167	2701	1.47933082093739
168	2702	4.2201759740099
168	2703	0.867432563964863
168	2704	1.55942917084092
169	2705	0.051559327748415
169	2706	-2.20677180520333
169	2707	-1.43489195495789
170	2708	-0.414804070980473
170	2709	-2.93987080081976
170	2710	-0.945731784084968
171	2711	1.17990653254402
171	2712	0.335664886486902
171	2713	9.06618700972114
172	2714	2.0416438989888
172	2715	-0.623347844869951
172	2716	-2.61354136247823
173	2717	4.88697527325889
173	2718	9.28005529865318
173	2719	0.563715364557995
174	2720	1.18387803885266
174	2721	-0.483332548829254
174	2722	2.53094172095309
175	2723	2.15225090534473
175	2724	0.797215344369443
175	2725	0.722839432516726
176	2726	-3.61876035227864
176	2727	3.29527589541129
176	2728	-0.184452042264836
177	2729	5.38975772914514
177	2730	0.693307307906136
177	2731	3.75203224272225
178	2732	0.341689641058013
178	2733	2.94149760014406
178	2734	-1.06178951425254
179	2735	-1.06721830530256
179	2736	0.123698750474565
179	2737	0.988789904862152
180	2738	-2.67670256582537
180	2739	1.03870556639602
180	2740	-1.22198234259974
181	2741	2.63528183171891
181	2742	-1.29507608670339
181	2743	3.74552160878281
182	2744	5.46884566248444
182	2745	0.582455221904243
182	2746	3.07487502288046
183	2747	3.57067239557831
183	2748	3.7601028801708
183	2749	1.91641792386508
184	2750	0.731978181611425
184	2751	2.62461238792828
184	2752	3.18189240489403
185	2753	1.19639751820981
185	2754	3.58521731696615
185	2755	-1.49184205901289
186	2756	0.00338772774864826
186	2757	1.93881827444084
186	2758	-0.528850349437615
187	2759	2.98358257552483
187	2760	1.72334842555687
187	2761	2.07300770777994
188	2762	0.27717496294391
188	2763	-3.6979835549205
188	2764	-1.75469464437439
189	2765	2.26212554508844
189	2766	-1.91066784686364
189	2767	-0.445902917971904
190	2768	-4.59666679307674
190	2769	1.71540735495174
190	2770	-3.2407857840246
191	2771	-0.0973155605656255
191	2772	-1.28806480715154
191	2773	-0.867778079540992
192	2774	-0.516024700483143
192	2775	1.83070363642745
192	2776	2.91313673044474
193	2777	2.73859469010982
193	2778	3.11007936738522
193	2779	0.579494819917746
194	2780	1.48288600950573
194	2781	-0.812488968487148
194	2782	4.54292520007159
195	2783	1.88652828372215
195	2784	4.70719950543552
195	2785	-0.477693796377707
196	2786	2.08795272345031
196	2787	3.72884517317105
196	2788	4.38041856184065
197	2789	3.2557222989267
197	2790	-2.84662003387072
197	2791	1.9672377324705
198	2792	2.12361204708541
198	2793	4.68604345490473
198	2794	-0.136712944942033
199	2795	0.426496462184459
199	2796	-0.441658440570817
199	2797	1.77209177102688
200	2798	-0.552967101602205
200	2799	2.38631862550357
200	2800	-0.584771853102416
1	2801	-1.05388085786002
1	2802	3.50780034712471
1	2803	4.2267757731419
2	2804	-2.45195949627346
2	2805	-0.313120078088898
2	2806	0.0841506317905354
3	2807	2.12959481261912
3	2808	2.6397038562854
3	2809	-1.44429942925754
4	2810	2.49712037380771
4	2811	-1.56810103759216
4	2812	3.96404879260468
5	2813	-1.10370843442688
5	2814	-0.268018207259213
5	2815	-0.283806238295663
6	2816	-0.26422813128121
6	2817	0.473146711939546
6	2818	-2.4857637496458
7	2819	-0.858286730024134
7	2820	1.49081496125407
7	2821	-0.937000514738872
8	2822	0.669588006758126
8	2823	1.68322362964283
8	2824	3.03738659316918
9	2825	-2.05615394565817
9	2826	2.10767298065692
9	2827	-2.21179109254301
10	2828	5.92556858369088
10	2829	4.32607741191592
10	2830	-0.518132746675033
11	2831	6.10064239343857
11	2832	5.40074461785174
11	2833	4.73913916330408
12	2834	2.47334215301059
12	2835	-2.94901864565875
12	2836	0.412076313032505
13	2837	0.701873725641313
13	2838	-1.07929481777863
13	2839	0.359721701094944
14	2840	4.58241511045372
14	2841	-0.918042430710645
14	2842	-1.93022651753759
15	2843	-0.0792567417512552
15	2844	0.0284193341465534
15	2845	4.01133645020288
16	2846	-0.31376197590952
16	2847	0.693919714102642
16	2848	-1.47875392748718
17	2849	0.875255317613574
17	2850	4.108035320787
17	2851	0.853963572130446
18	2852	1.41725595072314
18	2853	5.4000990213418
18	2854	4.04735445744136
19	2855	-0.0570015885954206
19	2856	0.526608188432071
19	2857	1.20972809076237
20	2858	-0.806829010878258
20	2859	-4.3727527395244
20	2860	1.11801263462474
21	2861	-3.59173885671902
21	2862	0.639003141778186
21	2863	2.97520673136051
22	2864	1.31858595632609
22	2865	1.69092186206076
22	2866	1.40037643290529
23	2867	2.0399827060042
23	2868	3.50753145592805
23	2869	-3.14484626611939
24	2870	5.38711922359749
24	2871	5.24362851376932
24	2872	1.33238733971371
25	2873	-0.440399007750328
25	2874	2.03573449284886
25	2875	0.942476943573657
26	2876	-0.366649603087339
26	2877	-0.33714409117656
26	2878	3.45696720777313
27	2879	0.00312543767633966
27	2880	1.19209290740232
27	2881	3.62384801413569
28	2882	4.70749440679767
28	2883	0.482578731582578
28	2884	3.50338536947252
29	2885	0.766229088737721
29	2886	-2.1330957369704
29	2887	1.58728852491523
30	2888	1.59722668979196
30	2889	2.98273419007483
30	2890	-2.60298480409656
31	2891	1.34805227677544
31	2892	5.19334265597213
31	2893	2.33956426132099
32	2894	3.43673675918282
32	2895	1.86912684262242
32	2896	1.0437942059475
33	2897	-0.892807675856354
33	2898	-1.52187805392441
33	2899	1.77140309627952
34	2900	0.938364509474444
34	2901	1.38087566690589
34	2902	0.42836868749004
35	2903	1.31783084153376
35	2904	2.6475638832811
35	2905	-0.246102198240519
36	2906	1.58514744474067
36	2907	3.62562204685447
36	2908	4.40256906462598
37	2909	3.13534028204505
37	2910	4.35524292223803
37	2911	3.69877229418814
38	2912	0.101522846468102
38	2913	6.2193988223395
38	2914	0.736040684671126
39	2915	4.20244283136246
39	2916	-2.0677408734496
39	2917	-3.20956826650432
40	2918	0.91916244086475
40	2919	2.75848882247698
40	2920	2.77319272470751
41	2921	0.959154893945894
41	2922	0.884504177219599
41	2923	1.39137383145644
42	2924	0.0162930728342618
42	2925	6.16016778861407
42	2926	1.51253917904757
43	2927	-0.743893615038902
43	2928	1.47740841013458
43	2929	0.0611806675869117
44	2930	-3.55294410919856
44	2931	-2.05277364784928
44	2932	0.896646093305929
45	2933	1.45582553277991
45	2934	1.4364494682114
45	2935	0.0100558928757312
46	2936	1.18910676060042
46	2937	0.536922307606229
46	2938	-1.11737076544794
47	2939	2.48216198065914
47	2940	-2.59188367325191
47	2941	-1.48658163479823
48	2942	1.91902956981287
48	2943	0.794976805921463
48	2944	-3.33622594067077
49	2945	1.90959454723315
49	2946	2.42539970963848
49	2947	3.77704970890635
50	2948	-1.33814363372621
50	2949	-2.27001946765139
50	2950	3.40401815573567
51	2951	0.131711343485491
51	2952	1.63620646793568
51	2953	-5.61806570796414
52	2954	0.513799815673911
52	2955	1.47135103363969
52	2956	0.567377673817107
53	2957	3.02934759211807
53	2958	2.92414592405541
53	2959	2.73893653448288
54	2960	4.40559328008512
54	2961	-0.49791688463656
54	2962	1.72192034908381
55	2963	1.54236939232684
55	2964	-1.915532026335
55	2965	-1.71773027238905
56	2966	-1.09234313027116
56	2967	-0.990830172702609
56	2968	-2.24882068406407
57	2969	-0.732287310773074
57	2970	-0.792766401906162
57	2971	4.51198250299048
58	2972	1.0766680492639
58	2973	-1.25501282749589
58	2974	2.80774521809306
59	2975	0.190847039753846
59	2976	1.9251236663693
59	2977	3.27359711489858
60	2978	5.87114542087021
60	2979	-1.00100637924583
60	2980	2.42206273774859
61	2981	4.90702703495421
61	2982	-2.90574901344124
61	2983	2.4668687556797
62	2984	1.68216761626263
62	2985	-0.0939536680892309
62	2986	-3.93118382331955
63	2987	3.56709271618264
63	2988	0.0930333148285527
63	2989	-0.635548541743442
64	2990	-0.451284740423001
64	2991	4.2785841952629
64	2992	-1.34119332675924
65	2993	-2.9078394819744
65	2994	2.62823713053418
65	2995	1.66700672530162
66	2996	-1.84581366642253
66	2997	-3.3631290600177
66	2998	3.22443218888571
67	2999	-4.15648551253644
67	3000	0.973577482284025
67	3001	2.7199318099598
68	3002	3.78134032945688
68	3003	3.0057134564462
68	3004	0.0444875537429019
69	3005	-0.952855221267318
69	3006	4.68265818482364
69	3007	1.48859076443732
70	3008	2.64519899265048
70	3009	11.5702375461299
70	3010	9.61643729380315
71	3011	3.01817573241682
71	3012	0.679992510516037
71	3013	0.00748082914798176
72	3014	4.50085820555887
72	3015	1.51262155506106
72	3016	3.58757480705405
73	3017	-2.36828153779805
73	3018	-6.11679931250758
73	3019	0.581991992126898
74	3020	-0.5058118786591
74	3021	1.19087817445277
74	3022	4.70957667013384
75	3023	2.50038119543445
75	3024	-1.55728038609053
75	3025	-0.591677143415036
76	3026	-2.22524542536869
76	3027	-0.935862180109069
76	3028	-2.14722914703498
77	3029	-1.71485569718537
77	3030	0.280055789999854
77	3031	1.74597808457816
78	3032	-2.09338658664693
78	3033	0.95186538902246
78	3034	-1.07813908448884
79	3035	0.766726051988752
79	3036	0.908586306073774
79	3037	-1.40628185458684
80	3038	2.96099499031832
80	3039	3.86823615170694
80	3040	5.06660294160925
81	3041	0.566261847080501
81	3042	-0.875625445637879
81	3043	3.0169451983012
82	3044	-1.05487980877897
82	3045	5.47351941948093
82	3046	4.99985927985468
83	3047	3.35236516913314
83	3048	0.459297845620202
83	3049	7.00448478756152
84	3050	3.31218173868322
84	3051	0.186686478329797
84	3052	6.75324633964624
85	3053	-0.584514199564872
85	3054	-0.652845286113907
85	3055	-0.023642582997121
86	3056	3.0499614745784
86	3057	0.587166791453278
86	3058	-0.00244708370894942
87	3059	4.55399944508812
87	3060	3.09963673817035
87	3061	0.193289292906654
88	3062	-1.06373527179996
88	3063	3.22008939071357
88	3064	-3.84877857876914
89	3065	2.97025694866351
89	3066	2.49864216965296
89	3067	3.75854823775565
90	3068	2.56177517561338
90	3069	4.88578224432971
90	3070	3.38305387628735
91	3071	2.90011058827362
91	3072	0.348648508313791
91	3073	3.96205266499919
92	3074	2.1304705885647
92	3075	2.48142711101249
92	3076	3.62353204818254
93	3077	0.890032976045584
93	3078	5.21932180331348
93	3079	4.13913195761215
94	3080	-1.9740419191536
94	3081	0.515375494291676
94	3082	1.228039464328
95	3083	1.87877677617314
95	3084	3.95422141554141
95	3085	2.32030654200406
96	3086	0.762266948878756
96	3087	-2.52308215157751
96	3088	3.26722146289061
97	3089	0.627386428108884
97	3090	-1.0911234573948
97	3091	0.712719371230393
98	3092	0.735190180398126
98	3093	0.715944282080875
98	3094	2.58749040194107
99	3095	-0.0471123680368445
99	3096	-4.50351710618709
99	3097	2.70049318958109
100	3098	1.30966227588788
100	3099	-1.2724018054968
100	3100	0.592729197801482
101	3101	1.65695089000592
101	3102	0.537618394452137
101	3103	2.63115358942299
102	3104	0.420447882639846
102	3105	-2.06618972863047
102	3106	1.90644121479377
103	3107	0.140598217824683
103	3108	-1.77566492819635
103	3109	0.0208217182608117
104	3110	1.29360673902365
104	3111	-0.327172234278022
104	3112	3.2502471671205
105	3113	2.72037613853491
105	3114	-0.00194786067493347
105	3115	-0.918885783369341
106	3116	2.12939693860223
106	3117	0.74489499163481
106	3118	3.9818008634701
107	3119	1.91304888559932
107	3120	0.792221118625244
107	3121	0.991870647436795
108	3122	-0.596276202903844
108	3123	4.41749603513565
108	3124	6.22414953717417
109	3125	3.45593589237316
109	3126	1.01339875426103
109	3127	-2.58846274064502
110	3128	3.08216783432112
110	3129	2.73556146486308
110	3130	3.57744460573394
111	3131	1.57713612607662
111	3132	0.0782060401189599
111	3133	0.996629261766696
112	3134	2.1852185357229
112	3135	0.833865476022659
112	3136	3.13920170962437
113	3137	-0.612231049658002
113	3138	-1.14095463106721
113	3139	-0.570345060342809
114	3140	0.556940315841356
114	3141	2.43762239645563
114	3142	2.69529882894465
115	3143	-3.80854328229325
115	3144	-2.05382175557046
115	3145	-0.562854373594002
116	3146	0.624320797214722
116	3147	3.89867321772964
116	3148	0.315461659449215
117	3149	4.57278997917253
117	3150	-0.652051465738212
117	3151	-0.399383070482246
118	3152	2.17332323604071
118	3153	1.2405097873463
118	3154	2.58412968083507
119	3155	-3.06843899634095
119	3156	-1.64053304922609
119	3157	-3.11814342860447
120	3158	-0.667501197586439
120	3159	0.0238904889668932
120	3160	-0.822223858374259
121	3161	0.366113282278661
121	3162	1.91648373213891
121	3163	2.40983638359543
122	3164	0.584278062596437
122	3165	-1.8855981186804
122	3166	1.56443505707476
123	3167	3.01275615067404
123	3168	3.37931310583088
123	3169	2.45756944744892
124	3170	2.85475334677718
124	3171	-2.54948862647942
124	3172	-0.397625302157823
125	3173	1.88695595590331
125	3174	-0.804818017960065
125	3175	3.00010427572095
126	3176	1.18572486051476
126	3177	-0.0705862093943422
126	3178	-0.857976041706623
127	3179	0.766199691831857
127	3180	-0.132286975879813
127	3181	-0.758849839445016
128	3182	-0.107171754343621
128	3183	2.44315308111158
128	3184	3.56746659152997
129	3185	2.45828833030811
129	3186	1.50726244439139
129	3187	2.00677725005984
130	3188	0.518851749100106
130	3189	3.38166429619437
130	3190	5.79815185650234
131	3191	1.78396100361109
131	3192	3.07356038417381
131	3193	1.16798819039157
132	3194	1.38377244639522
132	3195	-1.12481970828104
132	3196	3.22621800020405
133	3197	0.949855011076679
133	3198	3.0834709246575
133	3199	4.57298420885867
134	3200	0.812934939534533
134	3201	-2.49541235280009
134	3202	-1.91585853632828
135	3203	-0.0342454908935999
135	3204	2.14157171531033
135	3205	2.28201109035528
136	3206	-0.766379814938884
136	3207	2.05613806663947
136	3208	2.71478140451803
137	3209	3.38234231902304
137	3210	3.73812527392691
137	3211	2.07861640472863
138	3212	1.23616565814698
138	3213	4.00825858164191
138	3214	1.80228427310463
139	3215	2.01490885089033
139	3216	-4.40170872071166
139	3217	-0.574990734720546
140	3218	-2.19808056344425
140	3219	-4.12131821073171
140	3220	1.21637857304809
141	3221	0.953910617018702
141	3222	0.375089824418936
141	3223	1.61565115009211
142	3224	1.89891882435462
142	3225	0.664860788848504
142	3226	0.471753466809172
143	3227	1.71027236444236
143	3228	3.66527936745689
143	3229	4.13095787899282
144	3230	-1.07098589727411
144	3231	0.543629485235171
144	3232	2.39798469769326
145	3233	1.6668083034253
145	3234	2.33964876061827
145	3235	-2.13671889889278
146	3236	-0.177462456645735
146	3237	1.22029727282829
146	3238	-1.50981310565579
147	3239	3.05112008038338
147	3240	1.13000787428685
147	3241	-0.892486094521291
148	3242	-0.958934318340638
148	3243	3.86379462672423
148	3244	-0.234880048003803
149	3245	2.13143401919901
149	3246	-0.0528312067535868
149	3247	2.83941682637136
150	3248	6.57459228825752
150	3249	1.74043348316362
150	3250	1.77553396190409
151	3251	2.44929605590774
151	3252	3.27788718982534
151	3253	-1.13058749945911
152	3254	3.71831019588862
152	3255	4.69725794223467
152	3256	1.66133187590194
153	3257	1.87297664476603
153	3258	2.31264848553765
153	3259	1.27755644517504
154	3260	4.42382303851026
154	3261	2.94182406842831
154	3262	3.47045007077992
155	3263	-3.48367515716224
155	3264	-2.77075462595818
155	3265	-2.26056076085281
156	3266	1.57464739325062
156	3267	3.9948085737653
156	3268	1.33610672690657
157	3269	-2.72325440791156
157	3270	-2.0912391846977
157	3271	-2.13292944803056
158	3272	-3.33715271126131
158	3273	2.22274602587598
158	3274	1.6810385190307
159	3275	1.33944746645576
159	3276	1.04179707190072
159	3277	-4.44565940281031
160	3278	-0.783582500988725
160	3279	-0.0411353848938782
160	3280	-2.42898096358696
161	3281	0.310354314720889
161	3282	3.09520463415805
161	3283	-1.96748203693239
162	3284	-4.91078764035199
162	3285	2.69886157055411
162	3286	0.52855477612953
163	3287	4.34973802511353
163	3288	-0.100792300917068
163	3289	3.75904516415308
164	3290	0.972531323270839
164	3291	-1.4709358408515
164	3292	-0.592451175624711
165	3293	-0.874670746470977
165	3294	5.62199634660206
165	3295	4.76864749310104
166	3296	3.78708181494828
166	3297	0.856036023274914
166	3298	2.42742893840282
167	3299	1.89625153775771
167	3300	6.2846853694553
167	3301	3.4760683781314
168	3302	0.345538140547323
168	3303	3.88110086359753
168	3304	1.11373967525807
169	3305	-2.4414500400956
169	3306	-0.138757549743093
169	3307	2.04560203107565
170	3308	0.406263456623237
170	3309	1.28833792405028
170	3310	-2.15414869128541
171	3311	1.22012930569639
171	3312	2.59291391256699
171	3313	1.22478685004416
172	3314	3.60684683610449
172	3315	0.432683706107399
172	3316	2.74696507129591
173	3317	2.79178060441222
173	3318	0.119658305912604
173	3319	0.464954760477102
174	3320	2.66053195856317
174	3321	-0.261509183213056
174	3322	3.25469932812203
175	3323	0.0824796083931165
175	3324	-2.7158836821506
175	3325	1.42101135724336
176	3326	1.3277423811495
176	3327	3.3335216160398
176	3328	1.24360070129211
177	3329	1.33266067885443
177	3330	-0.0225232896690772
177	3331	6.00308644480532
178	3332	3.50667033318655
178	3333	0.591224787534746
178	3334	2.04312003057555
179	3335	-3.92384804974235
179	3336	2.34118406825616
179	3337	-2.70466386619431
180	3338	2.50617439761426
180	3339	0.566548901788047
180	3340	-0.958362534177942
181	3341	3.14777273432543
181	3342	-1.43171818136892
181	3343	-0.914909024198448
182	3344	0.963485795485885
182	3345	-0.901921903006173
182	3346	0.96644383238969
183	3347	-0.475119856582194
183	3348	1.2518658381588
183	3349	0.190857074225016
184	3350	0.312401599327232
184	3351	0.845353378812609
184	3352	-0.163557208218764
185	3353	0.800619742296286
185	3354	0.281907268055444
185	3355	3.20406603022446
186	3356	3.48341405308125
186	3357	-2.00091948445389
186	3358	5.50100584503055
187	3359	2.50571023104018
187	3360	-4.46784408714661
187	3361	0.950639643568736
188	3362	4.97202284755785
188	3363	-0.566053493064177
188	3364	4.76333957566106
189	3365	-1.34052713919829
189	3366	-1.5053752448045
189	3367	1.34753023381022
190	3368	3.19586159414638
190	3369	5.48907943182066
190	3370	0.385678229319159
191	3371	3.53897961080294
191	3372	4.02895454665138
191	3373	0.353172326424909
192	3374	-5.33342371856152
192	3375	2.89298569848281
192	3376	-6.54856544486381
193	3377	0.969290288567263
193	3378	-0.667941045714622
193	3379	-0.270770075904237
194	3380	1.97629041999971
194	3381	3.81687053445358
194	3382	4.72398703645648
195	3383	0.929736679993711
195	3384	-1.69864040381631
195	3385	1.85321583085791
196	3386	2.31636151052984
196	3387	0.379494182669746
196	3388	0.617591747748182
197	3389	5.25448328391768
197	3390	2.36200917621473
197	3391	4.04885986509885
198	3392	-0.369358607106797
198	3393	1.1441467010858
198	3394	-0.65820571851037
199	3395	0.549002366336466
199	3396	-1.48940527785146
199	3397	-4.85564215141991
200	3398	2.3258161374852
200	3399	0.860411220464952
200	3400	3.83113903036409
201	3401	-1.2360407130402
201	3402	1.12070065310801
202	3403	3.90554138004858
202	3404	2.99097778595727
203	3405	2.0155557551785
203	3406	0.254988323192097
204	3407	-3.060484973356
204	3408	2.18273953456143
205	3409	-1.28064150080951
205	3410	-2.86760836387639
206	3411	2.4003567861522
206	3412	2.24510199355735
207	3413	0.341799757846385
207	3414	4.03000593241901
208	3415	4.02433054604963
208	3416	5.12194001486045
209	3417	-1.39300984485962
209	3418	2.73890475747844
210	3419	2.62423975173554
210	3420	0.908548929790793
211	3421	-0.910621735342747
211	3422	3.894377480548
212	3423	1.5929623344645
212	3424	2.85595269870053
213	3425	2.21858145675732
213	3426	-4.32834899035256
214	3427	-2.07788518145676
214	3428	0.542823105922985
215	3429	1.70087179373672
215	3430	-0.431465215552082
216	3431	1.83665421075292
216	3432	-1.57828616833924
217	3433	1.30409934812056
217	3434	2.70866560178343
218	3435	2.03391456228132
218	3436	0.940085929468974
219	3437	3.12177140519688
219	3438	1.11009132078903
220	3439	2.57054450820516
220	3440	3.31366386918007
221	3441	1.88057529205717
221	3442	5.09047491262464
222	3443	-0.3311509391457
222	3444	-4.3021353581549
223	3445	-0.151655523145129
223	3446	1.35190929947184
224	3447	2.1936744545378
224	3448	-1.60632776227842
225	3449	3.24072117313253
225	3450	3.87889392914991
226	3451	0.00396422943131736
226	3452	-0.738712785774992
227	3453	-1.61117794351547
227	3454	1.49850535471635
228	3455	3.64805460878415
228	3456	5.60112133089459
229	3457	-1.59498834360051
229	3458	0.985494853189064
230	3459	-1.60970209060711
230	3460	3.48552718981051
231	3461	3.49069523850582
231	3462	-1.61179863047664
232	3463	-0.620366132892228
232	3464	-1.12483525524493
233	3465	-4.87314826602223
233	3466	-3.1715244412603
234	3467	-0.281687305768292
234	3468	0.892921473995427
235	3469	-3.73280438544989
235	3470	-0.38502286448511
236	3471	-0.666418622869347
236	3472	-2.06204888629147
237	3473	2.18236895670081
237	3474	-4.01873344952536
238	3475	-0.844677099265485
238	3476	-0.331080796650778
239	3477	-2.55963946038345
239	3478	-0.525443038103659
240	3479	-0.857866925666163
240	3480	0.359603820988191
241	3481	-0.288157677427749
241	3482	1.63168374336889
242	3483	2.58430604008141
242	3484	2.44657188350571
243	3485	1.2491973571849
243	3486	1.77837151683885
244	3487	-0.949576683183265
244	3488	1.31652393222095
245	3489	6.10718072703503
245	3490	4.30545646553592
246	3491	-0.629802052584385
246	3492	6.59530983508565
247	3493	-0.828875159004432
247	3494	-4.04085939115051
248	3495	-0.480910743455375
248	3496	4.35922450136317
249	3497	3.69502357021345
249	3498	0.636475046741513
250	3499	0.944939703090435
250	3500	5.92777171538424
251	3501	3.16655788148201
251	3502	2.91568916203852
252	3503	-0.246141723752129
252	3504	-1.73219802156673
253	3505	3.17280419131309
253	3506	-1.05033408104408
254	3507	-2.25104438821225
254	3508	1.07133208241938
255	3509	-0.815760002368029
255	3510	2.12691951427483
256	3511	0.855575325381065
256	3512	5.38945247848904
257	3513	-1.83947567272634
257	3514	2.31689078525102
258	3515	5.22151644058778
258	3516	3.06418679604938
259	3517	3.83664697706433
259	3518	-0.302461520877447
260	3519	4.23462679012428
260	3520	0.567612775726762
261	3521	1.45397593298027
261	3522	-3.21735730768693
262	3523	-0.317498456377264
262	3524	-0.342574815970571
263	3525	3.79421191335309
263	3526	-0.72666817680869
264	3527	2.85061482077876
264	3528	5.15406616935037
265	3529	-0.75855803583942
265	3530	-0.229870447951654
266	3531	2.52676612356108
266	3532	2.12094012326869
267	3533	5.61933335403797
267	3534	3.73248296157431
268	3535	1.08739499269786
268	3536	-0.0886640971850837
269	3537	-0.916030868108024
269	3538	4.93722905563455
270	3539	1.02039419678944
270	3540	2.74875600640609
271	3541	2.51896157862297
271	3542	1.30061059878856
272	3543	-0.0645583778999417
272	3544	-2.33118354974143
273	3545	2.31062430254895
273	3546	0.0572453216146047
274	3547	-2.58469938046136
274	3548	1.85596106303232
275	3549	2.2343341922016
275	3550	2.52288124001444
276	3551	0.92601365264251
276	3552	-0.340645585088874
277	3553	6.92574947779943
277	3554	-4.18256625122696
278	3555	0.201059812809751
278	3556	3.49225852523357
279	3557	0.442059526082127
279	3558	5.63959434925437
280	3559	1.06963089282542
280	3560	1.0502864030229
281	3561	0.505294706300225
281	3562	2.08316227122883
282	3563	-2.90420840715785
282	3564	5.66597585728292
283	3565	1.20906403767265
283	3566	2.25870647635538
284	3567	1.41011744751706
284	3568	-1.95106057942553
285	3569	1.84909732811023
285	3570	0.896649794867488
286	3571	-1.21118770397127
286	3572	1.51743779961835
287	3573	0.172201913177278
287	3574	-1.93393408921285
288	3575	1.37455775391158
288	3576	3.42987084140238
289	3577	2.06738428674287
289	3578	2.85289742695462
290	3579	1.69816020242265
290	3580	1.17128203019867
291	3581	-0.827750198777845
291	3582	-3.57165746350524
292	3583	3.08914519011025
292	3584	2.0031318945396
293	3585	2.9585259176247
293	3586	2.41368971151568
294	3587	1.27976464754694
294	3588	-2.36638420794596
295	3589	-0.804995908075907
295	3590	-3.66806880286417
296	3591	5.50104248548233
296	3592	4.21825797174293
297	3593	3.26479558682955
297	3594	-0.873096948085287
298	3595	0.950144822524829
298	3596	-0.466400051985656
299	3597	-0.395558491588256
299	3598	-0.102959487478239
300	3599	3.8861620987282
300	3600	-0.746393942339335
301	3601	1.43660430374365
301	3602	0.11710622832155
302	3603	-1.61477179907418
302	3604	4.00949815264368
303	3605	5.3578106591935
303	3606	-4.81992060740427
304	3607	-2.5524778175737
304	3608	0.780028490038716
305	3609	0.568666578639474
305	3610	0.215012698079184
306	3611	-0.904902394225833
306	3612	-0.2562521684146
307	3613	-0.235742293331956
307	3614	0.198661398280642
308	3615	3.72260559076311
308	3616	0.228869579974274
309	3617	-1.49066935466117
309	3618	-0.0385082830321402
310	3619	2.38390042752405
310	3620	0.256800521940437
311	3621	0.37740980831385
311	3622	-0.743868012692128
312	3623	1.80841450473242
312	3624	0.849462893731979
313	3625	2.45046287104758
313	3626	-1.46776686408601
314	3627	-1.94994424313967
314	3628	1.14899108393573
315	3629	-1.58088921467885
315	3630	-1.35673742787435
316	3631	-3.27479541462629
316	3632	-0.992866138179475
317	3633	3.15363573712405
317	3634	1.0267696150622
318	3635	-0.329426722107113
318	3636	0.0151695885285115
319	3637	2.82416344534566
319	3638	-0.575109207820954
320	3639	0.221799415754433
320	3640	2.14930985137866
321	3641	0.535893777496385
321	3642	5.01720253595837
322	3643	-0.211635432466805
322	3644	1.32467313129577
323	3645	1.75563581776365
323	3646	0.520086825719945
324	3647	-0.165993052959154
324	3648	3.41348183437346
325	3649	-0.6077675972417
325	3650	1.8159353279278
326	3651	3.8184915429617
326	3652	4.39493238948445
327	3653	-1.49312121113813
327	3654	1.23687815463618
328	3655	3.85766703707497
328	3656	-1.9470494109245
329	3657	0.133940973780858
329	3658	4.17743852707092
330	3659	2.12446762631557
330	3660	0.0622908996714424
331	3661	-1.44858442939737
331	3662	6.32327076810842
332	3663	1.34525541219122
332	3664	3.00482815754988
333	3665	-7.17379219163316
333	3666	1.59147084030634
334	3667	0.801709796687702
334	3668	6.37366607565692
335	3669	-0.444252660762685
335	3670	1.91197991147364
336	3671	-0.599854431791346
336	3672	1.0088568927056
337	3673	3.01685196773401
337	3674	3.85198038027476
338	3675	0.563414278415737
338	3676	-2.7390946347075
339	3677	4.85040300016901
339	3678	3.51245725224765
340	3679	0.744699291291494
340	3680	-1.76215398956196
341	3681	0.886820204515128
341	3682	1.11077174219963
342	3683	0.477019082357025
342	3684	-0.0511050605591845
343	3685	0.298505229557487
343	3686	4.63337063757718
344	3687	-4.40160550058829
344	3688	0.540621780131164
345	3689	5.55517993789388
345	3690	-1.50145452765304
346	3691	0.106216346762899
346	3692	4.83883272885879
347	3693	3.28568074633575
347	3694	-2.25046701998517
348	3695	-0.623924951642781
348	3696	-0.130976462518781
349	3697	0.608407524637669
349	3698	1.40912896895567
350	3699	1.10967164645961
350	3700	3.12638582749211
351	3701	0.353944784256087
351	3702	-2.42661177160315
352	3703	1.20903510027185
352	3704	-0.0440649641944215
353	3705	5.1031273305974
353	3706	-1.15118156713977
354	3707	9.56474266465515
354	3708	-1.09264322167945
355	3709	0.923686432762098
355	3710	-2.95414913800708
356	3711	-1.64335091161418
356	3712	2.00201386411819
357	3713	-3.04832776404805
357	3714	-3.66110259202139
358	3715	2.14339640629833
358	3716	5.52471793447236
359	3717	3.01366088941238
359	3718	-2.63674977023568
360	3719	-0.0563273165812446
360	3720	-1.28250016840322
361	3721	-1.43008167910796
361	3722	3.31053306628948
362	3723	6.0331986634691
362	3724	-1.31667418748258
363	3725	0.487659699532776
363	3726	-3.37530226099932
364	3727	1.48526008616485
364	3728	0.986041160508213
365	3729	-0.515285160816565
365	3730	2.89185216168273
366	3731	-3.91062696542773
366	3732	2.5005882638251
367	3733	-0.771073213957387
367	3734	1.46760706058957
368	3735	0.862866629856374
368	3736	0.334852765255271
369	3737	-2.37853414169659
369	3738	2.00029319142066
370	3739	6.52099833181228
370	3740	-1.96853317923706
371	3741	-1.51309823543506
371	3742	0.627810131630057
372	3743	1.97402756053989
372	3744	0.87268905635142
373	3745	-0.881791867602376
373	3746	0.0434647256264131
374	3747	1.37785243335318
374	3748	-3.11097176512811
375	3749	0.874211991921245
375	3750	0.894628645728017
376	3751	-3.31761049624535
376	3752	-1.56573132643802
377	3753	4.67584453515228
377	3754	1.74269127113442
378	3755	-2.45643361183017
378	3756	-0.51135345038929
379	3757	-0.883487054039347
379	3758	-0.453894559165742
380	3759	2.21357699212165
380	3760	-2.40890016789612
381	3761	2.73155951241203
381	3762	2.37241312495781
382	3763	0.321326459729822
382	3764	-0.812095266359326
383	3765	1.95546734802127
383	3766	-1.39052808211322
384	3767	5.31725508746777
384	3768	3.44058570440709
385	3769	4.20639307508449
385	3770	-0.797272498585028
386	3771	2.91090717528542
386	3772	3.98464637623194
387	3773	4.17846824344597
387	3774	2.53762620688382
388	3775	0.787820493537033
388	3776	-0.106145339318611
389	3777	2.11004519697655
389	3778	6.21105465064841
390	3779	-2.95285521982204
390	3780	5.04235288753118
391	3781	0.596797166721901
391	3782	-0.276644024293457
392	3783	1.46797603202049
392	3784	5.8033081093129
393	3785	2.22512820894709
393	3786	-0.166333257228232
394	3787	3.02125778620967
394	3788	2.04199943134711
395	3789	-3.5424499404872
395	3790	1.39006298638068
396	3791	-0.683997577048179
396	3792	2.47187678466314
397	3793	1.76898378942064
397	3794	-2.2313048124018
398	3795	0.831441066839589
398	3796	2.6007378077183
399	3797	-1.13854019582544
399	3798	-2.77757939607088
400	3799	-2.56532595500013
400	3800	-0.0185440837906037
401	3801	-0.808082930460793
401	3802	-0.13284093894369
402	3803	-1.37391044993083
402	3804	1.2437194318487
403	3805	-2.8511813761191
403	3806	2.32075699692371
404	3807	3.68579517228613
404	3808	-1.36886762849347
405	3809	1.80334967639726
405	3810	-3.33808941337895
406	3811	0.407993993025299
406	3812	-0.866062459394144
407	3813	0.861931741376548
407	3814	-3.00353751262019
408	3815	3.31709752681202
408	3816	1.39842208394913
409	3817	2.48835724693919
409	3818	-1.61818351998854
410	3819	2.63152768885586
410	3820	2.22070163571779
411	3821	-0.500666742907853
411	3822	2.62420016752308
412	3823	3.43882917059633
412	3824	6.50586880143153
413	3825	4.51626515524936
413	3826	5.67837485129152
414	3827	6.89735548478666
414	3828	2.07620788676238
415	3829	2.47657600118581
415	3830	-1.88902442692169
416	3831	0.556157210732618
416	3832	-2.04337773671901
417	3833	4.46255398381583
417	3834	-1.72805514253793
418	3835	0.304567380783627
418	3836	2.19247954908879
419	3837	0.892308997548405
419	3838	6.10031691078846
420	3839	-0.339815009508008
420	3840	-0.548626627637269
421	3841	-3.15146322137152
421	3842	1.26672121559655
422	3843	-3.10031404593786
422	3844	-0.0999510213860724
423	3845	2.80049678519033
423	3846	1.54309931115336
424	3847	-0.453671276527442
424	3848	-0.104828065863251
425	3849	-2.00744150989792
425	3850	5.58128999058963
426	3851	0.243864238480147
426	3852	-0.505816891703954
427	3853	2.43617261994441
427	3854	-3.26807850096204
428	3855	6.31208375820612
428	3856	0.264538233987792
429	3857	3.53765821148124
429	3858	-2.74880173400318
430	3859	2.24703543995568
430	3860	1.298430796784
431	3861	1.6877531357363
431	3862	3.26245318335966
432	3863	1.76127236945488
432	3864	2.79644471794253
433	3865	1.61092215524394
433	3866	-3.50562001065247
434	3867	-0.299354820595511
434	3868	3.76168644696929
435	3869	2.45467620464874
435	3870	-3.59935773680546
436	3871	0.367142519442059
436	3872	2.51996811850584
437	3873	-1.6194834312944
437	3874	0.449300194112319
438	3875	-2.64406197560079
438	3876	-0.623333952380637
439	3877	-1.01867842446189
439	3878	1.7629745603541
440	3879	-2.51369769281954
440	3880	2.12079570707797
441	3881	5.42050622806374
441	3882	1.33502862385054
442	3883	5.18954159639382
442	3884	-1.32038997319181
443	3885	-2.43888019592479
443	3886	0.900324251425442
444	3887	1.48322901395958
444	3888	-1.57357503155107
445	3889	1.80689133475983
445	3890	0.424209456894703
446	3891	-0.780634210136299
446	3892	0.230050831507458
447	3893	3.15117770011156
447	3894	-2.06260455865999
448	3895	-1.40294807737414
448	3896	4.56387447756027
449	3897	-0.385589857369148
449	3898	-0.599586456086637
450	3899	2.40560426122627
450	3900	1.37647712124731
451	3901	1.46513259920268
451	3902	0.862360430969988
452	3903	2.50235390561039
452	3904	5.79077653395956
453	3905	1.55464250404443
453	3906	4.72271410544509
454	3907	4.34407971692083
454	3908	-0.607504578826333
455	3909	-0.152499488596053
455	3910	-0.190490197725466
456	3911	-0.962721533741641
456	3912	-1.79891679264227
457	3913	-1.13034972642454
457	3914	-0.876058140525627
458	3915	1.73381372173678
458	3916	-0.801682184701148
459	3917	-1.58544242372937
459	3918	-0.123630796813946
460	3919	4.36413574589681
460	3920	-1.77383062176273
461	3921	-2.93539321560187
461	3922	-1.22202170560273
462	3923	-0.374109657557359
462	3924	1.84088832428499
463	3925	0.746268222157703
463	3926	1.14793256177277
464	3927	5.45120239256495
464	3928	1.95511604385548
465	3929	3.36741836454899
465	3930	3.48207651957421
466	3931	-0.865517480160444
466	3932	0.969711421637173
467	3933	1.86141888987307
467	3934	3.4805353321897
468	3935	-2.28088207142843
468	3936	-0.0127833160967992
469	3937	-1.26177817827351
469	3938	4.054558642817
470	3939	-1.40554575564289
470	3940	1.14972841692465
471	3941	1.61357226994598
471	3942	1.17054699905177
472	3943	2.16242121190847
472	3944	0.271028905084786
473	3945	0.651469533335043
473	3946	2.34833345391615
474	3947	0.00365714305843001
474	3948	3.85952594368726
475	3949	-3.18355419752377
475	3950	2.46200508492323
476	3951	-1.19178578264226
476	3952	0.834830159893685
477	3953	5.98655004698945
477	3954	4.08459095501556
478	3955	2.69700032459228
478	3956	1.12632858218559
479	3957	1.95563529066002
479	3958	3.1193671332485
480	3959	4.15771044133195
480	3960	1.61583223288684
481	3961	0.082976716252245
481	3962	1.5710538115659
482	3963	1.13869161729001
482	3964	-0.496885421582811
483	3965	0.477726271190077
483	3966	2.6917471650068
484	3967	1.07833439618541
484	3968	1.79179006883687
485	3969	0.313602840274778
485	3970	0.671804303634255
486	3971	2.57706050889128
486	3972	-3.57119321439263
487	3973	1.00690459846502
487	3974	1.35859578878389
488	3975	0.934578405133184
488	3976	-2.59836437455527
489	3977	1.09589099101635
489	3978	1.80759964658126
490	3979	-1.41584236524184
490	3980	-0.357956130289603
491	3981	2.52390882345271
491	3982	-2.79165732983832
492	3983	1.41978631568641
492	3984	4.40955204341387
493	3985	-0.279225158641129
493	3986	-0.68567921562037
494	3987	1.94158330624452
494	3988	-0.0374742333729818
495	3989	0.615676795721714
495	3990	4.61182456688524
496	3991	1.85394416144094
496	3992	-1.58587997189352
497	3993	-2.21869826553581
497	3994	-0.952820319200929
498	3995	2.35493862959995
498	3996	-2.39652951908596
499	3997	3.70212084872676
499	3998	1.59885178619735
500	3999	-0.311606832274776
500	4000	1.10375817279332
501	4001	-1.95452571480824
501	4002	0.689422270342665
502	4003	2.12920145460779
502	4004	0.579303596376246
503	4005	-2.02868404087586
503	4006	3.05278406895355
504	4007	-5.32522971050063
504	4008	2.3299476408885
505	4009	2.82226467539489
505	4010	1.29031132660937
506	4011	-3.14706137603187
506	4012	-2.07306724704214
507	4013	-2.69293840355634
507	4014	-0.108992834064736
508	4015	1.10770896757649
508	4016	4.52341112130667
509	4017	-0.792330123514594
509	4018	2.5979196444309
510	4019	0.378242355878694
510	4020	-2.48366801070658
511	4021	0.455020337559596
511	4022	-0.8918722096009
512	4023	1.36788299625496
512	4024	1.72377847566997
513	4025	1.84377059261068
513	4026	0.636061241732724
514	4027	0.116014320854252
514	4028	4.81500725753611
515	4029	-2.97327921323756
515	4030	4.13038425012752
516	4031	-0.5737735047103
516	4032	0.225858170164461
517	4033	6.09167204361146
517	4034	-1.85306521612999
518	4035	-0.656510961914698
518	4036	3.02155706322415
519	4037	1.8590939083102
519	4038	3.05087947996278
520	4039	2.11642410584885
520	4040	1.25664661681609
521	4041	0.92779896898341
521	4042	2.59278164970111
522	4043	5.50458178908325
522	4044	-2.40545258144198
523	4045	3.53897779998781
523	4046	5.78648012483015
524	4047	2.9787570523548
524	4048	-1.20077641261432
525	4049	7.45773315681932
525	4050	-2.41908950629556
526	4051	1.26568797262408
526	4052	-0.0330460676315315
527	4053	1.50931428484018
527	4054	-0.309095621539875
528	4055	2.66993110496318
528	4056	0.791148789622829
529	4057	1.65622929880196
529	4058	1.51894055259254
530	4059	0.51856653539986
530	4060	-0.932526934813122
531	4061	2.53759103058193
531	4062	5.14765428705302
532	4063	1.52684007579739
532	4064	-1.30356331842565
533	4065	0.695494702848429
533	4066	1.82988714122967
534	4067	1.61618122884999
534	4068	3.62993599875252
535	4069	2.29878836461226
535	4070	-1.19239710124596
536	4071	0.929110423805631
536	4072	4.84440017073242
537	4073	1.0146677782845
537	4074	2.32041663853422
538	4075	-0.606221255721085
538	4076	1.69267433188295
539	4077	0.146224433587643
539	4078	-2.66073059971104
540	4079	-0.747330650931591
540	4080	0.262787417256991
541	4081	-0.315187023508325
541	4082	1.97694505755397
542	4083	1.24836231734921
542	4084	2.59234973129396
543	4085	0.280641561381462
543	4086	-0.67476797393262
544	4087	4.31449454328014
544	4088	0.471178605078727
545	4089	4.15048621731879
545	4090	-2.42956718692661
546	4091	0.410026450107369
546	4092	3.06199093257163
547	4093	0.0404207181865758
547	4094	0.592743740275521
548	4095	3.67602057156011
548	4096	-0.745601843490488
549	4097	0.876953567900601
549	4098	-2.39451604526422
550	4099	0.762686916525606
550	4100	-1.14142489706008
551	4101	2.59544163932569
551	4102	1.84474459124806
552	4103	2.96604857605402
552	4104	-1.56262828612477
553	4105	-2.08271217437084
553	4106	-3.18449835441608
554	4107	2.15038426115136
554	4108	2.16299468051757
555	4109	2.14904143966642
555	4110	1.81976610053375
556	4111	1.37672621480169
556	4112	0.694454199597798
557	4113	-1.14248627835801
557	4114	3.43662674831566
558	4115	-2.29220111081094
558	4116	3.95181727714304
559	4117	-4.33273877803223
559	4118	-0.946089857762111
560	4119	-1.7433618828341
560	4120	1.64202079017821
561	4121	-1.78567064456337
561	4122	0.3356111268095
562	4123	-1.69666980926844
562	4124	0.919743576255692
563	4125	-3.21905142533023
563	4126	0.505578543766926
564	4127	-1.50892412956993
564	4128	0.727784646658089
565	4129	-1.73673064418173
565	4130	-0.38217832122267
566	4131	4.37386517377829
566	4132	2.00576655505652
567	4133	2.51215834673984
567	4134	1.14299939444884
568	4135	3.72831812055552
568	4136	-2.87999890385201
569	4137	-0.563937030981679
569	4138	3.16822133278549
570	4139	0.91886879565457
570	4140	-0.0701231056377333
571	4141	2.7439194816341
571	4142	1.45793797698819
572	4143	1.26965911957467
572	4144	3.46006642023649
573	4145	4.27994121772347
573	4146	0.786829606083318
574	4147	1.76350975238785
574	4148	0.46287954620877
575	4149	-0.26143280796204
575	4150	4.70746246662024
576	4151	-0.393405284682542
576	4152	3.67330016218285
577	4153	-0.592887156114321
577	4154	3.550959130092
578	4155	6.54569051939383
578	4156	0.68098844712482
579	4157	0.361550093341368
579	4158	0.164554396858259
580	4159	0.609923569369124
580	4160	0.477810819789003
581	4161	-2.19200714586413
581	4162	5.58256959085375
582	4163	-0.604505187046321
582	4164	0.101365040441453
583	4165	-2.23132833307003
583	4166	-1.37183250839107
584	4167	-0.969972360878324
584	4168	2.85321099316352
585	4169	3.47350548941526
585	4170	4.76052329461599
586	4171	4.29542219517013
586	4172	0.788687699611721
587	4173	3.43878535893106
587	4174	0.974476605606005
588	4175	-0.42663218538929
588	4176	0.873303886926577
589	4177	0.833429028263743
589	4178	0.774859988217905
590	4179	3.06826808367374
590	4180	1.05993402114789
591	4181	-2.72362135777644
591	4182	-3.80445169113246
592	4183	-0.947967612226741
592	4184	0.847954884103535
593	4185	-0.334636307401226
593	4186	3.15733647602195
594	4187	-0.0372805907824884
594	4188	2.12905329127813
595	4189	-1.40415091464234
595	4190	-2.04762440401474
596	4191	1.63231438083506
596	4192	2.87397670395088
597	4193	2.32400415095723
597	4194	3.76499102026145
598	4195	2.87249868833589
598	4196	2.09157743852769
599	4197	0.812250073873565
599	4198	-1.23603734374738
600	4199	0.969647970304296
600	4200	-1.86454561378265
601	4201	2.58390432956798
601	4202	2.44841347793661
602	4203	-5.54854950243129
602	4204	-0.0159629317076044
603	4205	2.85322620982265
603	4206	3.65557361688362
604	4207	-2.70001564714539
604	4208	1.4645332174819
605	4209	3.05513255285444
605	4210	2.31729575869931
606	4211	-2.06488343377162
606	4212	3.18787146371614
607	4213	1.35282526959552
607	4214	2.87796485441169
608	4215	3.86439675038933
608	4216	3.3694722186765
609	4217	-1.7652596739879
609	4218	3.58236639278956
610	4219	-3.58986574513298
610	4220	-1.282826005123
611	4221	4.12746805218171
611	4222	1.08116643863021
612	4223	-0.995063432472512
612	4224	3.39959295153865
613	4225	6.39764943351392
613	4226	0.139814262550022
614	4227	1.35308487305025
614	4228	-0.843328263857873
615	4229	1.82106339592832
615	4230	-1.42918750608355
616	4231	-1.32690419176955
616	4232	-1.47191712084447
617	4233	2.16542844882999
617	4234	1.49666579238411
618	4235	-3.95141039386873
618	4236	0.685159530746397
619	4237	-0.351572621367009
619	4238	1.3956882089853
620	4239	0.74609491958847
620	4240	0.615127431425834
621	4241	0.00976446272528175
621	4242	-0.967019507887359
622	4243	2.95543627330144
622	4244	-0.304795626218788
623	4245	0.401592383307762
623	4246	7.84158360204622
624	4247	0.184823899117422
624	4248	2.43933189058464
625	4249	-1.73913376115445
625	4250	3.151707603255
626	4251	-0.0353448032273307
626	4252	0.464847468975653
627	4253	5.25982800322139
627	4254	3.31333471623674
628	4255	1.55175094495554
628	4256	-0.36640091965121
629	4257	-2.26576036440327
629	4258	-0.707829140281871
630	4259	2.27994702831965
630	4260	2.21715165149529
631	4261	1.2825624023793
631	4262	-3.6721674604049
632	4263	-2.47758825479493
632	4264	1.93277781043999
633	4265	2.94315013409191
633	4266	1.27583026319983
634	4267	-0.624966537197559
634	4268	3.7431905903336
635	4269	3.2034259085761
635	4270	-0.861918538992062
636	4271	2.56933151935635
636	4272	-0.628948678858853
637	4273	6.97907634015637
637	4274	-0.586199919891197
638	4275	-0.622329584379788
638	4276	2.42024934357364
639	4277	0.520700933432595
639	4278	1.6606365148163
640	4279	2.41735786453389
640	4280	-0.806100156602531
641	4281	3.68565166907974
641	4282	2.86333615133719
642	4283	2.73781832194613
642	4284	2.23654548235832
643	4285	-1.36196525133472
643	4286	3.27174995794849
644	4287	0.0675747663578512
644	4288	2.79792778112026
645	4289	-1.33295545537523
645	4290	3.1987168424979
646	4291	2.24124624624324
646	4292	1.36156511912988
647	4293	2.86553605852719
647	4294	2.32181173420728
648	4295	-0.721777354982829
648	4296	5.1542550076723
649	4297	1.83405483279249
649	4298	3.91825456991644
650	4299	-0.878923461265468
650	4300	3.88399019801287
651	4301	0.559678433287694
651	4302	4.05743118185204
652	4303	-1.76975169097913
652	4304	3.85479821967899
653	4305	2.79554884456111
653	4306	2.46520615408107
654	4307	7.14303550205002
654	4308	-3.10950696990762
655	4309	-2.49116361600606
655	4310	0.114946263193584
656	4311	6.42906311468593
656	4312	3.57176722029962
657	4313	3.75814140447252
657	4314	3.69651307749708
658	4315	2.03355297374634
658	4316	-0.161462905670991
659	4317	-0.043068387893906
659	4318	1.14401344713391
660	4319	-0.705773678343325
660	4320	-1.54486911531695
661	4321	-1.14084893736679
661	4322	2.75087313244282
662	4323	0.419485872099771
662	4324	2.1475262667873
663	4325	-3.16727042501181
663	4326	0.251226988102355
664	4327	0.598289731871049
664	4328	0.259450916454543
665	4329	-2.30794777131028
665	4330	0.0107999344432479
666	4331	-1.17093254573027
666	4332	0.0919203655042511
667	4333	-1.04572868008706
667	4334	3.24760097257849
668	4335	0.944573781096497
668	4336	3.07300622679105
669	4337	1.0463009013406
669	4338	1.76600483121874
670	4339	-0.926779551632546
670	4340	0.852397605059537
671	4341	-2.09458343146351
671	4342	-0.772739009819436
672	4343	0.903419827040398
672	4344	2.08280246200715
673	4345	5.41444392567823
673	4346	-1.60351944289419
674	4347	3.72604489003674
674	4348	3.25009376865387
675	4349	2.78558630851619
675	4350	0.396034755737101
676	4351	3.52076918575572
676	4352	2.04888662306195
677	4353	-2.17230582643053
677	4354	5.56320397241034
678	4355	1.06631324290305
678	4356	1.29005688118459
679	4357	4.25922029100487
679	4358	1.85692789350922
680	4359	1.49407798337233
680	4360	1.8816688017852
681	4361	2.06554322552363
681	4362	6.91655232300544
682	4363	-2.36808276360865
682	4364	2.39801399048505
683	4365	4.39097948954547
683	4366	0.885046381384687
684	4367	1.79184910256276
684	4368	-0.48271058261402
685	4369	-0.258536547271678
685	4370	0.76462925224996
686	4371	-1.03199569023607
686	4372	-1.471308198566
687	4373	-2.07689700955535
687	4374	3.38413299657458
688	4375	-0.0350813467910156
688	4376	-0.831275840160118
689	4377	2.47140525255633
689	4378	2.8145855001296
690	4379	3.22445190165727
690	4380	-0.825236348859572
691	4381	-0.68185050986739
691	4382	1.07330652461924
692	4383	3.35022156165533
692	4384	-0.715156824663075
693	4385	1.29919038454269
693	4386	1.4586914560577
694	4387	-2.59009032262531
694	4388	2.09577672050159
695	4389	3.50985796553841
695	4390	2.25130358066937
696	4391	2.7246853320778
696	4392	-1.17699177157867
697	4393	0.823993161707576
697	4394	1.28808970745988
698	4395	0.917748980554752
698	4396	0.426213488463374
699	4397	4.49938801013678
699	4398	1.53381476309814
700	4399	3.38072590142255
700	4400	2.43899020837068
701	4401	-1.70600209565858
701	4402	5.05260666523145
702	4403	-1.48980466119411
702	4404	0.840343151643513
703	4405	1.87797459970547
703	4406	4.14786414138096
704	4407	1.49325363928717
704	4408	-2.98156915462634
705	4409	1.00297847403399
705	4410	0.0770451539588142
706	4411	2.97401086310992
706	4412	0.957160129933113
707	4413	0.112075871018021
707	4414	0.255553050093823
708	4415	5.29200732878759
708	4416	1.93902317203145
709	4417	-0.251298512198733
709	4418	3.37006025239914
710	4419	0.270438730906109
710	4420	-0.143442601384396
711	4421	0.934755154120415
711	4422	2.3252962553251
712	4423	1.21275905143214
712	4424	4.92148005999917
713	4425	1.32775594987266
713	4426	2.85791229335853
714	4427	-0.623938815714914
714	4428	3.13550554539475
715	4429	-1.13974418942502
715	4430	-2.14580791295031
716	4431	2.03006119364347
716	4432	4.49320097633637
717	4433	2.48391449053531
717	4434	1.65366604962601
718	4435	4.71991262659254
718	4436	0.891236831400997
719	4437	0.858451053911316
719	4438	0.345404805230447
720	4439	1.78199336039426
720	4440	1.82772394632219
721	4441	1.19800192678273
721	4442	1.26045548586793
722	4443	-1.57590374067434
722	4444	-1.23249118724207
723	4445	3.18656947514765
723	4446	2.62981114599367
724	4447	-1.84267128119548
724	4448	-0.782159206686096
725	4449	-0.229201374061616
725	4450	5.09784480505934
726	4451	3.2674943089509
726	4452	-3.68844602415378
727	4453	2.97383091126725
727	4454	-0.814024807353931
728	4455	-3.07216919653223
728	4456	1.40709821246108
729	4457	-0.220749023210882
729	4458	3.05988754637502
730	4459	-0.49347068277432
730	4460	-2.35375410726845
731	4461	5.71030177377414
731	4462	-0.27072523514515
732	4463	-2.09519217798327
732	4464	1.45611540501821
733	4465	0.118340408692797
733	4466	-1.78336878466012
734	4467	2.64747145769972
734	4468	1.63615495825082
735	4469	1.21038656387373
735	4470	0.409178981733927
736	4471	2.37891790624482
736	4472	0.801668790448644
737	4473	-1.00955250800668
737	4474	3.18833288258035
738	4475	1.26905045816434
738	4476	0.325937686245679
739	4477	0.99784778425172
739	4478	4.98649070816222
740	4479	2.2883825822826
740	4480	0.700967668001784
741	4481	3.9367644720847
741	4482	0.0601240112651193
742	4483	2.67033069364173
742	4484	1.85959468716601
743	4485	3.47273707918594
743	4486	1.71899464845104
744	4487	-4.44606727321135
744	4488	4.4018206903895
745	4489	-1.6816820801847
745	4490	2.13808276314537
746	4491	-1.12449839952421
746	4492	3.28933966290344
747	4493	-0.263586211936526
747	4494	3.0058067367208
748	4495	2.51747565587556
748	4496	0.949168257379144
749	4497	1.41980691104152
749	4498	-0.751122927181009
750	4499	-3.27971985772191
750	4500	-1.91205129445503
751	4501	4.22025490067376
751	4502	-1.28445510489137
752	4503	-4.09267732092842
752	4504	3.42509762246509
753	4505	-0.439479563402187
753	4506	3.30584165360194
754	4507	-0.273582937465672
754	4508	4.09332320311602
755	4509	3.8436398021928
755	4510	2.62173920129179
756	4511	2.20184686334377
756	4512	0.480064138977557
757	4513	-0.282630499268163
757	4514	2.38931916480443
758	4515	-0.0594228130092178
758	4516	2.47125544651011
759	4517	2.45620018107274
759	4518	-0.422591755607863
760	4519	0.821212976414912
760	4520	5.76719389753399
761	4521	4.63901701497586
761	4522	-0.535318514933678
762	4523	4.63720382934254
762	4524	-2.63031829854352
763	4525	1.85774606591692
763	4526	-2.14533874589053
764	4527	5.91087502180991
764	4528	3.1106129228156
765	4529	-2.86406228716546
765	4530	0.0177711460229627
766	4531	-0.253578356762245
766	4532	2.2260913088591
767	4533	1.37285807784344
767	4534	-0.214091802576075
768	4535	2.16636610207053
768	4536	1.66576873650688
769	4537	1.39166983827758
769	4538	4.66557007130665
770	4539	4.11522874142598
770	4540	-4.38978028607649
771	4541	0.702947916499966
771	4542	-0.714242948863261
772	4543	-0.120004418790869
772	4544	3.46007489681173
773	4545	-1.29724273082588
773	4546	3.27509623528483
774	4547	2.53416363625541
774	4548	0.529924441674508
775	4549	1.70527754299464
775	4550	-0.434104035325144
776	4551	0.993506107330827
776	4552	4.51325359881874
777	4553	0.894060676245776
777	4554	5.89082622603698
778	4555	2.11629306785095
778	4556	1.88868288624349
779	4557	0.501258594796301
779	4558	1.30772269795125
780	4559	2.5096770137554
780	4560	3.64364328626601
781	4561	3.54519198147528
781	4562	-1.42847934228173
782	4563	-0.667327981674296
782	4564	-0.490836063540457
783	4565	5.35703511504452
783	4566	-1.3154089844878
784	4567	0.535993909474336
784	4568	1.58136652198809
785	4569	-4.25242636092162
785	4570	1.51675013028584
786	4571	0.910412367591626
786	4572	2.40620167387468
787	4573	2.30560492977109
787	4574	1.82981446176047
788	4575	2.77297795551588
788	4576	-2.12043187990339
789	4577	0.293331514676774
789	4578	2.0062913976773
790	4579	-0.625230487240532
790	4580	0.501746463993623
791	4581	-2.26265303365884
791	4582	2.73253684476359
792	4583	1.52171408775385
792	4584	0.887023571723629
793	4585	1.07981824007193
793	4586	0.419101959890305
794	4587	-1.99612119732357
794	4588	4.55961257754633
795	4589	4.49815548488653
795	4590	2.10396793866763
796	4591	-0.768799329836231
796	4592	0.896422839593087
797	4593	2.71444289307968
797	4594	0.00236908309219516
798	4595	3.76272188568562
798	4596	1.20743196434187
799	4597	5.38540413129847
799	4598	3.08915565209478
800	4599	-2.38946085815324
800	4600	2.11759809709584
801	4601	-1.43357314902128
801	4602	-1.94368992680026
802	4603	-0.450778174617542
802	4604	3.87908621452789
803	4605	1.43695280906523
803	4606	7.60595094998925
804	4607	7.06118784197996
804	4608	4.19049331891836
805	4609	-0.224653092384074
805	4610	3.20980696952135
806	4611	1.24197776102725
806	4612	1.87819685461548
807	4613	2.08433633403679
807	4614	-0.507697561085902
808	4615	-1.87880552815179
808	4616	0.178129044113001
809	4617	5.39705940956309
809	4618	-0.97909201122518
810	4619	-0.671103122807213
810	4620	3.88378745092166
811	4621	1.02313649028757
811	4622	0.0592366229628075
812	4623	-2.39681402274529
812	4624	1.50484731269553
813	4625	1.7478222879039
813	4626	2.60826026428336
814	4627	2.86292635951933
814	4628	-2.50286867645792
815	4629	2.92652556965587
815	4630	-0.851537627927444
816	4631	2.32835888801892
816	4632	0.681169888975876
817	4633	-4.07795025444735
817	4634	4.24779319535939
818	4635	0.464052091001863
818	4636	5.61210890884586
819	4637	-1.15890116011767
819	4638	1.48231811874833
820	4639	-0.402607816775829
820	4640	3.02551251075426
821	4641	2.15641099160953
821	4642	0.493213771646469
822	4643	-5.78653656951125
822	4644	8.25353493726757
823	4645	3.18658876476298
823	4646	1.12029748158635
824	4647	-0.236975531925746
824	4648	-1.09958537442816
825	4649	-1.54016265975809
825	4650	-2.33551629494021
826	4651	-0.480094577343071
826	4652	-1.50607413075846
827	4653	2.52045887636894
827	4654	2.23720719680411
828	4655	0.0610451970910935
828	4656	3.19926903512314
829	4657	1.57198230621648
829	4658	1.69192502379015
830	4659	0.907218194182606
830	4660	0.898069408690548
831	4661	3.34017472024301
831	4662	2.80557244492379
832	4663	-1.28340240840814
832	4664	-2.00921073313091
833	4665	3.87392003434312
833	4666	-1.49939370324379
834	4667	0.81626255321196
834	4668	3.7623699220495
835	4669	-1.00718887383508
835	4670	-1.43027232161005
836	4671	1.77075306547991
836	4672	1.40895784977287
837	4673	3.52635956075966
837	4674	3.23882337520196
838	4675	1.1775852480598
838	4676	-0.214368955691533
839	4677	-0.125066462058818
839	4678	-0.111541473803093
840	4679	-1.35524795614173
840	4680	2.0962368849563
841	4681	0.912750827338097
841	4682	-1.07536397244765
842	4683	4.25803390888629
842	4684	4.45127472353504
843	4685	0.139975049406804
843	4686	0.898882456390139
844	4687	-1.68795919471247
844	4688	0.325283000433293
845	4689	1.72830914215202
845	4690	0.766378356842671
846	4691	2.07559670277205
846	4692	2.04859552980544
847	4693	3.22765713665705
847	4694	3.25388278718704
848	4695	-3.49339518805453
848	4696	0.934466036352939
849	4697	2.91788634168221
849	4698	-0.190804606266306
850	4699	-0.493955205774216
850	4700	3.12742802073002
851	4701	-1.56877102036832
851	4702	4.04717704759933
852	4703	0.940429329025059
852	4704	2.13441724733971
853	4705	0.542060445641606
853	4706	4.03038854158356
854	4707	3.31735711391275
854	4708	2.09141269072432
855	4709	-1.71364607018245
855	4710	-1.83904962454146
856	4711	0.594957977880458
856	4712	-0.321546406170356
857	4713	-1.48115845149313
857	4714	2.8528001621464
858	4715	-0.184342250597908
858	4716	0.283450194852749
859	4717	1.0539847739544
859	4718	-1.73233179087722
860	4719	-1.37703693520882
860	4720	0.427462456096579
861	4721	3.59529784000991
861	4722	0.574503297242788
862	4723	-1.12924384180168
862	4724	3.28949446519673
863	4725	-2.80255746047526
863	4726	1.72572975871544
864	4727	-1.43569043897129
864	4728	2.9858913956551
865	4729	3.09452370971393
865	4730	0.724118054314595
866	4731	2.76041720554457
866	4732	-2.23382498858421
867	4733	0.366780788705869
867	4734	-3.06421842419955
868	4735	3.9068706230846
868	4736	4.98751326584499
869	4737	4.19793128359635
869	4738	1.83703399497224
870	4739	3.22553076211391
870	4740	3.30156889886647
871	4741	-0.663202617092059
871	4742	4.18461413082849
872	4743	2.42611894684704
872	4744	-1.76903017515261
873	4745	1.17164037893676
873	4746	1.24267684934046
874	4747	3.63222340224567
874	4748	-1.7661750741518
875	4749	-0.519654930010741
875	4750	2.86317631736782
876	4751	6.59906141176205
876	4752	0.697135375434508
877	4753	3.64265974990824
877	4754	2.70330912751019
878	4755	1.42822700247694
878	4756	2.33662938314686
879	4757	-0.350274473795465
879	4758	7.74031043650298
880	4759	4.5027245493031
880	4760	-2.05774476132463
881	4761	0.246183045756702
881	4762	1.87682835065231
882	4763	1.66806218448322
882	4764	1.3184698076467
883	4765	-4.42206199677518
883	4766	2.91739831367969
884	4767	3.66808361246755
884	4768	0.334206881267369
885	4769	-0.734089248630993
885	4770	1.39101814692035
886	4771	2.69342369208466
886	4772	1.041210725289
887	4773	6.10320565689916
887	4774	-0.533766786639464
888	4775	-1.40240210998144
888	4776	3.79996204640298
889	4777	0.659752883521818
889	4778	0.564741337937069
890	4779	1.33642428558931
890	4780	0.39824297467186
891	4781	1.63633467312788
891	4782	1.79874899339902
892	4783	-2.37278972881761
892	4784	0.678947247130897
893	4785	2.83171164958496
893	4786	-1.22359329220492
894	4787	0.0957461338580499
894	4788	5.05109650810488
895	4789	0.771274427503887
895	4790	0.174011262349
896	4791	2.89914480881593
896	4792	-0.875956413967806
897	4793	1.63684948338415
897	4794	3.94964318227828
898	4795	1.85335641777275
898	4796	0.369349138739031
899	4797	1.97069867550189
899	4798	-0.455734299997951
900	4799	-2.93485272445999
900	4800	0.401250416476858
901	4801	-4.04310021823236
901	4802	3.93823244997319
902	4803	0.555903874965408
902	4804	7.70784452740747
903	4805	0.76881007404683
903	4806	1.54463112571669
904	4807	-0.67120462749799
904	4808	3.21964701275027
905	4809	0.413469144832665
905	4810	-0.506746918109923
906	4811	2.51205302811413
906	4812	4.01084074507224
907	4813	2.07219817061377
907	4814	1.12314998853631
908	4815	2.55490176419813
908	4816	0.796556326706852
909	4817	4.08936003137756
909	4818	0.666954084403156
910	4819	2.57785377825734
910	4820	-4.29411644347968
911	4821	2.77219492695844
911	4822	3.47238927932819
912	4823	1.98629717665191
912	4824	0.428063644664123
913	4825	-0.598601010097882
913	4826	-1.40667378857889
914	4827	-0.35674821980855
914	4828	0.9489457054662
915	4829	-2.0391504576018
915	4830	1.34344238822889
916	4831	3.09314752513735
916	4832	2.2558219758909
917	4833	-1.55844498944007
917	4834	-2.60509658235346
918	4835	0.569239391656483
918	4836	-3.00719632329102
919	4837	2.9285832979331
919	4838	-0.228305689856493
920	4839	2.81765213249724
920	4840	2.01443756854371
921	4841	3.10860558797856
921	4842	-0.327515685879688
922	4843	-2.69803813870169
922	4844	-2.57782739766796
923	4845	-1.14371509824251
923	4846	-0.514342376607247
924	4847	1.54083869652646
924	4848	1.1344537835296
925	4849	6.46086839538982
925	4850	2.87806320190102
926	4851	-1.89961845030504
926	4852	2.21614033523278
927	4853	1.82742079472906
927	4854	2.20701258627188
928	4855	-0.735845444166416
928	4856	0.131023697546587
929	4857	2.76849643105285
929	4858	3.08201711432596
930	4859	2.07124876818955
930	4860	-1.83991236250099
931	4861	2.39292053709118
931	4862	5.09521779756446
932	4863	0.605911107437345
932	4864	-3.60773198933621
933	4865	-0.860780335320983
933	4866	3.08377717269463
934	4867	4.28855170299735
934	4868	0.735702178666112
935	4869	-0.351417714123111
935	4870	-3.33350194953854
936	4871	0.969425101970492
936	4872	1.5886811973892
937	4873	-0.404406256708318
937	4874	-0.77626594188996
938	4875	4.89412859923276
938	4876	2.5288578058199
939	4877	0.0481423337619201
939	4878	1.77341714405973
940	4879	-0.217032798305174
940	4880	1.00251115156422
941	4881	-0.507603504187295
941	4882	-0.255404757979127
942	4883	-0.275934234502034
942	4884	0.249200368642738
943	4885	3.79598085777114
943	4886	-0.0754593820089667
944	4887	0.553303362296262
944	4888	-0.593522690819391
945	4889	-4.05324430093389
945	4890	0.0959638470274898
946	4891	4.64792507891924
946	4892	-0.0090538735276825
947	4893	-2.10410221593971
947	4894	3.25142873638238
948	4895	1.15030658847133
948	4896	4.71308466701787
949	4897	1.41558781767468
949	4898	1.19524635970141
950	4899	1.49603752593686
950	4900	0.471997737173048
951	4901	-3.83166399494653
951	4902	0.0918948713582586
952	4903	1.89024205794715
952	4904	0.630443739340148
953	4905	1.02732974605623
953	4906	2.55618364127743
954	4907	0.938104261737754
954	4908	2.98367765643643
955	4909	4.93692394544468
955	4910	1.16889674532377
956	4911	4.09863873535546
956	4912	0.33292047215981
957	4913	-0.858612251283725
957	4914	-2.50864707977995
958	4915	1.94371455453954
958	4916	6.27974360698082
959	4917	-1.73525819318009
959	4918	-1.82236344912326
960	4919	0.14734778765454
960	4920	1.45381195013436
961	4921	7.43311398065066
961	4922	0.578121074520374
962	4923	4.13729963785562
962	4924	1.9761118613266
963	4925	2.23954419716137
963	4926	-3.7612185964699
964	4927	3.51557510332046
964	4928	-0.79356395919457
965	4929	3.15844279417607
965	4930	-0.606571363570589
966	4931	-1.97567289021525
966	4932	0.258471330069743
967	4933	2.24250920187295
967	4934	5.66814215668146
968	4935	-2.07132119466161
968	4936	-3.46266728197772
969	4937	0.0908497752368151
969	4938	1.5579444447165
970	4939	1.05570316596603
970	4940	1.56269735112208
971	4941	0.152089820362381
971	4942	2.16018673077338
972	4943	-1.16072763802586
972	4944	2.41963637333258
973	4945	2.46486015002762
973	4946	4.0440004941621
974	4947	2.5297569099338
974	4948	-0.0421990494837201
975	4949	-2.04651273703814
975	4950	2.21658602963472
976	4951	-0.412437049932143
976	4952	1.30560862100918
977	4953	2.21513228784886
977	4954	-0.71789862719354
978	4955	1.20212771444843
978	4956	-1.33531937669125
979	4957	-2.73598888842242
979	4958	1.34844145792705
980	4959	0.35043508332472
980	4960	-0.660286748552293
981	4961	-5.17760937484787
981	4962	1.56461167455199
982	4963	-0.523204413649889
982	4964	0.656125864920049
983	4965	-0.26948717354282
983	4966	-3.52788070871756
984	4967	-1.91752467170691
984	4968	4.00821223388779
985	4969	1.56029656875622
985	4970	0.109607187496162
986	4971	4.08670135526918
986	4972	0.901311071461242
987	4973	1.65891116120376
987	4974	-1.02684595627997
988	4975	2.60646494031757
988	4976	-2.57490662484227
989	4977	0.99174981122665
989	4978	2.63405864460496
990	4979	2.8873158835865
990	4980	0.589847065809276
991	4981	-4.64690724215161
991	4982	2.71140687031325
992	4983	-0.153770594902675
992	4984	1.32367692177617
993	4985	0.0628573029571644
993	4986	2.56093331987786
994	4987	5.24763194930482
994	4988	-1.27719571244082
995	4989	-2.2974477713486
995	4990	2.7099686646895
996	4991	-0.714466330856289
996	4992	2.66372982864527
997	4993	1.79331699978669
997	4994	-2.06528683549171
998	4995	0.625992462505289
998	4996	-0.0565018980614263
999	4997	0.500473234616996
999	4998	0.247538430327075
1000	4999	2.22383231136825
1000	5000	0.635048726429924
1001	5001	0.456439815049359
1001	5002	2.78840807297681
1002	5003	-1.26822448272271
1002	5004	0.604353422207082
1003	5005	5.05556353658528
1003	5006	2.08669609587848
1004	5007	-0.918607270267451
1004	5008	1.1611230065528
1005	5009	1.00292556448121
1005	5010	2.40406761996381
1006	5011	-1.76242779981749
1006	5012	4.45363086761335
1007	5013	1.97935548764076
1007	5014	2.60831181105966
1008	5015	-0.782068665318797
1008	5016	-2.39022875736144
1009	5017	0.0445603552617309
1009	5018	3.68651873157127
1010	5019	4.25867401932011
1010	5020	1.53017890973339
1011	5021	3.33744970234956
1011	5022	5.7570907286236
1012	5023	0.329620200819385
1012	5024	5.46953879345361
1013	5025	-1.38840523858968
1013	5026	-3.67382267403013
1014	5027	0.269409794653591
1014	5028	-1.72551696633159
1015	5029	2.17591472039787
1015	5030	3.14623899419485
1016	5031	-0.127662900798054
1016	5032	-1.2965684755046
1017	5033	1.77938057036455
1017	5034	2.94920245118688
1018	5035	-1.51583081166165
1018	5036	-1.47765837585641
1019	5037	3.29542460738551
1019	5038	-0.960079619442444
1020	5039	-3.31025306866015
1020	5040	4.25759952456683
1021	5041	2.19764197563987
1021	5042	4.3848848833311
1022	5043	-1.19027378626826
1022	5044	3.70905618152627
1023	5045	1.48625541785728
1023	5046	-0.221644603636035
1024	5047	0.653492154672114
1024	5048	1.64977133106291
1025	5049	-2.27222592757567
1025	5050	-1.2703669355837
1026	5051	0.184712910846097
1026	5052	0.163887447447886
1027	5053	-3.45395615026107
1027	5054	-0.184536115054586
1028	5055	-0.346376662028892
1028	5056	4.02206959861362
1029	5057	2.39614905503495
1029	5058	-1.69205593455284
1030	5059	4.26299681416376
1030	5060	-3.55449887355111
1031	5061	0.703384199939264
1031	5062	0.397998699798206
1032	5063	1.33075203205515
1032	5064	-0.358708679571793
1033	5065	3.82391803040586
1033	5066	2.07271636683992
1034	5067	1.26199358481374
1034	5068	5.42375409446356
1035	5069	1.53147175160318
1035	5070	1.72110030455802
1036	5071	1.86838160171012
1036	5072	4.48984567792384
1037	5073	-0.237833215503829
1037	5074	6.02549916805314
1038	5075	0.231929203835638
1038	5076	1.93829773693459
1039	5077	-2.75717199907809
1039	5078	4.20966159186823
1040	5079	0.461856406013252
1040	5080	1.7192818488191
1041	5081	0.490831558563596
1041	5082	4.22504777164217
1042	5083	5.4300926559905
1042	5084	6.99263760802853
1043	5085	1.79702248916887
1043	5086	4.30995370517724
1044	5087	-2.220351150911
1044	5088	-3.8471660093607
1045	5089	0.932871566139927
1045	5090	-0.805843829412969
1046	5091	0.26696449220956
1046	5092	-4.08341991167638
1047	5093	1.16473377885209
1047	5094	0.634512759592406
1048	5095	-1.95321124663794
1048	5096	0.306185632016831
1049	5097	2.56132931496471
1049	5098	1.2766493320416
1050	5099	0.698219285948277
1050	5100	3.32422892392209
1051	5101	4.80070838803755
1051	5102	1.00636151691826
1052	5103	4.12335508272072
1052	5104	0.702730492732647
1053	5105	1.34309893265483
1053	5106	1.73784867227391
1054	5107	2.34945020980538
1054	5108	1.53723454579367
1055	5109	0.572106522347525
1055	5110	1.80789351919815
1056	5111	-4.6158739850941
1056	5112	-4.07090965077256
1057	5113	3.31924446566541
1057	5114	1.82005214619785
1058	5115	2.59976912448107
1058	5116	-0.846550908503234
1059	5117	0.66335293525141
1059	5118	-1.29439839703921
1060	5119	2.63892625791127
1060	5120	-2.1441303576815
1061	5121	-2.07486661068118
1061	5122	6.73046925119554
1062	5123	-0.130459971907169
1062	5124	-0.105850459157562
1063	5125	1.96379712822388
1063	5126	0.78350449023716
1064	5127	2.93234475444063
1064	5128	2.06411107490461
1065	5129	-1.96875494968711
1065	5130	4.35464740294853
1066	5131	1.61831621927757
1066	5132	4.16093953555517
1067	5133	1.48436711259714
1067	5134	4.05982303137113
1068	5135	1.66457797614284
1068	5136	0.850380861903003
1069	5137	1.56129906837434
1069	5138	-4.15669258978685
1070	5139	4.8098865990986
1070	5140	3.74793294502945
1071	5141	-0.114418458550668
1071	5142	2.72136962221472
1072	5143	1.23311115386108
1072	5144	-0.87674483872803
1073	5145	-0.430935731978396
1073	5146	1.88504722073556
1074	5147	3.29584821638536
1074	5148	-2.49315633828175
1075	5149	-4.21884368298643
1075	5150	-4.34671214315345
1076	5151	-2.27561749284726
1076	5152	2.96145164421486
1077	5153	-1.44131220002114
1077	5154	-1.92688589889481
1078	5155	-1.55225591280302
1078	5156	1.98569164559438
1079	5157	-1.85344760028184
1079	5158	4.85192927332211
1080	5159	4.99248446441599
1080	5160	0.863833221806338
1081	5161	1.92055252355471
1081	5162	-0.0168527530917224
1082	5163	1.04657274581953
1082	5164	-2.13478189880581
1083	5165	5.0614116346569
1083	5166	-1.64667804684645
1084	5167	3.37446597504428
1084	5168	0.193164652772557
1085	5169	2.14943620039087
1085	5170	-3.64196144334904
1086	5171	1.87642322702608
1086	5172	0.959733783153295
1087	5173	2.16254768691206
1087	5174	4.36072842154302
1088	5175	4.15018870605561
1088	5176	-0.0207686540351226
1089	5177	-0.0346849093665709
1089	5178	4.83155899286635
1090	5179	2.98078813825798
1090	5180	5.29131495763646
1091	5181	2.92009586455246
1091	5182	1.9106009162497
1092	5183	-1.0924683316156
1092	5184	1.29627408391945
1093	5185	1.59472003790746
1093	5186	3.24729700095392
1094	5187	1.72515963820715
1094	5188	3.96055307788562
1095	5189	3.31642477801082
1095	5190	-1.88626685491051
1096	5191	1.8339043457106
1096	5192	-1.63075567765253
1097	5193	1.57327992321836
1097	5194	1.21197410662744
1098	5195	-1.00377774341085
1098	5196	1.30608489936947
1099	5197	0.756856420973848
1099	5198	1.32363186901779
1100	5199	0.221617647677763
1100	5200	-0.723948642587357
1101	5201	0.296036316375475
1101	5202	4.7098230154372
1102	5203	3.64697627062415
1102	5204	2.69328351042616
1103	5205	-1.2087151167322
1103	5206	4.83304888977109
1104	5207	0.927042927929063
1104	5208	2.75865999917384
1105	5209	1.37186391648074
1105	5210	2.39207889003614
1106	5211	-1.90573188442299
1106	5212	2.89135160500371
1107	5213	2.80504781717152
1107	5214	2.95100879451804
1108	5215	-1.76340385965669
1108	5216	-0.367972134616912
1109	5217	0.747111254454433
1109	5218	1.09646335419799
1110	5219	2.36056774633658
1110	5220	0.616401414446999
1111	5221	1.01797150909105
1111	5222	0.826531137915237
1112	5223	-1.2225480210332
1112	5224	-0.204759597658575
1113	5225	1.62613519665938
1113	5226	-2.99102811409734
1114	5227	2.72436058654078
1114	5228	4.2071573203379
1115	5229	0.267724894561001
1115	5230	-3.53818414407802
1116	5231	1.38924757129763
1116	5232	1.19387947088469
1117	5233	0.372169644714277
1117	5234	1.10162155833681
1118	5235	-1.33224749054423
1118	5236	-1.239681655244
1119	5237	1.85001134658013
1119	5238	-1.45929226417519
1120	5239	-2.45675847404209
1120	5240	0.835075253302435
1121	5241	3.47563284674186
1121	5242	-2.09207979715388
1122	5243	-0.834055773682518
1122	5244	2.03961068600915
1123	5245	1.918842391325
1123	5246	4.67838054338272
1124	5247	-2.20957986255552
1124	5248	-1.27309919950322
1125	5249	-0.960869942180031
1125	5250	-0.0583270530428601
1126	5251	-3.68541777941288
1126	5252	1.51450582276094
1127	5253	5.46859866505121
1127	5254	-0.0416183548988225
1128	5255	3.47004005571415
1128	5256	1.58779602529861
1129	5257	-1.46172972253288
1129	5258	0.334559989662548
1130	5259	-0.679883891583655
1130	5260	4.51441690132571
1131	5261	-0.847608093207852
1131	5262	2.23450405995804
1132	5263	1.40175383608407
1132	5264	3.5808564275977
1133	5265	0.323490504809876
1133	5266	2.28403902352741
1134	5267	1.65992531546008
1134	5268	0.150563136765035
1135	5269	1.41957992168755
1135	5270	2.87376139890132
1136	5271	1.57377959417835
1136	5272	-0.972334075406812
1137	5273	0.984583698977957
1137	5274	1.17142931921514
1138	5275	0.384583167287192
1138	5276	4.26836087409387
1139	5277	6.98128124306489
1139	5278	4.92863295061397
1140	5279	3.79336610275661
1140	5280	1.07746970734417
1141	5281	4.46705440793266
1141	5282	1.000095932242
1142	5283	-0.487364530283491
1142	5284	-0.815590207717098
1143	5285	3.38485315063178
1143	5286	0.503063277669517
1144	5287	-0.00776420401366007
1144	5288	1.02399036243127
1145	5289	-0.521259479752587
1145	5290	-4.04796708228716
1146	5291	-0.933177104948339
1146	5292	1.50521922026983
1147	5293	1.75928514636435
1147	5294	2.11003406470612
1148	5295	0.237774327446741
1148	5296	2.34023532404858
1149	5297	2.55040467013947
1149	5298	1.89013186150219
1150	5299	1.75136999617878
1150	5300	-2.03565919390134
1151	5301	-2.17430509409539
1151	5302	2.67650512162421
1152	5303	2.23192580701801
1152	5304	1.94859369707283
1153	5305	0.595195024099362
1153	5306	5.83750928529188
1154	5307	1.4246238914564
1154	5308	-1.08986904874388
1155	5309	-0.0257012850051041
1155	5310	0.83208364776347
1156	5311	5.91845398380487
1156	5312	6.4326676690993
1157	5313	6.28284998350551
1157	5314	-1.68147104728022
1158	5315	0.604714807259163
1158	5316	-1.21398722925619
1159	5317	0.492657217461806
1159	5318	-0.0948403606666953
1160	5319	1.69491189012673
1160	5320	4.41814190739967
1161	5321	1.20176581515438
1161	5322	1.88228685551435
1162	5323	4.48151694530881
1162	5324	2.31056262914456
1163	5325	1.68864537846571
1163	5326	1.84021602697028
1164	5327	-1.51176921146651
1164	5328	-0.644753475984001
1165	5329	2.85653403461924
1165	5330	-0.977696274802238
1166	5331	1.39310171069647
1166	5332	0.626193326721111
1167	5333	1.66834332860495
1167	5334	0.461112140277775
1168	5335	4.3951296438082
1168	5336	-4.46367375247947
1169	5337	-1.42712038960528
1169	5338	-3.35114015762121
1170	5339	0.769400049884267
1170	5340	-2.29375366432072
1171	5341	-0.0526360629058771
1171	5342	1.04927064355079
1172	5343	0.312838473221769
1172	5344	0.0127946262673435
1173	5345	1.73069485829459
1173	5346	-0.548769210805976
1174	5347	5.47502368944239
1174	5348	1.39110972746493
1175	5349	4.1375532217756
1175	5350	0.363116053527509
1176	5351	2.95226955760637
1176	5352	-0.120432131976895
1177	5353	-1.80794890317916
1177	5354	-1.20056288882008
1178	5355	-0.742531473050936
1178	5356	3.50154698588354
1179	5357	3.4475562112639
1179	5358	3.77033832981907
1180	5359	0.73895266438979
1180	5360	-1.09505545570632
1181	5361	0.947903724652953
1181	5362	0.265263941101638
1182	5363	-0.464897963291901
1182	5364	-0.50397171706013
1183	5365	1.94547459106615
1183	5366	5.14730766098349
1184	5367	1.29438107977821
1184	5368	0.856507419429484
1185	5369	3.50796876121087
1185	5370	-1.22114367474853
1186	5371	0.749278891520759
1186	5372	3.24587029409029
1187	5373	5.76471928083242
1187	5374	2.77589374852818
1188	5375	-2.88394194174887
1188	5376	2.45500170683111
1189	5377	1.88652198783936
1189	5378	1.61183173509021
1190	5379	0.142949049184384
1190	5380	2.77164614665473
1191	5381	2.76936634659063
1191	5382	0.9227212710699
1192	5383	-0.776324429814177
1192	5384	-1.26822246138688
1193	5385	-1.40041106665906
1193	5386	4.48023178670873
1194	5387	-1.25519501170453
1194	5388	-1.29654697926954
1195	5389	0.758682486187693
1195	5390	1.34259553524166
1196	5391	0.562876980588655
1196	5392	-2.68680130629632
1197	5393	-1.22493968965048
1197	5394	-1.99055111218009
1198	5395	1.35101547115692
1198	5396	-0.993718729289527
1199	5397	-0.754208555745099
1199	5398	1.79026883202984
1200	5399	-0.504118958953717
1200	5400	-1.3385689533651
1201	5401	2.95497412416411
1201	5402	1.48834597525481
1202	5403	-0.902647832119564
1202	5404	-0.818726847275182
1203	5405	-0.248321039103083
1203	5406	0.897153745336363
1204	5407	0.986513675294922
1204	5408	-1.56339737325111
1205	5409	1.30928224759993
1205	5410	2.60228358284444
1206	5411	2.89077100529575
1206	5412	1.77710018811493
1207	5413	-1.50092624718305
1207	5414	-0.571860809621902
1208	5415	1.55680315848937
1208	5416	-0.462678583916592
1209	5417	5.7833854863358
1209	5418	3.33234298948383
1210	5419	-3.30642745286458
1210	5420	1.3211913867132
1211	5421	4.58144959316023
1211	5422	1.42075404153735
1212	5423	3.46429904655977
1212	5424	1.36814202330666
1213	5425	-1.26018233994556
1213	5426	-2.12398779568599
1214	5427	0.688295783620709
1214	5428	0.282563550248179
1215	5429	-1.06538079898353
1215	5430	2.34120167514767
1216	5431	0.28400445799671
1216	5432	2.99740157464603
1217	5433	-0.984694108279613
1217	5434	2.98603284634769
1218	5435	0.213680295004732
1218	5436	-1.90263314184362
1219	5437	-2.93325116887837
1219	5438	-0.0560126799054159
1220	5439	2.09619580322063
1220	5440	2.37230748778395
1221	5441	-1.07462430168086
1221	5442	1.41289417047276
1222	5443	-0.498577854238048
1222	5444	-1.32461326602729
1223	5445	0.459846404110913
1223	5446	-0.721425396035799
1224	5447	-0.471384548332376
1224	5448	-2.79723374823719
1225	5449	0.985022339614004
1225	5450	-0.0686913970733403
1226	5451	-0.746962409026806
1226	5452	2.11860850794977
1227	5453	1.28963235090104
1227	5454	6.4760208092269
1228	5455	1.40390754444293
1228	5456	-3.71092037910123
1229	5457	3.87195081211654
1229	5458	0.72672336031131
1230	5459	0.127342519124238
1230	5460	3.78521055919841
1231	5461	0.359011560517782
1231	5462	1.21270867398842
1232	5463	3.80005242989244
1232	5464	1.91970376907494
1233	5465	1.96445694762022
1233	5466	-0.412295262603607
1234	5467	3.44958809580949
1234	5468	1.27727334631976
1235	5469	-0.40766134268675
1235	5470	3.44676481340734
1236	5471	2.80252242049223
1236	5472	2.06598361129445
1237	5473	0.868522384426031
1237	5474	3.84190126393885
1238	5475	-0.540184286963417
1238	5476	4.41233991201888
1239	5477	2.73218371518572
1239	5478	0.40940445965449
1240	5479	-0.756691708717685
1240	5480	1.33941869330631
1241	5481	3.65853667472931
1241	5482	3.4808185097458
1242	5483	1.09167716378973
1242	5484	-0.850099533820979
1243	5485	1.14430554883694
1243	5486	1.26602801385674
1244	5487	2.72681322850839
1244	5488	-0.723282200852125
1245	5489	1.07950096661296
1245	5490	2.07516978468979
1246	5491	1.05938677929336
1246	5492	1.3906590533699
1247	5493	0.183661525679894
1247	5494	-0.466852700638995
1248	5495	1.09102593561048
1248	5496	-1.991957926996
1249	5497	-1.37343724286369
1249	5498	4.56517719228679
1250	5499	0.0315216006732402
1250	5500	-1.44503457546266
1251	5501	-1.88986101476379
1251	5502	-3.15436847737721
1252	5503	3.94568519207836
1252	5504	4.06311343068756
1253	5505	-0.32995744622471
1253	5506	-0.928587907200617
1254	5507	2.01130821252658
1254	5508	0.62823299768814
1255	5509	-2.78454373977744
1255	5510	-0.850373557441213
1256	5511	-0.42034831258045
1256	5512	0.131525527270097
1257	5513	0.782034924201149
1257	5514	-0.408527994022766
1258	5515	-3.48474429046408
1258	5516	1.42890836339249
1259	5517	-2.05079531205132
1259	5518	3.88928291175767
1260	5519	-2.10228326127577
1260	5520	-0.273310085015104
1261	5521	-0.981456004051977
1261	5522	-1.09059257999469
1262	5523	-0.0640120714296739
1262	5524	-0.983743198813789
1263	5525	3.69411001666252
1263	5526	4.53215202851806
1264	5527	3.38275821035979
1264	5528	5.75349038126738
1265	5529	1.22205479206534
1265	5530	-1.35596718567668
1266	5531	3.53974002551198
1266	5532	-0.866846851732304
1267	5533	-1.65449473332095
1267	5534	3.2009126773967
1268	5535	-0.074670725385909
1268	5536	0.0812731845525549
1269	5537	-1.83480007201824
1269	5538	-1.65859104535028
1270	5539	5.36570968580949
1270	5540	7.38410624990002
1271	5541	-3.88914969219402
1271	5542	2.47760033296778
1272	5543	-2.13479423841142
1272	5544	-0.197186037387927
1273	5545	-3.32946031845549
1273	5546	-0.1129936570477
1274	5547	1.00858458923225
1274	5548	-1.04342383477661
1275	5549	-0.547832140820388
1275	5550	5.92658910411177
1276	5551	1.70389915406466
1276	5552	1.38669030670686
1277	5553	-4.10845921536661
1277	5554	4.13261532142054
1278	5555	-0.645647006375184
1278	5556	3.70755494948403
1279	5557	1.39533878139416
1279	5558	1.48098954845661
1280	5559	3.31669477724791
1280	5560	3.13798413087745
1281	5561	-2.85822424952079
1281	5562	1.77070192050065
1282	5563	-5.17417214783975
1282	5564	2.23181049298998
1283	5565	-0.281399229888604
1283	5566	-0.462568533626835
1284	5567	0.000683042410997507
1284	5568	-0.478772874807488
1285	5569	3.44078490009562
1285	5570	0.644617674195591
1286	5571	-1.18439682752199
1286	5572	0.0289945443820967
1287	5573	-0.201254527582178
1287	5574	-4.21118836932416
1288	5575	-3.98328168320444
1288	5576	0.691668377888031
1289	5577	0.599938917386375
1289	5578	2.56281054641159
1290	5579	2.77055650235282
1290	5580	0.3434686518945
1291	5581	2.13364507890578
1291	5582	5.04417904858354
1292	5583	1.23673419900615
1292	5584	6.31118052860588
1293	5585	3.34131968939982
1293	5586	3.71062992053643
1294	5587	-0.853885554656705
1294	5588	1.46598432155474
1295	5589	6.01185783214878
1295	5590	0.32921655906666
1296	5591	-2.64811189289786
1296	5592	1.63251425335771
1297	5593	-0.54572475059909
1297	5594	4.12757329186761
1298	5595	0.430030959262326
1298	5596	-0.340907578085827
1299	5597	-1.01666493081598
1299	5598	2.39062640386693
1300	5599	-0.7384625045538
1300	5600	4.73441601004637
1301	5601	4.45980439402996
1301	5602	1.70646813551545
1302	5603	1.07489860649959
1302	5604	-0.717333729934091
1303	5605	-1.42131506023696
1303	5606	2.58085236180182
1304	5607	4.60723725677463
1304	5608	0.0580052968400705
1305	5609	0.987161815650029
1305	5610	-2.304064698973
1306	5611	1.82678193074774
1306	5612	-0.753792762248016
1307	5613	0.946031370573161
1307	5614	2.31169470001749
1308	5615	2.1395137886772
1308	5616	1.66391639667173
1309	5617	1.72135278049729
1309	5618	4.58388544328287
1310	5619	-0.627780564444184
1310	5620	1.8779335493409
1311	5621	7.09435508068468
1311	5622	1.08541697356141
1312	5623	-1.1635494183363
1312	5624	-2.81330090675485
1313	5625	5.63617777936375
1313	5626	0.367486554766866
1314	5627	-0.486940749735845
1314	5628	-0.129839150875251
1315	5629	-2.90744786335822
1315	5630	2.594395717614
1316	5631	-0.705333127487555
1316	5632	0.565324085039555
1317	5633	3.05585954528264
1317	5634	4.16170785431223
1318	5635	2.46671845628693
1318	5636	-0.165084995498575
1319	5637	-1.41040336261281
1319	5638	3.06806263904199
1320	5639	0.866880049565737
1320	5640	4.80278658955461
1321	5641	-1.68297345276915
1321	5642	3.25604874720499
1322	5643	3.22744614915446
1322	5644	2.32841685436179
1323	5645	-1.58224442505263
1323	5646	2.31182500841048
1324	5647	-2.11899667377001
1324	5648	2.05176052204175
1325	5649	3.12002756507263
1325	5650	3.08311535641049
1326	5651	3.73541150521388
1326	5652	-1.07553170495038
1327	5653	2.31394137012117
1327	5654	1.83554704774204
1328	5655	2.18007535674324
1328	5656	-0.709808927020246
1329	5657	1.7861177298616
1329	5658	4.47046299541393
1330	5659	-2.78369784496057
1330	5660	1.19506761885353
1331	5661	1.68181020608656
1331	5662	3.34249532083248
1332	5663	-1.16493991151019
1332	5664	4.32162459207583
1333	5665	-0.299231354871227
1333	5666	2.05485287913535
1334	5667	4.11922543240779
1334	5668	4.55289756023112
1335	5669	-0.355458444438138
1335	5670	-0.215560553929629
1336	5671	0.273979550571145
1336	5672	0.0374907368035154
1337	5673	2.27648915815031
1337	5674	-4.43516262725938
1338	5675	-0.536452564373331
1338	5676	7.22743270251105
1339	5677	2.91716683317007
1339	5678	4.8925904328539
1340	5679	-1.43507431134544
1340	5680	0.295906730693907
1341	5681	-3.31814451921901
1341	5682	2.07894363702187
1342	5683	4.94017001761036
1342	5684	3.53172243325249
1343	5685	1.18666682690343
1343	5686	2.72523643228596
1344	5687	-0.424879338590515
1344	5688	-1.25727651502032
1345	5689	-2.07299774198647
1345	5690	1.66397106703477
1346	5691	-0.769957580790443
1346	5692	-0.54449761709404
1347	5693	0.157192599691576
1347	5694	3.48466747251085
1348	5695	3.98649984638413
1348	5696	3.23656119102542
1349	5697	4.64292458747053
1349	5698	4.91268701471235
1350	5699	3.56385297640191
1350	5700	-0.265854497607009
1351	5701	0.767034377222739
1351	5702	-2.32899504065021
1352	5703	2.99706573436235
1352	5704	2.26998587437591
1353	5705	-0.686810730054125
1353	5706	0.28900244098805
1354	5707	-2.31126890720679
1354	5708	1.50336830786606
1355	5709	-3.28764464445252
1355	5710	1.63814315986668
1356	5711	1.468532103608
1356	5712	1.26195881397957
1357	5713	5.44474531973836
1357	5714	-0.977954428994157
1358	5715	3.26663467805701
1358	5716	-1.96415224141665
1359	5717	2.40937221581464
1359	5718	-0.299576399133298
1360	5719	-0.4509131973138
1360	5720	4.61691294780282
1361	5721	-0.650870834356889
1361	5722	1.70805736145947
1362	5723	2.96397673188771
1362	5724	-1.3122903605872
1363	5725	0.0418190653790269
1363	5726	-2.77752627173921
1364	5727	-0.775837602668468
1364	5728	3.28877692855462
1365	5729	2.77928091243509
1365	5730	4.03467579074568
1366	5731	0.623801051808254
1366	5732	0.739301067739967
1367	5733	0.534687537790701
1367	5734	-1.32799179328617
1368	5735	3.2298814720626
1368	5736	0.881336928150802
1369	5737	2.06102427961999
1369	5738	-1.24756679942038
1370	5739	4.0022916727536
1370	5740	2.36139421933326
1371	5741	2.8255946798984
1371	5742	3.83802516319581
1372	5743	-0.88869549193358
1372	5744	0.28861032419313
1373	5745	0.18421193410171
1373	5746	-1.55552871234512
1374	5747	0.661035306364998
1374	5748	-2.61445030354455
1375	5749	-0.170458022845051
1375	5750	-1.40442177749273
1376	5751	0.332563030639687
1376	5752	2.54208389694912
1377	5753	1.25915539984947
1377	5754	3.68532613831289
1378	5755	3.13312508623761
1378	5756	1.99040515389027
1379	5757	2.60141179382913
1379	5758	2.37738357955839
1380	5759	-1.53471628606713
1380	5760	3.72419040706124
1381	5761	-4.44532859737888
1381	5762	4.49384144161732
1382	5763	0.184572811617473
1382	5764	-1.2088721707387
1383	5765	3.37035381940558
1383	5766	0.826676357907132
1384	5767	1.60727072578383
1384	5768	1.71863408673852
1385	5769	5.16924980584403
1385	5770	-1.00013962133131
1386	5771	2.57112163225875
1386	5772	-1.36843731363148
1387	5773	-0.424707230923139
1387	5774	0.276896116197286
1388	5775	1.38714418406999
1388	5776	5.52385902651848
1389	5777	5.2579481615761
1389	5778	-1.4049385429887
1390	5779	-0.872492147548238
1390	5780	-0.438108468775184
1391	5781	-1.07532457709996
1391	5782	2.02278592373069
1392	5783	3.13285019238634
1392	5784	0.343284766594583
1393	5785	-4.3854403665683
1393	5786	0.046794809530704
1394	5787	0.556100027207626
1394	5788	-2.02236273930854
1395	5789	0.456441355068369
1395	5790	1.75926041381917
1396	5791	0.840038292210989
1396	5792	-3.59029677704777
1397	5793	-2.73656566248156
1397	5794	1.0322315848103
1398	5795	1.11542425593443
1398	5796	4.20262081133768
1399	5797	-1.18117169522083
1399	5798	0.29537844819389
1400	5799	0.339510047897988
1400	5800	3.55087855452452
1401	5801	-0.215484664677095
1401	5802	-0.452279366778051
1402	5803	2.72155034293671
1402	5804	0.984209100526063
1403	5805	0.924173350086376
1403	5806	0.00501068882351996
1404	5807	3.01501171429315
1404	5808	0.756666639027658
1405	5809	2.34680768464154
1405	5810	2.62504604092971
1406	5811	0.777947048768421
1406	5812	-2.75254803853207
1407	5813	1.9763153771236
1407	5814	3.24788558995333
1408	5815	-0.820713450304109
1408	5816	-2.81622850206608
1409	5817	1.204758778307
1409	5818	0.588841386561691
1410	5819	-0.191858842740279
1410	5820	8.17402456898953
1411	5821	5.51935400613696
1411	5822	1.91297983540681
1412	5823	2.04974052930042
1412	5824	1.94439041700547
1413	5825	-0.455659424152617
1413	5826	-2.99754400752146
1414	5827	2.09614703073413
1414	5828	2.04255705744355
1415	5829	2.65332206494654
1415	5830	1.40432985439367
1416	5831	3.68610690756591
1416	5832	-2.09634282728602
1417	5833	2.15098636400399
1417	5834	2.74801933131639
1418	5835	0.621032186309437
1418	5836	-2.40708768349712
1419	5837	2.63702152090068
1419	5838	-0.48795130911317
1420	5839	1.83756555925555
1420	5840	0.257534724559086
1421	5841	1.12013662146623
1421	5842	0.642074743467546
1422	5843	3.36456092194169
1422	5844	-2.53824606774675
1423	5845	2.72421214881782
1423	5846	-0.344822121071509
1424	5847	3.23343299730404
1424	5848	0.108836055177995
1425	5849	1.46676883018555
1425	5850	1.08239374329287
1426	5851	4.25231813686756
1426	5852	-1.58968545257236
1427	5853	1.81079206767343
1427	5854	-2.42282906316351
1428	5855	1.28210340116745
1428	5856	-1.40176342691422
1429	5857	5.10666574861402
1429	5858	2.47768628039189
1430	5859	1.53522013601205
1430	5860	-2.23635730907793
1431	5861	4.10461067057916
1431	5862	1.91822080689662
1432	5863	1.27866731922406
1432	5864	-1.3966599837306
1433	5865	-0.513872582531246
1433	5866	3.47483521660897
1434	5867	4.07141816666649
1434	5868	-4.09449436322303
1435	5869	0.495699887421255
1435	5870	0.241836734596942
1436	5871	0.420745613413261
1436	5872	-0.0605032859216617
1437	5873	0.476736746577763
1437	5874	-0.312808485572294
1438	5875	1.64693391186822
1438	5876	4.56280143152786
1439	5877	2.71390816160297
1439	5878	-2.07739658970976
1440	5879	-2.83958749118064
1440	5880	-0.330367580200755
1441	5881	1.961281316667
1441	5882	-0.859271104402664
1442	5883	-0.253354893499405
1442	5884	0.910963725806502
1443	5885	-2.12913271462034
1443	5886	-2.85134927837332
1444	5887	0.852971820828641
1444	5888	-0.87620333302486
1445	5889	-2.31994050935537
1445	5890	0.0200018203415713
1446	5891	-0.804503901943765
1446	5892	-0.958338935602727
1447	5893	2.21293425891755
1447	5894	-2.69805857117664
1448	5895	6.26374668316683
1448	5896	-0.805188331887463
1449	5897	-1.32435761736781
1449	5898	-0.115817961960129
1450	5899	2.74326687815449
1450	5900	-4.4668251800045
1451	5901	4.34361226523684
1451	5902	3.64434509613279
1452	5903	-0.87468800948743
1452	5904	-3.35797593030865
1453	5905	-0.333167501713586
1453	5906	-0.137801120110649
1454	5907	1.33378695292669
1454	5908	1.30881345574147
1455	5909	1.79024347714872
1455	5910	-0.210444128204039
1456	5911	-0.650381777393969
1456	5912	2.23591097880477
1457	5913	3.91291754706966
1457	5914	-0.551656289279093
1458	5915	1.13213783530543
1458	5916	0.0438743682638683
1459	5917	2.05270328997059
1459	5918	3.38314353894219
1460	5919	0.35258567544173
1460	5920	2.08779886781396
1461	5921	3.96273439562844
1461	5922	-0.301864530292062
1462	5923	-2.81008038751199
1462	5924	0.527880454713705
1463	5925	0.904754622662072
1463	5926	-3.37566754396399
1464	5927	-1.47527777084011
1464	5928	-0.369240333338821
1465	5929	3.34572900088221
1465	5930	0.885400356196429
1466	5931	0.00759828740866897
1466	5932	5.53067495132545
1467	5933	-3.93745067046725
1467	5934	1.72273988847461
1468	5935	3.15660062971004
1468	5936	0.346155736425054
1469	5937	3.17423747679291
1469	5938	2.98655135357303
1470	5939	-1.93327485144229
1470	5940	1.64306042170589
1471	5941	3.93153795462543
1471	5942	0.541648650250208
1472	5943	0.468283188375837
1472	5944	0.0867781042096899
1473	5945	-0.416162761083064
1473	5946	5.17700034210508
1474	5947	-5.69146764050799
1474	5948	1.79731538943887
1475	5949	3.12885296723226
1475	5950	0.650657006461648
201	5951	-0.3175787375497
201	5952	1.14461191437934
202	5953	3.98991000651853
202	5954	2.4082724821907
203	5955	-0.846214911719285
203	5956	5.89324982337571
204	5957	-0.816682606482229
204	5958	0.0440623246539493
205	5959	-2.40862878296276
205	5960	-1.06710593091298
206	5961	3.59199182690588
206	5962	4.60624959851367
207	5963	2.94390062444225
207	5964	1.07034937665978
208	5965	2.31314953863684
208	5966	3.58119066343435
209	5967	0.692853876858998
209	5968	-1.16198137250134
210	5969	4.40669301972278
210	5970	4.21779632482869
211	5971	2.17009719890145
211	5972	-0.278488450194212
212	5973	0.825256782704202
212	5974	3.81308137390378
213	5975	0.360484135186287
213	5976	0.854109379840487
214	5977	0.0278158435613278
214	5978	3.69632033242129
215	5979	-0.457567981922807
215	5980	-4.42307005149051
216	5981	-0.805714878145933
216	5982	2.77602562116928
217	5983	1.28563709595745
217	5984	1.7045758216098
218	5985	-4.36968257886191
218	5986	-0.42785841288273
219	5987	3.00878757362575
219	5988	-0.539930758035327
220	5989	1.40004900515372
220	5990	2.49310245442697
221	5991	-1.09011662231535
221	5992	-0.0403635255332589
222	5993	-1.87937325588831
222	5994	-3.21418539598594
223	5995	2.96949272116718
223	5996	-2.44121442961837
224	5997	-2.81480649852899
224	5998	0.390028711063562
225	5999	2.18378633759795
225	6000	2.13940680120309
226	6001	0.32304592037041
226	6002	-1.6014808035229
227	6003	-2.56347763259284
227	6004	-0.199010905124136
228	6005	0.415900918303898
228	6006	2.72472729043382
229	6007	2.36248610521132
229	6008	3.00738285976814
230	6009	1.53525556456321
230	6010	1.34162027271034
231	6011	-0.533968680252371
231	6012	0.505632106475034
232	6013	-2.92585655819627
232	6014	0.434956954047199
233	6015	-0.831824679884362
233	6016	1.85818610919772
234	6017	2.66983297557293
234	6018	3.26610940136256
235	6019	0.463320892107848
235	6020	1.04313132476765
236	6021	0.856797419912658
236	6022	-1.32540437250875
237	6023	-3.10523897649741
237	6024	-0.492813991868381
238	6025	-0.971940903216695
238	6026	-2.32772310888262
239	6027	2.3993681199467
239	6028	0.0987162863872145
240	6029	-1.15534437182009
240	6030	-2.78481187064459
241	6031	-2.05858061213145
241	6032	-3.54790393806099
242	6033	3.15710590539897
242	6034	1.63393540187848
243	6035	0.596220330661096
243	6036	1.29197070171572
244	6037	1.1433676545768
244	6038	3.57695435066917
245	6039	4.56325055317
245	6040	-0.295513226393984
246	6041	4.15123023476045
246	6042	-0.140076603868077
247	6043	1.11235898187718
247	6044	-2.67195296502777
248	6045	-2.6610574642977
248	6046	0.436391040196318
249	6047	2.37130389868876
249	6048	0.47607837822902
250	6049	-0.509137821406474
250	6050	2.95700931345501
251	6051	4.77853194732872
251	6052	3.14477645144489
252	6053	0.804647547099718
252	6054	1.01523268193019
253	6055	4.48253803409723
253	6056	-0.472470176388197
254	6057	0.712633381322632
254	6058	0.628039455856428
255	6059	0.111323254851153
255	6060	2.29257012359283
256	6061	2.00955265738446
256	6062	3.44469514825556
257	6063	2.87232046377258
257	6064	-0.713182464117264
258	6065	3.66834164519087
258	6066	2.51227322401345
259	6067	4.05820663799154
259	6068	0.655124501278124
260	6069	0.31052228685066
260	6070	0.496858267942664
261	6071	3.15673166762064
261	6072	0.502324545955747
262	6073	3.90245679185063
262	6074	-2.19880864440839
263	6075	-2.16224528272203
263	6076	0.73452735468475
264	6077	0.645804692430724
264	6078	3.07991139605245
265	6079	1.4050245286799
265	6080	2.37776687891623
266	6081	3.42886497298234
266	6082	2.90276623352603
267	6083	2.67077631691796
267	6084	0.0661321931495965
268	6085	1.01580156375853
268	6086	0.582056105637105
269	6087	1.41430892991159
269	6088	0.817963277359473
270	6089	-0.616534498586936
270	6090	1.77895741597386
271	6091	-1.11274158705492
271	6092	4.00026897391581
272	6093	-0.256008473766257
272	6094	-1.46264485018799
273	6095	0.733626366726376
273	6096	0.160957927577776
274	6097	0.524486341576657
274	6098	0.0187887334092025
275	6099	3.16370366681865
275	6100	0.733301423322065
276	6101	7.10438430784513
276	6102	5.06426504812877
277	6103	0.557573889049323
277	6104	0.32964823678909
278	6105	-1.52577866979823
278	6106	1.48332125777876
279	6107	3.1412258864558
279	6108	9.21363356268323
280	6109	1.32155634666281
280	6110	-2.51830125695655
281	6111	-0.0183292974043199
281	6112	1.10920532996987
282	6113	2.33489106046586
282	6114	1.88624599505488
283	6115	2.28401379585046
283	6116	-0.86244301833172
284	6117	3.67410683993866
284	6118	-2.22086156566023
285	6119	1.93282228440471
285	6120	2.39398924061213
286	6121	-0.701652131239979
286	6122	1.13186857017684
287	6123	0.210081579015257
287	6124	0.919017315194572
288	6125	-0.0574092149481373
288	6126	2.80921128454332
289	6127	1.65054278737897
289	6128	5.58894868058074
290	6129	2.61896650351994
290	6130	5.88504807932144
291	6131	2.10953938293925
291	6132	-0.353336337902486
292	6133	1.94594265752305
292	6134	2.82734364600465
293	6135	1.86097972658958
293	6136	1.23004921335791
294	6137	-3.0159681228524
294	6138	1.47063505551364
295	6139	-3.28299068122021
295	6140	-1.95950073807794
296	6141	3.81567518580445
296	6142	2.36018861800571
297	6143	-0.841955926267038
297	6144	-0.459206034908564
298	6145	-2.69897559639831
298	6146	0.166730006397505
299	6147	-2.35545116894065
299	6148	2.1000926853071
300	6149	1.98283476976372
300	6150	1.67243000005734
301	6151	-1.6206396747917
301	6152	1.40335314430143
302	6153	0.550929522905691
302	6154	1.13906394134917
303	6155	2.53460098951668
303	6156	-2.14727773107136
304	6157	-0.279636963728302
304	6158	5.10812014269812
305	6159	0.863530458969025
305	6160	1.40357227322067
306	6161	-1.26299211829048
306	6162	-2.19387219000968
307	6163	-0.565228857756175
307	6164	-4.53013352647126
308	6165	0.702393206511329
308	6166	0.100247360308764
309	6167	-4.05620222474586
309	6168	-1.20985588653386
310	6169	1.39512902924144
310	6170	-0.671314577890531
311	6171	0.30480572784227
311	6172	1.65336160691146
312	6173	3.56617308667787
312	6174	-2.65673346183397
313	6175	2.38078897112673
313	6176	1.66446556274474
314	6177	2.38579391321467
314	6178	-1.43672842147706
315	6179	-1.72460234718576
315	6180	-0.289456453586044
316	6181	5.16301571448779
316	6182	-0.0127834809638397
317	6183	1.20919467923149
317	6184	-0.60518081062236
318	6185	1.60173772506834
318	6186	0.70111614747951
319	6187	3.98907619972432
319	6188	3.04035108993557
320	6189	1.5552447468282
320	6190	0.950960251210551
321	6191	0.501305687305751
321	6192	1.02472603861295
322	6193	0.00489706444684712
322	6194	0.417578026925559
323	6195	6.07911326796499
323	6196	3.51174739040795
324	6197	-3.18258746242303
324	6198	3.35892138351845
325	6199	4.52212610111086
325	6200	-1.60228594394653
326	6201	-0.163095133170864
326	6202	1.50780362631904
327	6203	0.254516232287779
327	6204	1.23425014168591
328	6205	2.45791662152575
328	6206	2.90439278864211
329	6207	0.161345809131562
329	6208	-1.71443969149047
330	6209	-1.01180724541529
330	6210	0.408209714018767
331	6211	3.44446545541873
331	6212	7.51772323154576
332	6213	2.42069507789081
332	6214	-2.31508018186262
333	6215	-5.44745964717931
333	6216	-0.227424861111734
334	6217	3.75650356129094
334	6218	3.01697999048768
335	6219	-0.985698824659981
335	6220	0.459508713587911
336	6221	0.597435100553855
336	6222	-0.571236163849461
337	6223	-1.62044622448892
337	6224	1.23401284966691
338	6225	2.18973928561767
338	6226	-1.32206585372807
339	6227	-1.10551842294232
339	6228	2.58508460628718
340	6229	3.11286738231603
340	6230	1.74951291439559
341	6231	2.20263326126748
341	6232	-0.130403750723433
342	6233	0.595840593255849
342	6234	1.60107862738417
343	6235	1.56933683242566
343	6236	4.71071214405638
344	6237	0.526256237082441
344	6238	2.9052501763654
345	6239	1.1710781823739
345	6240	-2.21097638143304
346	6241	2.26306066757432
346	6242	2.50059915979397
347	6243	2.89198696560025
347	6244	1.49223682995593
348	6245	-1.40742751046429
348	6246	-1.2436228532106
349	6247	0.7774266539186
349	6248	-2.71930098921488
350	6249	4.24753892493594
350	6250	0.561095085210395
351	6251	-1.3353229451944
351	6252	3.07203992643723
352	6253	5.99089823764583
352	6254	1.20304465977683
353	6255	0.607013315590588
353	6256	1.33981270257633
354	6257	4.07207980724492
354	6258	2.36159320422653
355	6259	-3.23626357148811
355	6260	-2.74797252154058
356	6261	1.23194623648331
356	6262	-0.394112856560487
357	6263	0.99420465004907
357	6264	-0.170124215816012
358	6265	-0.617680510288699
358	6266	3.30573066835281
359	6267	0.179229184986361
359	6268	-3.84224745445866
360	6269	-1.76074889914788
360	6270	-4.43294816671973
361	6271	2.57725238996208
361	6272	1.03871345877073
362	6273	1.96932294976383
362	6274	4.07973881904848
363	6275	4.96982204578197
363	6276	1.17571718730096
364	6277	0.210667119665466
364	6278	-2.83716428964126
365	6279	-1.4476446846793
365	6280	-1.96665459679549
366	6281	-0.492234691971231
366	6282	-1.70008841514271
367	6283	2.43455996051984
367	6284	-0.184807691803989
368	6285	-1.59370309718824
368	6286	5.65553887085032
369	6287	3.58808743406893
369	6288	1.91739681275323
370	6289	3.97674959664469
370	6290	1.77845835583313
371	6291	-3.39788795354585
371	6292	-1.02223882921686
372	6293	1.59801006878783
372	6294	4.54389147578701
373	6295	0.8813812592515
373	6296	2.65770165165783
374	6297	-1.14996056985923
374	6298	-0.343717217392864
375	6299	3.22281771603283
375	6300	2.62943967333291
376	6301	1.77499273226654
376	6302	1.27013531555987
377	6303	1.0436756015969
377	6304	2.91417689332062
378	6305	2.76631585859371
378	6306	2.8264260958625
379	6307	2.53108278332201
379	6308	2.26722030764658
380	6309	2.57859973705675
380	6310	1.08798811451289
381	6311	0.253059799903227
381	6312	0.0802283810972919
382	6313	1.4129297940198
382	6314	0.371502388950714
383	6315	-0.423832255210997
383	6316	3.75293513794189
384	6317	-1.23211088258739
384	6318	4.91351922073805
385	6319	4.78403363480859
385	6320	1.860867845257
386	6321	1.75555581301829
386	6322	-6.0962273577445
387	6323	0.347000563428329
387	6324	3.91263989808607
388	6325	-1.17252773433834
388	6326	2.40761792468019
389	6327	2.00132217490933
389	6328	1.41880895718426
390	6329	0.850218772979345
390	6330	1.04050537151796
391	6331	-4.52661867684029
391	6332	-1.23972040396272
392	6333	0.77707130023698
392	6334	-2.99861529037309
393	6335	2.91632744365284
393	6336	3.94938268069153
394	6337	2.99456809248477
394	6338	4.61334258112033
395	6339	-1.79119246555834
395	6340	2.31055328452702
396	6341	3.58229666305153
396	6342	1.00090238401545
397	6343	-0.975561032283527
397	6344	-0.305894562674122
398	6345	1.75569613695696
398	6346	0.241041877797393
399	6347	1.73944959023217
399	6348	-2.93342067344001
400	6349	0.605537634102175
400	6350	-1.79162175274623
401	6351	2.75699609949307
401	6352	-0.101601110622826
402	6353	4.63727860807612
402	6354	4.55741458586039
403	6355	-2.81122488643793
403	6356	-3.07680691433659
404	6357	-0.438044160449386
404	6358	0.166016561701388
405	6359	-2.7898897298208
405	6360	-2.90127406244326
406	6361	1.84129611250161
406	6362	-0.135875866815364
407	6363	0.136526199116892
407	6364	3.05629780478107
408	6365	2.30150387837239
408	6366	-1.60725662781149
409	6367	-1.7374671601131
409	6368	-1.53741895191893
410	6369	1.71719595759605
410	6370	0.541913054821596
411	6371	-0.747211076183921
411	6372	0.648465495624948
412	6373	1.68279328907429
412	6374	-1.62261577579596
413	6375	0.810564109845354
413	6376	8.33529113199661
414	6377	-0.568532797888756
414	6378	3.11487717735099
415	6379	1.73243298682313
415	6380	1.36760334544852
416	6381	-1.00279451460549
416	6382	3.27744294674639
417	6383	2.39568450328134
417	6384	1.48245570735544
418	6385	0.893271536523491
418	6386	-1.11985539388698
419	6387	-0.084070042986347
419	6388	1.78633830588957
420	6389	0.904607851144277
420	6390	-2.01762722366721
421	6391	1.52820377670869
421	6392	2.76862051165648
422	6393	0.848320949290884
422	6394	-0.825074383016427
423	6395	3.50035585813928
423	6396	1.31434189717685
424	6397	-1.66518761691063
424	6398	1.29924323318321
425	6399	2.56588016060111
425	6400	3.98574210995062
426	6401	0.473114835319329
426	6402	2.44517976748515
427	6403	1.17715854354804
427	6404	-5.0156830404452
428	6405	1.147233916146
428	6406	5.13516169113899
429	6407	4.91988741130586
429	6408	2.99750075201669
430	6409	0.0478085602879204
430	6410	-1.08026323915771
431	6411	4.45107771631211
431	6412	4.31296023405543
432	6413	6.28734131428226
432	6414	2.14765655831356
433	6415	-1.36972874416204
433	6416	-0.0751130998650778
434	6417	5.33749219525244
434	6418	0.757154590039392
435	6419	-0.497672462199707
435	6420	-0.104146159085339
436	6421	3.09834977033283
436	6422	2.53112863211742
437	6423	1.95042361392104
437	6424	-0.143582098558161
438	6425	-0.358078733267733
438	6426	1.25623715692896
439	6427	5.04927823135806
439	6428	-0.239149725692111
440	6429	2.73536169154427
440	6430	0.00257839506601942
441	6431	5.66666719513908
441	6432	6.27424399541254
442	6433	0.467531075894268
442	6434	0.888339628369304
443	6435	0.781155517685582
443	6436	1.22953785984144
444	6437	0.54953679438359
444	6438	5.98727640069723
445	6439	-1.05455019666088
445	6440	3.47783623571795
446	6441	-0.537486533648332
446	6442	3.81585631376487
447	6443	-0.651549152629177
447	6444	0.956998443298112
448	6445	1.64607327528654
448	6446	-0.56504894512915
449	6447	4.53710443285431
449	6448	-0.176751173165668
450	6449	5.93363614816664
450	6450	0.754009561091462
451	6451	3.37597709867582
451	6452	4.55870338626004
452	6453	5.91672036062872
452	6454	5.5963484186603
453	6455	-1.48132718022271
453	6456	1.90146190910884
454	6457	1.1050476853147
454	6458	-2.01143965630101
455	6459	1.73994125291752
455	6460	-3.27318928343485
456	6461	3.74397328538329
456	6462	1.88457994919249
457	6463	-4.51745543732963
457	6464	1.5065504987639
458	6465	-1.29116888824711
458	6466	1.83226090022468
459	6467	2.35968374434437
459	6468	-0.317157802775331
460	6469	3.07522377912567
460	6470	1.0759250585866
461	6471	1.18673765939327
461	6472	-1.36423856799233
462	6473	-4.2703232039214
462	6474	-3.58016291128985
463	6475	3.12894492412645
463	6476	-1.91655343837178
464	6477	6.72824095503888
464	6478	4.58043604419055
465	6479	3.56867848481049
465	6480	1.35629862730094
466	6481	0.713319589083215
466	6482	1.61875123385553
467	6483	2.64533844465816
467	6484	3.39938393865933
468	6485	-1.98546211417749
468	6486	-1.46141519409432
469	6487	0.918167276488135
469	6488	1.21220028368267
470	6489	2.00634389029924
470	6490	0.207393973777059
471	6491	1.26017779121076
471	6492	1.50218358168418
472	6493	-0.955299595325539
472	6494	-0.775827072935279
473	6495	3.11906961944278
473	6496	1.07615407899655
474	6497	-0.390988728381912
474	6498	3.80927762657804
475	6499	2.41060593577667
475	6500	-0.618777432991318
476	6501	3.32933220091642
476	6502	0.212374520261616
477	6503	5.42457652282464
477	6504	0.00867619461741898
478	6505	2.91749213400988
478	6506	1.10713079809523
479	6507	2.86455483707969
479	6508	-0.26081210934474
480	6509	-1.85796034293044
480	6510	0.182928751443468
481	6511	6.26115073562889
481	6512	0.55295780225599
482	6513	1.77154584252027
482	6514	-1.82080666875695
483	6515	0.212894789404692
483	6516	0.67030456580841
484	6517	0.0676581798287009
484	6518	-0.810389098986952
485	6519	1.99354634750556
485	6520	-1.71886705975303
486	6521	-3.24676035005658
486	6522	1.00013017244221
487	6523	0.860953424582075
487	6524	3.40347234179997
488	6525	1.59617554797326
488	6526	4.53622365262627
489	6527	1.32957464927719
489	6528	5.38051969007145
490	6529	0.00217131313335817
490	6530	-0.382359854079964
491	6531	4.60698433455276
491	6532	-2.39741046135707
492	6533	3.56104224179611
492	6534	2.51980137323075
493	6535	0.947749775856437
493	6536	-1.81324129282247
494	6537	4.63341839902171
494	6538	7.00169531220665
495	6539	1.76369717920441
495	6540	4.90534996148276
496	6541	-3.49679275543495
496	6542	-3.43060507620247
497	6543	-3.32468415985245
497	6544	-3.28952447038795
498	6545	0.661441892821637
498	6546	-0.80822555369586
499	6547	-0.324648001762847
499	6548	-1.6425242674284
500	6549	1.44120010776838
500	6550	2.28705647051078
501	6551	3.99753584404005
501	6552	-2.65451867194351
502	6553	-0.342133881417205
502	6554	0.797164429969622
503	6555	1.11953627896026
503	6556	0.283160818094454
504	6557	1.40382891780342
504	6558	-2.32641403607656
505	6559	1.6964718077041
505	6560	1.36440128924259
506	6561	-3.29388841107833
506	6562	-0.707532541024623
507	6563	-3.82803989796394
507	6564	-1.66846870145093
508	6565	4.19525268214371
508	6566	5.36800601879097
509	6567	4.32373535958997
509	6568	0.230025078400276
510	6569	-1.00309849163207
510	6570	-0.917097139004746
511	6571	-1.05924841509884
511	6572	-2.00846709028591
512	6573	6.1817925853424
512	6574	-0.79338210438864
513	6575	2.28999963298983
513	6576	-0.925619506252093
514	6577	1.22897556502629
514	6578	3.49305468406599
515	6579	-0.876218442635759
515	6580	0.914160804213747
516	6581	-0.582178168299022
516	6582	-1.94982078914963
517	6583	3.08747520458711
517	6584	2.25288798333996
518	6585	1.87208088654991
518	6586	3.44966379994691
519	6587	1.3674419057598
519	6588	3.57149033914377
520	6589	1.63827999210421
520	6590	-0.859019750200017
521	6591	-0.497422725142555
521	6592	-0.732711335939659
522	6593	-0.681361453497114
522	6594	0.106833553000892
523	6595	3.11345182893627
523	6596	-2.57536980738065
524	6597	2.30453493731356
524	6598	1.75331760383109
525	6599	1.69916195582077
525	6600	1.73459387370011
526	6601	1.43096554289444
526	6602	4.06096317515706
527	6603	2.70515606049316
527	6604	-0.535164193475741
528	6605	5.077687328792
528	6606	-0.588099597428444
529	6607	-0.110232927745913
529	6608	0.0655342167540581
530	6609	3.36894950990872
530	6610	1.54705483541799
531	6611	2.9515360331637
531	6612	3.36165472653326
532	6613	0.501152268363165
532	6614	3.62950969338043
533	6615	0.84445871883624
533	6616	4.48612774279529
534	6617	0.550074801077529
534	6618	-0.557409715851063
535	6619	2.27110826639448
535	6620	2.27867921494202
536	6621	2.61260139439042
536	6622	5.64251945064774
537	6623	-0.359784288893652
537	6624	2.26131521522616
538	6625	2.84798171941285
538	6626	0.983234916172507
539	6627	-3.0823720958893
539	6628	1.29880520511517
540	6629	3.4301431949178
540	6630	0.745922329272636
541	6631	-2.45220375468825
541	6632	-0.823673000086676
542	6633	3.65845251712412
542	6634	3.61437384784606
543	6635	2.94250522234266
543	6636	1.3850050812769
544	6637	5.6001989686613
544	6638	2.36469197770791
545	6639	1.58813877710833
545	6640	-0.42577847945984
546	6641	3.42014017145689
546	6642	1.24662696727731
547	6643	-2.9432326512144
547	6644	-0.933179592871703
548	6645	-0.283389452393228
548	6646	3.120537873792
549	6647	3.09071475775449
549	6648	-1.63747058178259
550	6649	4.81236050438402
550	6650	1.1853685492102
551	6651	2.93003517656478
551	6652	1.97725382273976
552	6653	-0.0819857025328585
552	6654	3.37687921060558
553	6655	-0.539507021493913
553	6656	-1.98207820156761
554	6657	2.51193200126474
554	6658	3.70887387303661
555	6659	0.0749213389333663
555	6660	2.97361258657548
556	6661	-0.13657881688345
556	6662	0.0356980520839282
557	6663	2.15037443254641
557	6664	2.34292747781475
558	6665	2.12491587196105
558	6666	4.44090859152357
559	6667	1.00556532834102
559	6668	1.74093868762643
560	6669	-1.33074723914682
560	6670	1.12640866973273
561	6671	1.44771863341869
561	6672	2.81942592245342
562	6673	1.58549684305733
562	6674	-0.343485101563609
563	6675	3.50111609880946
563	6676	1.3388814061975
564	6677	1.05762404082421
564	6678	-1.7268314368567
565	6679	-1.39966376782988
565	6680	1.07996049142519
566	6681	0.19303536013097
566	6682	3.1813299174082
567	6683	-0.1244975478572
567	6684	0.0850720306591759
568	6685	0.661364869351786
568	6686	1.76968671391553
569	6687	0.602120036589538
569	6688	0.128820934190117
570	6689	4.43468700607476
570	6690	2.53989201568083
571	6691	0.318117534849616
571	6692	3.5416403977312
572	6693	0.132551633059096
572	6694	3.91578704584013
573	6695	1.75769525094969
573	6696	1.30183396192115
574	6697	3.00577052511393
574	6698	2.96190542224035
575	6699	0.570193769213728
575	6700	2.47997575031666
576	6701	1.84749213069606
576	6702	1.65459736565565
577	6703	-0.601478256692106
577	6704	2.35656917424885
578	6705	3.87978567993447
578	6706	3.01758637974771
579	6707	2.5700659094275
579	6708	5.13423724059734
580	6709	0.630203188764399
580	6710	-1.59391444546583
581	6711	4.8657178667068
581	6712	3.56929549475656
582	6713	-0.146743889301623
582	6714	4.05621389028117
583	6715	-1.22385094247324
583	6716	-0.486831098702508
584	6717	-2.0742617982537
584	6718	-1.27542071951821
585	6719	4.59085296377623
585	6720	3.93490418197567
586	6721	1.6119078719605
586	6722	4.33748028247028
587	6723	0.836812568171055
587	6724	5.58793943699197
588	6725	1.20621265832546
588	6726	-0.67546233528412
589	6727	-1.27807421003567
589	6728	1.43006834735569
590	6729	0.181317524008913
590	6730	3.2809764831038
591	6731	-2.22584256790558
591	6732	4.26109877449595
592	6733	-0.123819880436939
592	6734	4.52657768249626
593	6735	1.4368992857139
593	6736	1.03442233362112
594	6737	-2.38782650712694
594	6738	-1.44127063785275
595	6739	-0.700935056321537
595	6740	-0.593083369998051
596	6741	2.44843846502882
596	6742	3.08740038435108
597	6743	-1.34639667366265
597	6744	-0.723659457716118
598	6745	-1.07434037940196
598	6746	0.373876863210447
599	6747	-1.9307084138899
599	6748	3.96755249537675
600	6749	2.35923698831078
600	6750	1.82241795098
601	6751	3.62464583121797
601	6752	-1.30743792264828
602	6753	1.46391634702299
602	6754	3.01376888910291
603	6755	2.17756826130651
603	6756	2.53072507045332
604	6757	0.610680174750013
604	6758	-0.614141392006857
605	6759	5.82880961270146
605	6760	1.11287520401892
606	6761	3.46434833100119
606	6762	1.52145886666275
607	6763	-1.87347887376481
607	6764	-0.232554731327706
608	6765	1.39109046282282
608	6766	0.185337440189038
609	6767	1.33662936749535
609	6768	0.168859820985863
610	6769	4.34812655628713
610	6770	0.170043900912445
611	6771	4.26478985406118
611	6772	1.67654423925165
612	6773	0.0468483462308945
612	6774	0.395835757491478
613	6775	4.70836144566698
613	6776	3.68502564630505
614	6777	-1.28088010080056
614	6778	2.91744070622546
615	6779	1.6545583676027
615	6780	-0.124283067155198
616	6781	-0.242476550592676
616	6782	2.00681684797478
617	6783	-1.36006278991284
617	6784	-1.1865321285401
618	6785	-3.07465700056262
618	6786	-0.902606550807792
619	6787	-4.1709417460852
619	6788	-0.364196492732247
620	6789	-1.04454951404131
620	6790	1.72385170812344
621	6791	4.64860048747789
621	6792	1.56271319569909
622	6793	3.0312345531835
622	6794	5.62020152492607
623	6795	2.29661194069207
623	6796	2.04230791830418
624	6797	3.80949911098602
624	6798	1.22063295287249
625	6799	-0.586503577423555
625	6800	3.51514580577687
626	6801	-1.11163492372423
626	6802	-0.363169750910515
627	6803	2.91489917161157
627	6804	2.8762299941285
628	6805	2.43689836176114
628	6806	-1.665727347302
629	6807	0.971492727945526
629	6808	-1.34400116973686
630	6809	5.8732865110454
630	6810	-2.19024697526965
631	6811	-1.85043024895507
631	6812	2.56189290234832
632	6813	-2.38976109388354
632	6814	0.164484285030344
633	6815	-2.45419497760955
633	6816	0.0754768988588215
634	6817	1.15622570969233
634	6818	2.66998439188567
635	6819	0.947776625892959
635	6820	2.60042056082918
636	6821	3.34317950292662
636	6822	2.6315434050664
637	6823	4.67761216956391
637	6824	4.10942461910906
638	6825	-0.937377143687355
638	6826	-1.35881241251597
639	6827	1.79557824523875
639	6828	1.73878041097852
640	6829	-1.68660579089224
640	6830	-1.0755825649715
641	6831	3.76773179045089
641	6832	4.27350199331235
642	6833	4.03208053727285
642	6834	0.983758723210541
643	6835	2.58108918078368
643	6836	1.61783126040671
644	6837	-2.78975065113766
644	6838	1.99089027252391
645	6839	4.71054080293747
645	6840	4.9331715931992
646	6841	-3.07292821600408
646	6842	0.922751264079194
647	6843	0.3848072244989
647	6844	2.26799293764412
648	6845	-1.5930427536314
648	6846	3.86880478284855
649	6847	-1.25701550635331
649	6848	0.881553466073722
650	6849	-1.08546832955169
650	6850	0.614328318004763
651	6851	-0.100237863273093
651	6852	5.2696653203284
652	6853	0.141987867069351
652	6854	0.377720247811159
653	6855	1.13123532041525
653	6856	1.04436370848494
654	6857	0.194609985291087
654	6858	-0.709153760619728
655	6859	1.42899956992279
655	6860	1.0729502426662
656	6861	5.02871212457697
656	6862	3.64049329446091
657	6863	2.12424072403407
657	6864	2.05608079307616
658	6865	3.01736217994593
658	6866	2.62917588490607
659	6867	0.549159995309526
659	6868	1.49888662899229
660	6869	0.312325273941501
660	6870	-6.49522253222741
661	6871	-2.18770063227387
661	6872	-1.13810904927545
662	6873	-3.03742053396995
662	6874	0.31841661883303
663	6875	1.05644047755445
663	6876	-1.02800063643876
664	6877	-2.97152124165919
664	6878	6.13617621581425
665	6879	1.95671776338886
665	6880	0.509494341851558
666	6881	0.460632463671852
666	6882	-1.42645895713783
667	6883	3.77837916076796
667	6884	2.50720780678448
668	6885	2.34992204865992
668	6886	2.40510517205935
669	6887	-5.27744056892045
669	6888	2.11191163499608
670	6889	0.229312080487425
670	6890	-3.44543934201284
671	6891	1.82904417516174
671	6892	1.53382826200309
672	6893	3.0510780230004
672	6894	6.13760133125846
673	6895	-1.24203487833923
673	6896	2.31581699680835
674	6897	2.41395529748194
674	6898	3.73821070828926
675	6899	1.35632274547318
675	6900	0.949934933679764
676	6901	1.89117218733958
676	6902	1.26481778786727
677	6903	1.47222138458956
677	6904	2.28094624822022
678	6905	3.02399089165381
678	6906	1.21658032672379
679	6907	3.03270199361778
679	6908	5.2397589908305
680	6909	-1.45041123761978
680	6910	3.61793846383598
681	6911	0.26368509489966
681	6912	6.49246098575524
682	6913	-1.11942309765065
682	6914	-0.0343702344628294
683	6915	-1.99692390693378
683	6916	0.0193908996881152
684	6917	1.31652193851828
684	6918	0.0703413120003045
685	6919	-3.3334824229659
685	6920	0.0738271356773827
686	6921	-0.465771967800079
686	6922	-1.32828067328943
687	6923	1.61929113853014
687	6924	-1.26526901612658
688	6925	-4.06933418139916
688	6926	0.46488637200093
689	6927	-0.939091588383794
689	6928	-0.235145247272632
690	6929	-0.577675516292238
690	6930	3.37209147465747
691	6931	-0.765981155624596
691	6932	0.334993061136598
692	6933	2.53517453683761
692	6934	3.55391495863462
693	6935	2.12803372379625
693	6936	4.68803613506581
694	6937	0.22156238489844
694	6938	1.63635691317078
695	6939	1.49906953888982
695	6940	1.87756309226378
696	6941	1.94812978281969
696	6942	-2.83364340313299
697	6943	-0.247174578842493
697	6944	-0.392303090377624
698	6945	3.79206682352534
698	6946	2.87124006570127
699	6947	1.58578993635322
699	6948	5.2162111592169
700	6949	-0.946372300830802
700	6950	3.27662685325606
701	6951	-1.75453189687526
701	6952	1.12300989181028
702	6953	1.42374039749075
702	6954	0.793474132472104
703	6955	1.05519436668742
703	6956	2.70418623038353
704	6957	-1.03025840945873
704	6958	2.75489741767618
705	6959	0.852752763572184
705	6960	1.44740495488202
706	6961	4.17273982282187
706	6962	0.907655443738284
707	6963	3.07563538833858
707	6964	4.65270042486792
708	6965	-1.04750455433504
708	6966	-1.82726156522999
709	6967	-2.41698341754118
709	6968	-1.61218498574943
710	6969	1.44527274399455
710	6970	0.122498675817253
711	6971	1.75475217746031
711	6972	-0.901077138098425
712	6973	-0.743817039785745
712	6974	1.63960133455966
713	6975	-1.17603707179124
713	6976	2.31549537564878
714	6977	2.63892809303419
714	6978	0.171636440389489
715	6979	3.93204588538058
715	6980	-1.06680531312561
716	6981	-2.39395168078371
716	6982	0.35957744099555
717	6983	3.3085888483018
717	6984	-0.705897007993327
718	6985	3.0300176385504
718	6986	5.4122429754671
719	6987	-1.43105165914449
719	6988	-0.569716863141574
720	6989	0.552621544517709
720	6990	-2.77877073212258
721	6991	1.67529900629146
721	6992	5.03009330680263
722	6993	-2.75061472035519
722	6994	-1.34928555863498
723	6995	6.65902113778016
723	6996	2.81856602138421
724	6997	0.0362013387098753
724	6998	0.0551090208272022
725	6999	2.82092819064651
725	7000	-2.59829586222232
726	7001	-2.65028799497003
726	7002	0.605839813822634
727	7003	3.07042649352515
727	7004	5.28282099801974
728	7005	-0.919488557508134
728	7006	-0.638841970314487
729	7007	4.529713945414
729	7008	-0.181322416298839
730	7009	0.398277465238172
730	7010	-0.766153767831177
731	7011	2.63937603709128
731	7012	1.67206669707343
732	7013	0.253648628979937
732	7014	4.28958881990219
733	7015	-3.27201247115333
733	7016	1.71384825961881
734	7017	0.770534238146872
734	7018	-1.97038048014616
735	7019	2.61605107314258
735	7020	2.44660455408508
736	7021	1.47682553904386
736	7022	1.59661070909487
737	7023	1.03973371678139
737	7024	0.738910014533743
738	7025	4.70334761232378
738	7026	3.40542150140231
739	7027	-0.144239757691912
739	7028	6.35804448672156
740	7029	-3.74445679936105
740	7030	-0.96277096499162
741	7031	1.5684006835954
741	7032	4.06390683476812
742	7033	1.74046179141271
742	7034	0.527765703247128
743	7035	-1.08367267706364
743	7036	1.1609058786261
744	7037	0.263301581599705
744	7038	-2.60476440850251
745	7039	1.90718374548933
745	7040	-0.336264838977054
746	7041	1.74496172758864
746	7042	3.11440444371909
747	7043	-0.619960274977338
747	7044	2.15385147263385
748	7045	0.803432158535712
748	7046	-1.03071361579233
749	7047	-1.31788467149289
749	7048	0.83086231240296
750	7049	0.0188397289917843
750	7050	-3.91729962384481
751	7051	2.66646851294281
751	7052	-1.90852800644199
752	7053	4.06769128627666
752	7054	2.69818582403955
753	7055	2.65620729508223
753	7056	2.17467999878112
754	7057	-0.544147628764619
754	7058	0.0365532843223781
755	7059	3.98882444619381
755	7060	4.95881247633166
756	7061	1.0646161032994
756	7062	2.56685563340667
757	7063	0.735482132346879
757	7064	0.0835066588014377
758	7065	-2.48711974572956
758	7066	0.973892814408971
759	7067	-0.62709654126158
759	7068	2.65397031719066
760	7069	4.36422935559628
760	7070	5.53781234628195
761	7071	-2.94674420791503
761	7072	0.755217525557374
762	7073	1.21607708325233
762	7074	3.05195771324789
763	7075	-2.32065111752127
763	7076	0.810624114956561
764	7077	5.01647948093536
764	7078	2.91300765636793
765	7079	0.946657288684707
765	7080	-1.57275760298997
766	7081	0.67912630743556
766	7082	5.19178669427992
767	7083	-0.804365699823889
767	7084	-0.0971619077457624
768	7085	-3.56246887115178
768	7086	1.64961308841805
769	7087	0.324654739906102
769	7088	2.26839262188967
770	7089	2.14863863523285
770	7090	2.63434475550384
771	7091	0.818703416069002
771	7092	-0.123465490680068
772	7093	3.30779537959242
772	7094	2.92271871071963
773	7095	3.58938075485783
773	7096	0.854182111236677
774	7097	2.77116195034777
774	7098	2.69844492302073
775	7099	3.43880269195846
775	7100	-2.62415910394098
776	7101	3.07577367343346
776	7102	-1.00472825631673
777	7103	-2.66615878223295
777	7104	0.288359697518398
778	7105	2.78198648975057
778	7106	-0.142929822545224
779	7107	-2.15443031199619
779	7108	3.70309268915192
780	7109	7.87433818879182
780	7110	4.70374788152599
781	7111	0.54585708867485
781	7112	2.61071709272342
782	7113	2.00096523235127
782	7114	1.42196620156017
783	7115	0.729069798269696
783	7116	6.80114655557503
784	7117	2.76057638042154
784	7118	2.36093089567371
785	7119	3.08560932736422
785	7120	-1.17934807247597
786	7121	-2.59764660227805
786	7122	0.121655789734777
787	7123	-1.00798766570881
787	7124	-3.80660085142012
788	7125	-0.910728451359507
788	7126	1.81727333044719
789	7127	-0.660014583538348
789	7128	1.62710052212261
790	7129	-0.135173101956006
790	7130	-0.606153258427977
791	7131	-1.09367888828045
791	7132	-2.42471437766234
792	7133	2.9228536304193
792	7134	1.7038694163573
793	7135	-1.38304201147193
793	7136	3.23793467926587
794	7137	-0.872719246306047
794	7138	3.85681194415276
795	7139	-1.1554558023829
795	7140	2.09781432536767
796	7141	0.103386600673202
796	7142	-0.241656499015745
797	7143	-2.19306219204084
797	7144	2.79186061219165
798	7145	0.0412826965028271
798	7146	-0.677563127278068
799	7147	4.06064963267592
799	7148	1.66295350971311
800	7149	1.15351735364711
800	7150	1.0491064067334
801	7151	0.563930076338637
801	7152	1.1697964125387
802	7153	3.25044564359419
802	7154	3.59454267753457
803	7155	3.53595325671528
803	7156	1.22462482516762
804	7157	4.32331128431378
804	7158	-0.585872759788579
805	7159	2.33984344734505
805	7160	1.76211984223096
806	7161	1.59778087714548
806	7162	1.78833182616818
807	7163	-1.51357318584079
807	7164	0.654044998260233
808	7165	0.373343891033972
808	7166	0.553562584149641
809	7167	3.38358651926552
809	7168	-0.785210731599519
810	7169	-1.90191554168262
810	7170	-0.263863390080618
811	7171	2.42871243038555
811	7172	4.92680245901704
812	7173	-0.648652381798458
812	7174	1.02920823015889
813	7175	4.13946215010663
813	7176	2.44333319719545
814	7177	3.73481279381276
814	7178	3.58326798050492
815	7179	0.73454700111044
815	7180	-0.895406652144186
816	7181	6.33524634544679
816	7182	3.59858717721729
817	7183	0.63568899951003
817	7184	3.33065317946244
818	7185	3.28808909771792
818	7186	0.343009310882667
819	7187	-2.44939692444147
819	7188	-3.91388952526796
820	7189	3.18974834426487
820	7190	0.400201783432298
821	7191	0.404947152224943
821	7192	1.99690454455532
822	7193	2.86468401570629
822	7194	1.98678246691642
823	7195	0.738001864553971
823	7196	-0.326475448326278
824	7197	0.908493204599482
824	7198	-0.947662627086272
825	7199	-1.98467008999372
825	7200	2.70023423285115
826	7201	0.496809597655324
826	7202	1.70594483718827
827	7203	1.04275998402374
827	7204	2.7993690018741
828	7205	0.463772463094813
828	7206	0.0166128632975463
829	7207	1.01065715126843
829	7208	5.52001082276309
830	7209	-0.322362882345837
830	7210	0.475691176162681
831	7211	5.21931397642923
831	7212	1.64282709413532
832	7213	-2.41829993917385
832	7214	-3.13457443569402
833	7215	4.68295023529369
833	7216	2.38560753084282
834	7217	0.49684211659834
834	7218	-2.63848329173938
835	7219	-0.224061131446924
835	7220	-0.48052319615285
836	7221	-1.99977333335435
836	7222	1.06191803524841
837	7223	0.994343018500732
837	7224	-1.18975113087376
838	7225	0.556691498373607
838	7226	0.958410218374731
839	7227	-2.72267827722606
839	7228	-2.6315273841086
840	7229	-5.05154832225314
840	7230	0.89524044935143
841	7231	-0.60606745897813
841	7232	1.83843784226612
842	7233	2.51490339357847
842	7234	0.872232236789986
843	7235	2.44407962767784
843	7236	-3.349408562501
844	7237	-0.168427590820393
844	7238	-1.2982347747067
845	7239	-1.2942136446447
845	7240	0.213168280191805
846	7241	0.370736093464923
846	7242	-1.41697353888739
847	7243	-0.413822244564792
847	7244	0.816523572165027
848	7245	-0.218322538764032
848	7246	-0.34220548353715
849	7247	-0.653985099381282
849	7248	0.984483426235182
850	7249	0.901966281426472
850	7250	0.667956862905965
851	7251	0.055313815201285
851	7252	1.49144184470705
852	7253	2.51095511428075
852	7254	4.27868756558653
853	7255	4.32734784278923
853	7256	0.399461342437949
854	7257	-1.22997404191964
854	7258	0.196379525855331
855	7259	-1.17256781420756
855	7260	-1.10693288555129
856	7261	4.06647744853023
856	7262	2.60385037520107
857	7263	-1.08694528480104
857	7264	-1.82917082118998
858	7265	4.26589332624348
858	7266	0.923403655464419
859	7267	3.63961933498771
859	7268	0.656647478967353
860	7269	-1.25468542554575
860	7270	1.22572183148292
861	7271	2.71085769550673
861	7272	4.82918185699699
862	7273	0.224787071275488
862	7274	1.81224374356909
863	7275	-1.81202854402373
863	7276	-3.57262841545187
864	7277	2.91690439112993
864	7278	9.47898211109977
865	7279	0.7886887251044
865	7280	-0.0745496806492055
866	7281	-1.38445229379782
866	7282	-0.252245033490578
867	7283	1.5663565021569
867	7284	-0.836674761567459
868	7285	-1.12073000064392
868	7286	1.80902357084336
869	7287	1.90406743912781
869	7288	-1.05143032815395
870	7289	1.82641097514062
870	7290	2.16514083200064
871	7291	-2.20291943047287
871	7292	4.21388258454151
872	7293	-2.08054068105716
872	7294	4.88904431360038
873	7295	-2.47691578110093
873	7296	1.4329688396864
874	7297	2.74353665777668
874	7298	0.60092838763754
875	7299	1.8375752455745
875	7300	4.21138665440567
876	7301	3.83521986987402
876	7302	4.8132547255822
877	7303	-0.149964238580161
877	7304	-0.437039082248157
878	7305	1.85989521012147
878	7306	3.10553658740135
879	7307	1.5107887509037
879	7308	2.89595159512314
880	7309	-0.573190641596759
880	7310	2.43257166675018
881	7311	-5.07287212047845
881	7312	4.04370346461491
882	7313	1.18542901830008
882	7314	-2.19332535339708
883	7315	3.2493949386625
883	7316	-0.606444563091811
884	7317	3.6593207255416
884	7318	0.819992149531245
885	7319	1.00817925152568
885	7320	9.17159812833514
886	7321	5.71039957765365
886	7322	3.53849270184782
887	7323	3.36634222268416
887	7324	0.186856813518224
888	7325	-1.39050540487886
888	7326	5.43540959033593
889	7327	1.09797332508931
889	7328	1.26431594757622
890	7329	-0.576795785175269
890	7330	2.08450084244492
891	7331	-0.343249991806669
891	7332	3.8248748756558
892	7333	-5.47508064289559
892	7334	0.853164096479993
893	7335	0.515330702700139
893	7336	-2.48005880406675
894	7337	-1.85140969682694
894	7338	1.39962584411776
895	7339	5.47938202226636
895	7340	-0.774289358169169
896	7341	1.84974901271095
896	7342	3.65845131761088
897	7343	2.12026519003809
897	7344	3.98109804708775
898	7345	-0.88417324234513
898	7346	-1.16999811730947
899	7347	2.63720786178243
899	7348	1.70757188268145
900	7349	0.0763335174652495
900	7350	-0.00237933556360564
901	7351	-0.212903386400889
901	7352	2.22233226969077
902	7353	-1.15785866851834
902	7354	1.99245171037554
903	7355	-0.612719335051602
903	7356	5.96553012607357
904	7357	0.0716813549601971
904	7358	2.66200260731015
905	7359	-3.50259899449742
905	7360	3.10934986994053
906	7361	0.511423170115468
906	7362	0.813535380421102
907	7363	1.41591201622769
907	7364	1.49573598037614
908	7365	1.61644408217255
908	7366	3.47842848147086
909	7367	3.98080174821142
909	7368	4.17948797858984
910	7369	2.27773399267185
910	7370	-0.35146686556053
911	7371	-0.362223519751352
911	7372	1.18639136242227
912	7373	3.25500490571863
912	7374	4.41075837075061
913	7375	0.704482394670342
913	7376	-1.96010205207197
914	7377	4.02775663310402
914	7378	3.33932269556253
915	7379	0.776495606664588
915	7380	3.16529775556792
916	7381	3.82993322856688
916	7382	5.1359656498404
917	7383	1.14513840853072
917	7384	0.776792781832236
918	7385	1.78452952732468
918	7386	-1.31290338021343
919	7387	4.11259467397801
919	7388	3.52183887321487
920	7389	1.56431797513381
920	7390	6.71884472968057
921	7391	5.3593020634163
921	7392	2.43058075246578
922	7393	-4.06447083023058
922	7394	-2.86995915809526
923	7395	5.06543972753751
923	7396	1.07102737762141
924	7397	-0.0826820278737153
924	7398	1.16820358481741
925	7399	3.251440983394
925	7400	3.38615312998847
926	7401	-1.22965792975431
926	7402	-1.86487413291026
927	7403	3.47949442217627
927	7404	-0.202506661612191
928	7405	3.01970330887931
928	7406	4.08139733254593
929	7407	-1.94096684044909
929	7408	1.64374665481174
930	7409	2.30579574380631
930	7410	-1.28430065965254
931	7411	0.272530642016556
931	7412	3.34115252510557
932	7413	-0.887735240498498
932	7414	1.00831438846539
933	7415	-2.23860480508464
933	7416	-0.437067986941902
934	7417	5.28747640503787
934	7418	-1.56852244551961
935	7419	1.53025036517383
935	7420	-2.60851082258559
936	7421	0.244273133479921
936	7422	0.899318256657356
937	7423	-2.87152597059402
937	7424	-0.539296529878078
938	7425	0.258265664853379
938	7426	-0.619531333883239
939	7427	-1.62389361702691
939	7428	0.335870993086922
940	7429	-0.356960468798861
940	7430	2.73938283676898
941	7431	0.788863920217368
941	7432	0.716052603755129
942	7433	2.5043233324956
942	7434	2.10586677004237
943	7435	5.29691178292659
943	7436	4.44995922637181
944	7437	1.52824607948755
944	7438	-0.510989821158864
945	7439	-2.00321521036051
945	7440	-4.80867814046745
946	7441	-0.755523822450021
946	7442	2.41342288964279
947	7443	2.8501634308708
947	7444	4.79960403354106
948	7445	-0.774350350960185
948	7446	-0.280294303978143
949	7447	1.5838658182626
949	7448	-2.06497044202647
950	7449	1.394959530548
950	7450	-1.03453226934527
951	7451	0.946276324028936
951	7452	4.92384095544314
952	7453	-2.22535000169533
952	7454	-2.06123503141279
953	7455	3.32635330708374
953	7456	2.94203398617089
954	7457	4.01668829024056
954	7458	1.83176866346048
955	7459	3.8739428931628
955	7460	1.30409226787952
956	7461	4.03887151151549
956	7462	3.61738008410028
957	7463	0.612735337548882
957	7464	-0.0144521910628013
958	7465	2.67299770776996
958	7466	1.64172614041023
959	7467	3.31142829275482
959	7468	4.25753781673566
960	7469	0.975256950606753
960	7470	-1.78803549679405
961	7471	5.45332513468826
961	7472	6.68012314589454
962	7473	5.72187028967527
962	7474	2.81145635167309
963	7475	1.79338870396633
963	7476	-2.37768011515736
964	7477	1.86778109128031
964	7478	5.14695054382589
965	7479	-2.03978118698793
965	7480	-0.710616151126046
966	7481	-3.06122107585548
966	7482	-0.849070335939404
967	7483	-0.650611341524784
967	7484	0.516551003483799
968	7485	-5.77541949008433
968	7486	-1.65249385811364
969	7487	0.79138511107756
969	7488	1.56711655755577
970	7489	3.05696607046374
970	7490	1.08074291792015
971	7491	-2.3998486173991
971	7492	0.798124448977944
972	7493	1.58587089753518
972	7494	1.86086344198198
973	7495	1.22667448812367
973	7496	0.71685340004992
974	7497	0.995361227299728
974	7498	3.31664529899795
975	7499	4.56755362214629
975	7500	5.40604094045884
976	7501	1.02918991438186
976	7502	0.449532132353701
977	7503	2.8018410965791
977	7504	4.62714782205746
978	7505	2.21682928584022
978	7506	-0.134426833789945
979	7507	1.64178107292538
979	7508	1.81546239011444
980	7509	1.84628803820657
980	7510	-1.02450856558418
981	7511	-1.90537566264994
981	7512	2.26440350246604
982	7513	-0.025077535181095
982	7514	0.3240885016196
983	7515	0.151181975433781
983	7516	-3.57825668980529
984	7517	2.05614820147478
984	7518	2.84107205662457
985	7519	2.79474326241597
985	7520	1.95103255029365
986	7521	-4.54819703916198
986	7522	0.13291597905511
987	7523	-1.07621591027565
987	7524	4.85515294058853
988	7525	1.32628041248055
988	7526	-1.13034304750166
989	7527	-3.65924414547451
989	7528	0.198152505937705
990	7529	-1.99089575885355
990	7530	0.293067695775175
991	7531	3.33310879187763
991	7532	-0.509856083609427
992	7533	2.22209263606293
992	7534	0.792777275751335
993	7535	2.33634155466051
993	7536	-0.183152291871002
994	7537	1.84311261262414
994	7538	1.78277337897243
995	7539	-1.0852273187841
995	7540	2.33520953195209
996	7541	2.30572870680619
996	7542	1.49535069745955
997	7543	3.06968938033631
997	7544	3.29999119318803
998	7545	-3.16355871794938
998	7546	3.55192009026801
999	7547	1.66700802001898
999	7548	-2.41831368924462
1000	7549	0.659497089028449
1000	7550	-3.04157260302944
1001	7551	2.3559520438012
1001	7552	0.191426597743575
1002	7553	0.370013018209138
1002	7554	3.34184255182289
1003	7555	3.85253011722799
1003	7556	2.27075881278265
1004	7557	-2.45522526675254
1004	7558	3.29259467965211
1005	7559	2.2675114528279
1005	7560	-1.00621501057392
1006	7561	1.77976022420679
1006	7562	0.837485491988896
1007	7563	-1.12574984528607
1007	7564	0.41823331359221
1008	7565	0.539954377905601
1008	7566	1.20793235523138
1009	7567	2.58753762139633
1009	7568	0.00800245811748179
1010	7569	0.433306122627084
1010	7570	5.0829895811065
1011	7571	0.746123973613834
1011	7572	1.77129057391817
1012	7573	3.19129111862758
1012	7574	5.16928230980991
1013	7575	-1.98607959811296
1013	7576	0.127635978694831
1014	7577	-2.14773641164194
1014	7578	-2.44839035315045
1015	7579	2.15099375144072
1015	7580	1.09228357394871
1016	7581	0.428903187876347
1016	7582	5.2624305727613
1017	7583	-0.392266809611805
1017	7584	4.54074507773527
1018	7585	-0.31807137526323
1018	7586	0.818335521039342
1019	7587	-1.12131518780352
1019	7588	-3.50198085727763
1020	7589	-0.361128059431759
1020	7590	4.56352555826225
1021	7591	4.9261200190399
1021	7592	0.761499222251671
1022	7593	0.121101565353235
1022	7594	-1.81536888296341
1023	7595	1.9449664629797
1023	7596	0.76769891654217
1024	7597	-1.46957963564944
1024	7598	1.13140286160575
1025	7599	3.13306148531718
1025	7600	3.27064696065862
1026	7601	3.26760949018262
1026	7602	2.22796523229703
1027	7603	0.131496247901308
1027	7604	1.04308439414755
1028	7605	3.17880068257561
1028	7606	-0.822291230817766
1029	7607	0.444371227275526
1029	7608	3.44475963748635
1030	7609	0.634346441118977
1030	7610	1.69738945195392
1031	7611	5.82456617458791
1031	7612	3.99157867535321
1032	7613	0.140422149172471
1032	7614	-0.359497681241572
1033	7615	-1.11586651518164
1033	7616	3.62356995967443
1034	7617	1.26223849506904
1034	7618	0.41311208708163
1035	7619	-0.0641909525590814
1035	7620	1.50626151435245
1036	7621	2.4343386776217
1036	7622	2.2952562610562
1037	7623	-0.419598214264436
1037	7624	1.4424414863343
1038	7625	-1.83669917362158
1038	7626	-3.59787104737428
1039	7627	2.99756190570458
1039	7628	1.31238734585431
1040	7629	-3.12197319531562
1040	7630	2.05690670464659
1041	7631	2.479437860398
1041	7632	3.04227837321513
1042	7633	0.633895731665232
1042	7634	4.13490905736287
1043	7635	1.9468757929978
1043	7636	0.0473165684640882
1044	7637	0.376389299607057
1044	7638	-1.1729844726792
1045	7639	-1.17877781759665
1045	7640	1.62380573396177
1046	7641	-0.0673119348759796
1046	7642	-3.38163357408115
1047	7643	3.3096507542895
1047	7644	0.916773561752732
1048	7645	-3.54923712014005
1048	7646	0.216160059722876
1049	7647	2.04727865583117
1049	7648	-3.48181379894492
1050	7649	-0.651381952940014
1050	7650	1.7418674830447
1051	7651	1.97053202760805
1051	7652	1.76102463377896
1052	7653	-1.43181849182546
1052	7654	2.12730016569493
1053	7655	0.952726043549808
1053	7656	1.85556744647204
1054	7657	1.64748845047738
1054	7658	0.92339632769245
1055	7659	-1.00669368166309
1055	7660	3.29368506993154
1056	7661	-0.997594613327469
1056	7662	-2.21786485216538
1057	7663	2.17029914644128
1057	7664	3.05733165098109
1058	7665	1.40801419362804
1058	7666	1.81886444352752
1059	7667	3.11350371359418
1059	7668	-0.275008986280663
1060	7669	-0.147215942227653
1060	7670	0.373352551220515
1061	7671	6.00947718882632
1061	7672	7.50268135878894
1062	7673	1.64854826790641
1062	7674	1.96486612203953
1063	7675	-0.402529549424918
1063	7676	3.10630993776022
1064	7677	0.902545132237971
1064	7678	-0.589691867500892
1065	7679	1.38282453167492
1065	7680	0.750505056214465
1066	7681	2.21332199548301
1066	7682	4.0638164769191
1067	7683	2.18589038564611
1067	7684	1.63794913167154
1068	7685	0.10090739007259
1068	7686	4.12207382238353
1069	7687	3.06616239359807
1069	7688	1.95445730613942
1070	7689	3.61225567658089
1070	7690	6.08399496619963
1071	7691	-0.414578798976387
1071	7692	-1.08919770551168
1072	7693	4.23538647497394
1072	7694	-0.551750205954678
1073	7695	-1.38429696347416
1073	7696	0.279007841167716
1074	7697	-2.06162347109164
1074	7698	-0.458612077591469
1075	7699	1.13802022544083
1075	7700	0.717757589822914
1076	7701	-0.523862714031114
1076	7702	0.0120598833174761
1077	7703	5.80237592829357
1077	7704	0.073846175115288
1078	7705	1.22625486048184
1078	7706	0.0705552734154002
1079	7707	-2.3379533999343
1079	7708	1.3709429990561
1080	7709	0.623840261253326
1080	7710	-1.9127549645523
1081	7711	-0.486532363076728
1081	7712	4.82955897974192
1082	7713	-3.14027282912774
1082	7714	2.54432151565885
1083	7715	0.481172120053474
1083	7716	2.20857043895832
1084	7717	2.52827885120394
1084	7718	6.94303077982601
1085	7719	-3.62952736998348
1085	7720	-2.72593934290248
1086	7721	1.91744440069784
1086	7722	1.75635880578222
1087	7723	3.47330101585955
1087	7724	-0.805333580940274
1088	7725	3.27702772888874
1088	7726	5.74269712120441
1089	7727	-0.793911464382763
1089	7728	-2.12959637954829
1090	7729	4.11822310300571
1090	7730	-2.12731828344904
1091	7731	-3.73978194928011
1091	7732	0.108687962506995
1092	7733	-0.746026879901861
1092	7734	3.13826799252965
1093	7735	0.723112564977242
1093	7736	0.833737350625677
1094	7737	-0.680283756246564
1094	7738	2.34523214033797
1095	7739	2.26676248370402
1095	7740	0.824500923027804
1096	7741	-1.35156174576011
1096	7742	-1.22028548623867
1097	7743	-0.747851825499854
1097	7744	0.124370626322635
1098	7745	2.26757314332796
1098	7746	-1.88359049115022
1099	7747	-0.0325487132372245
1099	7748	-0.135287417932652
1100	7749	3.04351789898869
1100	7750	0.905653131692071
1101	7751	1.05358595747415
1101	7752	-0.826351790821274
1102	7753	0.821337285234264
1102	7754	-1.2207343701231
1103	7755	3.59928057446829
1103	7756	-1.86623273362772
1104	7757	0.551327795494292
1104	7758	2.11414238097005
1105	7759	0.0550078514117101
1105	7760	4.44246751755739
1106	7761	-0.187927493486549
1106	7762	0.849528481422613
1107	7763	4.52036911200632
1107	7764	2.52089308696856
1108	7765	-0.627261030695527
1108	7766	-0.843981249054273
1109	7767	0.55324503094342
1109	7768	2.24322955978939
1110	7769	3.36051075883119
1110	7770	-0.74972288331964
1111	7771	3.07424976503767
1111	7772	4.78040301064575
1112	7773	2.49871284223495
1112	7774	1.26330162299639
1113	7775	-0.642126636057007
1113	7776	0.467100018582991
1114	7777	2.49968233394556
1114	7778	5.34518932959817
1115	7779	-2.049454854033
1115	7780	-0.353589183483631
1116	7781	-1.8250982507925
1116	7782	-0.78621195897825
1117	7783	5.72959580786925
1117	7784	-0.35227685008138
1118	7785	-2.78978589859232
1118	7786	1.42644749561611
1119	7787	3.67529273986066
1119	7788	3.26170745729202
1120	7789	-3.79249201729119
1120	7790	-0.481281532635477
1121	7791	-1.85815044885881
1121	7792	-3.92708831733973
1122	7793	0.805512631067051
1122	7794	1.40192686289089
1123	7795	0.59496125519272
1123	7796	1.01396180889871
1124	7797	-1.63831455949612
1124	7798	1.78875702728634
1125	7799	1.51791565613215
1125	7800	-0.798247824131189
1126	7801	-1.26392384159824
1126	7802	1.48515600630462
1127	7803	0.821434747698993
1127	7804	2.34190598107298
1128	7805	0.678880512864334
1128	7806	0.306360990343318
1129	7807	3.27927820527693
1129	7808	-1.43675171434986
1130	7809	2.76084360109458
1130	7810	1.52496861850523
1131	7811	1.86134371055291
1131	7812	4.08789915977092
1132	7813	3.39551260963317
1132	7814	0.609824724010465
1133	7815	0.775661938626979
1133	7816	6.35825441442841
1134	7817	-3.32205498952163
1134	7818	2.7033417192525
1135	7819	1.0763213918713
1135	7820	0.186679244813763
1136	7821	1.13134371890755
1136	7822	-3.97077217004144
1137	7823	4.68272924265173
1137	7824	1.70785170717067
1138	7825	0.91504561239069
1138	7826	4.82594314098717
1139	7827	4.57318180319717
1139	7828	1.25538030128949
1140	7829	2.25538902889743
1140	7830	-2.50485663337814
1141	7831	-0.967403381195999
1141	7832	-0.682554541211609
1142	7833	-0.0982211788740048
1142	7834	3.37209411253805
1143	7835	-1.38675781428718
1143	7836	-0.601403449843567
1144	7837	-2.26110491651073
1144	7838	4.71804032520705
1145	7839	0.886651327333464
1145	7840	0.0495897662764838
1146	7841	-2.79393278309646
1146	7842	-3.67505683057753
1147	7843	-0.999129846999776
1147	7844	1.72524259594595
1148	7845	-0.775403959044177
1148	7846	1.92482201316747
1149	7847	0.525436884166985
1149	7848	0.873798777242561
1150	7849	4.99174052127904
1150	7850	2.05216011124744
1151	7851	-0.886990105741036
1151	7852	0.321535724718474
1152	7853	1.51302571151692
1152	7854	-0.432995840664061
1153	7855	-1.18473706266261
1153	7856	-0.829204030025773
1154	7857	0.891118479771495
1154	7858	1.81910275795574
1155	7859	0.545573715853947
1155	7860	1.26460828863268
1156	7861	7.51701248476717
1156	7862	7.06043741006201
1157	7863	1.67151539593641
1157	7864	0.843599642606689
1158	7865	2.2238693861581
1158	7866	-0.336764051294877
1159	7867	-0.198088151712468
1159	7868	-2.11347524279687
1160	7869	-0.450988640453912
1160	7870	5.56713504657575
1161	7871	2.3990907130338
1161	7872	2.82234181080935
1162	7873	-2.8316714418849
1162	7874	0.843534188483655
1163	7875	1.74663739142337
1163	7876	2.49916709738992
1164	7877	-3.11168761076622
1164	7878	0.886463040542937
1165	7879	0.947670786129256
1165	7880	6.70751933964965
1166	7881	0.187681384197033
1166	7882	2.38806871236014
1167	7883	2.68673650189885
1167	7884	4.5127593724902
1168	7885	-2.79091493430019
1168	7886	-1.2067854154913
1169	7887	0.309512171771064
1169	7888	-2.84550840726261
1170	7889	-0.826564051563795
1170	7890	3.75627419947946
1171	7891	2.75339229035204
1171	7892	0.841657495663131
1172	7893	-1.18759672790036
1172	7894	-2.77049428117971
1173	7895	2.47661244066151
1173	7896	-1.55779965110887
1174	7897	0.0251509082511678
1174	7898	4.30761526433419
1175	7899	0.689902146037867
1175	7900	4.67791202544194
1176	7901	-2.06902716691717
1176	7902	-0.534180651897578
1177	7903	0.696800466782623
1177	7904	3.21299449168326
1178	7905	-0.67601812825287
1178	7906	-2.72868837814516
1179	7907	-0.149616540480192
1179	7908	1.99133949859593
1180	7909	-0.56874388885261
1180	7910	-2.90986896769083
1181	7911	-2.90313519279464
1181	7912	4.39893060125919
1182	7913	0.884981531130526
1182	7914	-0.996412957337831
1183	7915	0.544731396202624
1183	7916	2.88371963590005
1184	7917	-2.39399933478524
1184	7918	4.79168767223692
1185	7919	-2.27722823098211
1185	7920	0.757726628045808
1186	7921	0.297213312384182
1186	7922	1.68482465717842
1187	7923	1.46461003380829
1187	7924	5.25274450977504
1188	7925	2.23403375372459
1188	7926	2.37146237122238
1189	7927	-2.1773045397574
1189	7928	-0.0315308091745913
1190	7929	-0.349454507192899
1190	7930	0.726566383156558
1191	7931	-0.132377027730113
1191	7932	5.7224059826942
1192	7933	-1.3681457305516
1192	7934	-0.628813551041073
1193	7935	1.92959235273772
1193	7936	5.49517582958239
1194	7937	2.00894504129408
1194	7938	3.33611219484974
1195	7939	1.99944804850344
1195	7940	2.3862778320093
1196	7941	2.37517158210415
1196	7942	-0.942805022625629
1197	7943	1.54298346601266
1197	7944	1.45203567065658
1198	7945	-1.80854251606288
1198	7946	2.98282777876088
1199	7947	1.11417765972223
1199	7948	-1.47082960843605
1200	7949	0.654533852488796
1200	7950	2.26886829887035
1201	7951	1.59917537169436
1201	7952	-2.22817258710201
1202	7953	2.04880182563641
1202	7954	0.227605320421801
1203	7955	0.0742335499845778
1203	7956	-2.28167041937227
1204	7957	1.79636862706091
1204	7958	3.47041003286721
1205	7959	-0.317096245478553
1205	7960	-0.0756463069959883
1206	7961	0.780133755692707
1206	7962	-0.83263865407431
1207	7963	0.795817155245545
1207	7964	0.613418309156219
1208	7965	1.2685650234775
1208	7966	0.765403596660104
1209	7967	6.7493167380648
1209	7968	6.43975031608233
1210	7969	-0.462758522410351
1210	7970	5.90669069258572
1211	7971	0.486990129096345
1211	7972	2.2298544845538
1212	7973	-0.977277934908615
1212	7974	3.95803443736157
1213	7975	-2.21178086610028
1213	7976	-1.36461724118605
1214	7977	-3.06236876645694
1214	7978	-2.99265567044141
1215	7979	3.61529891874642
1215	7980	3.12351004066359
1216	7981	-0.123643064758261
1216	7982	2.99304671458296
1217	7983	2.99922449241202
1217	7984	0.0259819687522778
1218	7985	-0.258963808918484
1218	7986	3.48718451163265
1219	7987	-2.97439564473956
1219	7988	-1.26023198913158
1220	7989	0.582913012710611
1220	7990	1.91318156228825
1221	7991	-0.95312877843781
1221	7992	-2.75066843856406
1222	7993	1.17638857888344
1222	7994	1.58163351237773
1223	7995	-2.11730245568539
1223	7996	-0.509577706139442
1224	7997	-3.87259180218109
1224	7998	-2.59252812489027
1225	7999	-0.696643496499542
1225	8000	-2.84437995542812
1226	8001	-1.22805372472764
1226	8002	-0.0616239928784574
1227	8003	2.38286090030514
1227	8004	3.45758097730285
1228	8005	-3.42610525781489
1228	8006	-4.32584439448648
1229	8007	2.45128043385198
1229	8008	1.92583466396567
1230	8009	3.36049062960971
1230	8010	-1.72983059065486
1231	8011	1.98767854916672
1231	8012	-1.52833080802048
1232	8013	2.8921165768303
1232	8014	0.132644131565093
1233	8015	-0.100530366905438
1233	8016	2.45444124992847
1234	8017	3.054418993798
1234	8018	-2.31175782865408
1235	8019	0.300804319662106
1235	8020	-1.3859527452379
1236	8021	4.10707570038243
1236	8022	0.552132709276883
1237	8023	2.59861368474932
1237	8024	4.79403516467084
1238	8025	-0.90383956625484
1238	8026	4.95324932046901
1239	8027	1.05090021145369
1239	8028	4.1297056865188
1240	8029	2.02431441134536
1240	8030	1.29896243921329
1241	8031	-0.591615118432158
1241	8032	2.59504903667457
1242	8033	0.411916199863453
1242	8034	1.83131092927007
1243	8035	1.75379218859735
1243	8036	-1.14715302250925
1244	8037	-1.4285014432972
1244	8038	-2.36538200998491
1245	8039	2.48544847646145
1245	8040	-0.143101859592254
1246	8041	-0.909445059500441
1246	8042	-0.714448687776617
1247	8043	2.55758853709544
1247	8044	-2.93809820476328
1248	8045	-0.330356313072872
1248	8046	-0.928455303339451
1249	8047	-3.33438671673293
1249	8048	-1.95464192811732
1250	8049	3.09129697581837
1250	8050	4.37476011386747
1251	8051	0.864714585662152
1251	8052	1.18531206704448
1252	8053	5.68955297703266
1252	8054	2.99537572834615
1253	8055	0.170850836775109
1253	8056	-2.29404856827409
1254	8057	4.10177614362152
1254	8058	2.94574504599871
1255	8059	0.0344890800298312
1255	8060	-0.500697272036875
1256	8061	0.257352186670759
1256	8062	-0.346650612420545
1257	8063	0.226044899597357
1257	8064	-0.0941757832374239
1258	8065	-3.03638127742085
1258	8066	-3.43141589746533
1259	8067	4.21943855655143
1259	8068	3.32834369003894
1260	8069	-1.32072608252528
1260	8070	2.08145504475628
1261	8071	0.451706226157077
1261	8072	1.12063399602929
1262	8073	-0.508486348395339
1262	8074	1.17255461446726
1263	8075	1.76273837920171
1263	8076	2.74747370273401
1264	8077	5.38775210613398
1264	8078	2.21122256658803
1265	8079	1.57832602050345
1265	8080	-1.2073294715324
1266	8081	-1.09301643458775
1266	8082	-4.20438835069126
1267	8083	0.562077253207742
1267	8084	-3.27992091401029
1268	8085	3.00405260387086
1268	8086	-0.0989529430131303
1269	8087	0.551492372602332
1269	8088	2.00726193388912
1270	8089	6.38186043841985
1270	8090	-1.06864658145694
1271	8091	0.899145299491012
1271	8092	1.5377722390913
1272	8093	-0.799620184761861
1272	8094	0.839717140297538
1273	8095	-0.250236321059909
1273	8096	-3.84402998661806
1274	8097	2.76164159281699
1274	8098	0.637430074218455
1275	8099	3.28219766278764
1275	8100	3.34676262542327
1276	8101	2.00437944016048
1276	8102	-1.3581904372206
1277	8103	0.867987327370548
1277	8104	5.51076025776326
1278	8105	2.93146330562554
1278	8106	3.02676536381917
1279	8107	0.130875244225807
1279	8108	0.0655101482416782
1280	8109	-1.04898533654345
1280	8110	2.19713339311441
1281	8111	0.902968264202613
1281	8112	3.83871606195642
1282	8113	1.66181309359012
1282	8114	-3.64479429745248
1283	8115	2.51665398368223
1283	8116	-1.24287046766332
1284	8117	3.51824650626017
1284	8118	3.57241660115556
1285	8119	0.730559517456078
1285	8120	-0.3822461390329
1286	8121	1.79295045299853
1286	8122	-0.0506140477532321
1287	8123	-1.36330191970289
1287	8124	-0.855935055737034
1288	8125	-0.992111587405632
1288	8126	-0.107823854220647
1289	8127	2.55230497593395
1289	8128	0.7801775653925
1290	8129	0.972701113817069
1290	8130	1.89844929205192
1291	8131	5.92758937907639
1291	8132	2.61174282481133
1292	8133	-0.921605065161013
1292	8134	2.82503786298288
1293	8135	-1.88412357378287
1293	8136	1.47529311128081
1294	8137	0.110403468683486
1294	8138	-0.531482305051086
1295	8139	2.91052201323949
1295	8140	2.00686463988688
1296	8141	1.29093437145419
1296	8142	-0.709714036557913
1297	8143	3.65602164890679
1297	8144	1.7269270544838
1298	8145	2.0417570796398
1298	8146	4.98059286204363
1299	8147	-1.79891661420665
1299	8148	0.731887644610832
1300	8149	0.590543465420171
1300	8150	2.100277986265
1301	8151	-4.51354901579103
1301	8152	3.0502663700128
1302	8153	0.235333930604895
1302	8154	-0.0346609323267537
1303	8155	2.11453361921622
1303	8156	4.02518290439394
1304	8157	-0.829811022658297
1304	8158	0.206724418953396
1305	8159	0.263426884274083
1305	8160	3.08223394774229
1306	8161	-0.517290817021925
1306	8162	2.24845324258151
1307	8163	0.822047109126424
1307	8164	0.519540034544595
1308	8165	3.03498668751115
1308	8166	2.92553380664726
1309	8167	0.222342002670956
1309	8168	4.75894189271665
1310	8169	2.5940844526229
1310	8170	6.0688258851215
1311	8171	0.368375819701998
1311	8172	5.52329887813933
1312	8173	-1.45547566462002
1312	8174	2.61896250611679
1313	8175	-3.19016630755311
1313	8176	1.17438924212704
1314	8177	2.78655806784466
1314	8178	-1.19831092315256
1315	8179	1.14612191440163
1315	8180	-0.355735099601471
1316	8181	-0.272925650460855
1316	8182	-1.26669307987358
1317	8183	0.707337971503935
1317	8184	2.17484151323301
1318	8185	2.05042145013184
1318	8186	4.71263545360511
1319	8187	4.01805920846784
1319	8188	4.37395661395941
1320	8189	2.28947096360169
1320	8190	4.03733434870895
1321	8191	1.10694387468041
1321	8192	2.39804932876546
1322	8193	3.2282785020311
1322	8194	5.09618409985899
1323	8195	4.30162802305002
1323	8196	-2.53272880589703
1324	8197	-1.00717001546526
1324	8198	-1.45054647110906
1325	8199	1.54338790440083
1325	8200	2.49721700153979
1326	8201	3.09045429266382
1326	8202	0.368241229120075
1327	8203	7.71506035551712
1327	8204	3.03579272249034
1328	8205	2.4498990021369
1328	8206	6.75128877518412
1329	8207	1.26664527009243
1329	8208	-0.532711891088908
1330	8209	-1.59573356345547
1330	8210	0.656792357434942
1331	8211	0.104715312027677
1331	8212	3.21572594966823
1332	8213	-0.904121608383729
1332	8214	2.45264398144868
1333	8215	1.63783726341481
1333	8216	-4.45072947373474
1334	8217	2.86141949695903
1334	8218	-0.867592628952883
1335	8219	-0.190100031106258
1335	8220	-0.422977801865368
1336	8221	-2.49451808316412
1336	8222	1.3745275826425
1337	8223	0.307623570668858
1337	8224	5.08996168831191
1338	8225	1.33898373443116
1338	8226	1.32841265997565
1339	8227	2.57593051823137
1339	8228	4.05267613915123
1340	8229	0.68945241556174
1340	8230	0.0874619374676839
1341	8231	1.16543900248135
1341	8232	0.957675933015076
1342	8233	2.40528629170038
1342	8234	-0.132970557888668
1343	8235	1.88305764697071
1343	8236	-0.213176555324115
1344	8237	1.37733354383893
1344	8238	-2.57152273338294
1345	8239	3.38857490001481
1345	8240	-0.710618312205799
1346	8241	3.11109704513445
1346	8242	2.56712529876552
1347	8243	-1.26056101104263
1347	8244	0.392859474766815
1348	8245	2.21416085027239
1348	8246	4.18486839484091
1349	8247	1.21274357694011
1349	8248	-0.653129994542164
1350	8249	3.18232448449656
1350	8250	5.5625485441194
1351	8251	-3.49523501073161
1351	8252	-3.11848911623905
1352	8253	2.00441837831352
1352	8254	4.30365946134948
1353	8255	-2.44220344272133
1353	8256	0.597556428158581
1354	8257	3.03116094271997
1354	8258	1.59894172436701
1355	8259	2.66490571354383
1355	8260	-0.403838037999487
1356	8261	3.1117574913731
1356	8262	4.71723603660076
1357	8263	-2.17234048504011
1357	8264	2.99435362390761
1358	8265	-1.95625578359779
1358	8266	1.9922039751258
1359	8267	1.70065920850305
1359	8268	0.941718199643533
1360	8269	0.425170811436781
1360	8270	-1.61161962010767
1361	8271	-0.207365189907929
1361	8272	1.13083974934439
1362	8273	-1.88401316326551
1362	8274	-0.270552631692384
1363	8275	-1.50234925415235
1363	8276	0.40947029642115
1364	8277	-1.07832247913981
1364	8278	-3.20312526163005
1365	8279	0.509373417673285
1365	8280	2.87142567094134
1366	8281	1.30217141407156
1366	8282	-4.27536003144757
1367	8283	-1.75887843574505
1367	8284	3.80154595045079
1368	8285	5.63569345266855
1368	8286	1.27838169197544
1369	8287	2.9309177975097
1369	8288	3.12594155171772
1370	8289	3.8480809605942
1370	8290	4.9426303759377
1371	8291	3.74492914093181
1371	8292	3.69378407611363
1372	8293	1.65127758947108
1372	8294	0.449653851027164
1373	8295	-3.64045034810436
1373	8296	1.10326423446585
1374	8297	2.50932767359294
1374	8298	-0.487538406372266
1375	8299	2.43647660628278
1375	8300	1.0138164972549
1376	8301	-1.07868914805636
1376	8302	-1.72821893800088
1377	8303	1.4386717702291
1377	8304	1.29897092112895
1378	8305	4.60243818946314
1378	8306	-0.0166916089839987
1379	8307	4.65401371271088
1379	8308	0.0576665204666753
1380	8309	4.64880277537347
1380	8310	3.53741678180262
1381	8311	1.13186219642344
1381	8312	-3.38035869141942
1382	8313	3.95761249042159
1382	8314	-1.1503099785375
1383	8315	-1.10698409376256
1383	8316	0.604101128985097
1384	8317	4.81608457540217
1384	8318	-0.114836432952106
1385	8319	3.14251468178257
1385	8320	1.05277292004
1386	8321	3.11195847938303
1386	8322	-1.14548784029894
1387	8323	-0.665946637511972
1387	8324	0.913499038251626
1388	8325	2.70331304143901
1388	8326	4.44429357413534
1389	8327	1.19447273225999
1389	8328	1.45186645466884
1390	8329	-1.42772560105742
1390	8330	0.251254267017562
1391	8331	0.798470672442398
1391	8332	-0.123688351029609
1392	8333	2.99306145639681
1392	8334	-0.123736531160418
1393	8335	-1.42449061071999
1393	8336	-0.2436564110313
1394	8337	1.92058347695987
1394	8338	0.319683508139153
1395	8339	1.87012996218502
1395	8340	3.18495455621515
1396	8341	-1.85293508413475
1396	8342	-1.09651476180745
1397	8343	3.02928992542176
1397	8344	1.96295191480043
1398	8345	2.79345717553258
1398	8346	-3.27101894062053
1399	8347	1.00543394606835
1399	8348	2.40315332693604
1400	8349	-2.06686744237079
1400	8350	-2.43979493995855
1401	8351	-1.67349965434201
1401	8352	0.10350350679199
1402	8353	4.21281770069502
1402	8354	-0.499170894569013
1403	8355	-0.0788729131680039
1403	8356	2.83428434628041
1404	8357	1.5680335530327
1404	8358	0.0426335977507359
1405	8359	1.823941766784
1405	8360	0.850773835852581
1406	8361	3.58720888731164
1406	8362	0.598930699816442
1407	8363	-0.406362611595378
1407	8364	-0.513487470419919
1408	8365	2.19327527909756
1408	8366	-0.720410484678136
1409	8367	-1.66033650130644
1409	8368	0.571030961157995
1410	8369	1.49068828049704
1410	8370	2.65888593054825
1411	8371	2.4375683839742
1411	8372	4.14844158362284
1412	8373	3.1423747864804
1412	8374	6.40370757925958
1413	8375	-0.692697581518845
1413	8376	0.745255397151358
1414	8377	5.71720768014707
1414	8378	-1.75768016196762
1415	8379	-0.221900001719009
1415	8380	-0.179373226673369
1416	8381	1.36358499133136
1416	8382	5.03961751776512
1417	8383	1.59096578800303
1417	8384	-1.98081345871505
1418	8385	0.0434401000964537
1418	8386	-0.0197536945599133
1419	8387	2.49059580020773
1419	8388	3.07002320075262
1420	8389	1.43917260364991
1420	8390	3.6088706148594
1421	8391	3.76454370644582
1421	8392	0.203159982715146
1422	8393	-0.960239380029726
1422	8394	5.47628042246232
1423	8395	-0.382816504795676
1423	8396	1.83689968093391
1424	8397	-1.88832207756995
1424	8398	0.598888498573561
1425	8399	7.71287138593849
1425	8400	0.295272546793473
1426	8401	2.66180792797833
1426	8402	0.312895308498531
1427	8403	2.30969591975856
1427	8404	1.48291656992433
1428	8405	0.278501594294094
1428	8406	0.504971796402506
1429	8407	6.36223290031741
1429	8408	3.16889999234302
1430	8409	2.34801410578263
1430	8410	-0.372705432471017
1431	8411	1.83508067922331
1431	8412	2.38282473270952
1432	8413	-1.37624288485489
1432	8414	0.594389549288499
1433	8415	-0.301053610619551
1433	8416	1.14191090309253
1434	8417	1.45099326018129
1434	8418	-0.762049658132975
1435	8419	1.01988582329527
1435	8420	5.86261584472371
1436	8421	-0.932161255177563
1436	8422	-1.22345525405847
1437	8423	-2.50046998499135
1437	8424	1.39759842157519
1438	8425	0.441129929281376
1438	8426	5.18796107030175
1439	8427	-0.536233404929828
1439	8428	-0.26972194826756
1440	8429	0.524338630553597
1440	8430	1.50876609585179
1441	8431	-2.15277442579863
1441	8432	-0.45803046806449
1442	8433	-2.6257667964721
1442	8434	-1.71172272244585
1443	8435	-0.599673814841001
1443	8436	0.470015155786186
1444	8437	0.192829178195077
1444	8438	0.854192649948448
1445	8439	0.527204236792253
1445	8440	0.115840369135667
1446	8441	-0.638648532741225
1446	8442	1.18443483063135
1447	8443	4.1139760095411
1447	8444	-0.604030576369666
1448	8445	-4.76649460190889
1448	8446	4.79885321453457
1449	8447	-0.667548724641951
1449	8448	-0.306240309845176
1450	8449	-0.288752025180342
1450	8450	0.318231145354396
1451	8451	3.62083678345581
1451	8452	1.20470277178932
1452	8453	-0.282149630967761
1452	8454	4.08702326629025
1453	8455	-0.0323053041516864
1453	8456	2.46733992793038
1454	8457	0.694363144958622
1454	8458	-0.880576237894776
1455	8459	-1.02454712232018
1455	8460	3.95163603074375
1456	8461	-3.20415988322827
1456	8462	3.61903961903103
1457	8463	-0.921765070961952
1457	8464	0.225416456297018
1458	8465	3.55859799442215
1458	8466	2.915746487489
1459	8467	-0.576231762526467
1459	8468	2.75666458652296
1460	8469	1.76077410463985
1460	8470	-0.643638584405462
1461	8471	-1.15789095085552
1461	8472	-1.39299137440385
1462	8473	1.47444310344704
1462	8474	-0.216760321188263
1463	8475	-2.25298269809607
1463	8476	-2.92325518831611
1464	8477	-0.914035209314423
1464	8478	2.82877080691882
1465	8479	2.16084792330074
1465	8480	2.65302397685319
1466	8481	0.289326113488998
1466	8482	2.21054088338455
1467	8483	-1.70727224348466
1467	8484	0.0188344657881095
1468	8485	0.697814997911593
1468	8486	1.92539969623686
1469	8487	2.53961086308977
1469	8488	0.657425903726898
1470	8489	-3.01810174742609
1470	8490	0.632932286878268
1471	8491	1.49497717451759
1471	8492	2.91668347565582
1472	8493	-0.058143429100313
1472	8494	-0.330972524030889
1473	8495	1.73836472118501
1473	8496	0.80366060411122
1474	8497	-2.78387295811626
1474	8498	-5.25958421971297
1475	8499	2.15732444772598
1475	8500	-3.67200436763186
